user_id,item_id,gender,age_group,category,device,hour,price,user_click_count,item_ctr,label
103,442,F,30s,food,tablet,16,307.88,7,0.16045252945620486,0
436,279,M,30s,electronics,mobile,11,248.56,6,0.5788257519888586,0
861,251,M,50s,food,mobile,12,417.74,5,0.20963719630113523,1
271,310,F,40s,fashion,tablet,16,389.2,4,0.12186026280715942,0
107,208,M,30s,electronics,tablet,19,367.97,10,0.06127712905203245,0
72,321,M,40s,sports,pc,14,447.49,6,0.15652703544985314,0
701,140,M,20s,electronics,pc,8,464.73,6,0.2639828935256058,0
21,280,M,30s,electronics,tablet,9,225.42,7,0.19856263533956822,0
615,34,F,20s,food,pc,5,145.0,5,0.10890929115953661,0
122,309,F,50s,electronics,pc,16,258.33,10,0.2600627654900911,0
467,392,M,10s,electronics,mobile,11,51.07,5,0.20057975610056977,1
215,18,F,50s,fashion,pc,23,469.39,6,0.20909857258113512,0
331,57,M,50s,food,pc,8,492.01,2,0.19999784880724888,0
459,112,M,50s,fashion,mobile,1,328.09,7,0.06156015312485715,1
88,5,F,30s,food,tablet,15,374.35,5,0.2240734599949051,0
373,410,F,20s,sports,pc,15,165.22,6,0.24704665501255074,0
100,414,M,30s,electronics,pc,21,433.8,3,0.1923344883414309,0
872,182,M,10s,food,tablet,22,450.65,5,0.15671566937954087,0
664,13,M,50s,electronics,pc,0,43.07,5,0.1945535127269868,0
131,339,M,40s,electronics,tablet,20,70.06,12,0.4124991206919206,1
662,285,F,10s,book,mobile,10,134.12,8,0.04620040346446757,0
309,259,F,20s,fashion,tablet,20,353.32,5,0.20989581450319972,0
770,90,M,10s,food,tablet,2,95.77,1,0.1689398526422582,1
344,104,M,30s,sports,tablet,1,113.94,4,0.07932489431470943,0
492,379,F,40s,book,mobile,13,194.02,6,0.1158417441148359,0
414,186,M,30s,fashion,tablet,0,307.76,5,0.1448743113605627,0
806,250,F,50s,sports,tablet,5,488.27,7,0.16436542188818523,0
386,255,M,50s,sports,mobile,6,393.03,2,0.10246132529570033,0
192,76,F,10s,electronics,pc,1,281.36,8,0.29266583732475854,0
956,386,M,50s,fashion,pc,1,29.45,6,0.14483866980056515,0
277,459,M,50s,book,tablet,14,260.84,3,0.0916237521236955,0
161,108,M,20s,food,mobile,20,106.02,3,0.08839150583001903,0
460,156,F,20s,food,mobile,4,153.53,5,0.10952468955908001,0
314,82,F,30s,book,tablet,12,129.18,4,0.19075077645556257,0
22,77,M,30s,electronics,tablet,18,176.99,5,0.31582220588670795,0
253,485,M,20s,electronics,pc,18,35.82,3,0.1430661986270743,1
748,470,M,10s,sports,pc,14,290.53,5,0.5234884634521699,1
857,460,M,20s,fashion,tablet,0,27.65,3,0.059109781793858625,0
561,258,F,30s,sports,mobile,2,331.99,6,0.25326138199343134,0
475,127,F,40s,food,tablet,17,366.75,4,0.029430054624045993,0
59,485,F,50s,book,mobile,16,245.6,2,0.3839371847598049,0
511,391,M,40s,fashion,pc,20,391.72,4,0.11553152825843037,0
682,282,M,40s,book,tablet,7,483.86,7,0.25284117553508584,1
476,474,F,50s,fashion,mobile,10,173.33,9,0.25092467641685684,0
700,88,M,20s,food,pc,19,311.36,7,0.05754831471804759,0
976,204,F,10s,food,tablet,7,165.25,9,0.20016560845912668,0
783,16,F,40s,fashion,tablet,20,224.48,2,0.16131308831535343,1
190,151,F,10s,electronics,pc,5,15.31,8,0.14767484712068926,1
958,424,F,30s,fashion,tablet,5,41.8,5,0.043830917159997866,0
687,254,M,40s,food,pc,5,399.78,7,0.04981354448675656,0
958,188,F,30s,book,mobile,1,74.25,3,0.18800701608760428,1
563,329,M,20s,sports,tablet,9,351.08,3,0.032413999232372794,0
876,32,F,40s,book,pc,9,355.89,11,0.05540476383680725,0
567,271,F,30s,food,pc,8,498.13,5,0.18924577618768204,0
244,485,F,30s,book,mobile,22,349.32,4,0.09922561110694722,0
832,397,F,20s,electronics,tablet,2,68.73,7,0.36406034203017257,1
505,5,M,10s,electronics,pc,1,315.14,8,0.1853424525299921,1
131,459,M,10s,fashion,pc,3,264.45,1,0.3391363223039523,0
485,330,M,40s,book,pc,7,459.11,5,0.11850016569355612,0
819,308,M,20s,book,tablet,8,346.62,4,0.13281876059663705,0
647,333,F,40s,food,tablet,1,261.65,4,0.3987062944158354,0
21,169,M,10s,fashion,mobile,15,313.99,2,0.2997860708254849,0
841,181,M,20s,fashion,mobile,5,224.51,7,0.1161774456891794,1
167,366,F,50s,book,mobile,7,256.66,9,0.11629462436885843,1
274,178,M,20s,sports,tablet,2,362.56,13,0.2556255490954333,0
388,143,M,20s,book,pc,10,43.78,6,0.4744758714740699,0
601,362,M,50s,book,tablet,19,309.59,7,0.29814841607425796,0
316,248,M,30s,book,tablet,4,48.67,4,0.1891168366788112,0
14,127,F,30s,electronics,tablet,11,428.26,4,0.11723656986590145,0
242,263,F,30s,fashion,mobile,22,471.52,5,0.2802147738026244,0
777,40,M,10s,electronics,pc,10,391.2,2,0.35864665000468116,0
346,412,F,20s,sports,tablet,4,360.43,4,0.2412593853182935,1
565,416,M,50s,food,mobile,19,472.15,2,0.3556919956732939,0
898,355,M,10s,sports,tablet,19,113.17,6,0.1838023525879254,0
340,255,M,50s,fashion,pc,20,118.27,8,0.08468039349017635,0
92,143,F,10s,food,mobile,2,243.1,4,0.22375535152692544,0
367,240,F,10s,sports,tablet,8,8.69,3,0.1728153897816373,0
956,228,F,10s,fashion,mobile,17,482.71,1,0.07929266604631353,0
455,341,F,50s,sports,pc,11,20.96,6,0.02724048928887466,0
428,198,F,40s,food,pc,22,300.08,7,0.3927972633183075,0
509,65,F,10s,food,mobile,3,180.22,7,0.5565535714567831,0
776,388,M,30s,sports,tablet,23,55.97,1,0.29717855956716205,0
943,11,F,20s,electronics,pc,6,17.18,5,0.1461770323198937,1
35,108,M,40s,sports,pc,23,134.9,5,0.10670274147956048,0
206,26,M,40s,sports,tablet,19,57.81,3,0.09089559050505039,0
81,445,F,50s,sports,mobile,10,470.46,0,0.1791673007504094,0
932,421,M,40s,electronics,mobile,1,126.16,3,0.30499562444612865,1
562,151,M,50s,book,tablet,22,51.6,4,0.3631855924539578,0
872,221,M,50s,food,pc,11,385.99,9,0.15832564985740466,1
388,341,F,30s,fashion,pc,8,210.05,4,0.1522967426141382,0
2,496,F,10s,food,tablet,5,422.61,2,0.1023848449510124,0
390,237,M,40s,food,tablet,6,420.02,4,0.12071220332909527,0
566,237,F,10s,book,mobile,5,496.23,7,0.10888655967524381,0
106,497,M,10s,food,mobile,17,402.89,10,0.3216637936793979,0
772,219,F,10s,food,tablet,12,111.01,5,0.11089152945727573,0
822,487,M,50s,electronics,pc,8,295.29,8,0.06190763123829982,0
477,424,M,10s,electronics,mobile,20,265.49,1,0.22166107991800676,0
703,461,F,40s,electronics,tablet,18,256.55,4,0.3088329791189567,1
402,151,F,50s,electronics,pc,3,151.92,7,0.2707325964269733,0
730,123,F,40s,electronics,mobile,3,109.02,5,0.22456824313969628,1
556,144,F,50s,fashion,tablet,12,359.86,7,0.11648500454310705,0
162,478,F,20s,book,tablet,10,55.37,3,0.11535248056390823,0
202,189,M,20s,sports,pc,20,29.56,3,0.11814547333327731,0
958,255,M,20s,electronics,pc,1,193.72,4,0.3444607600753463,1
996,68,M,20s,book,tablet,5,373.24,6,0.22116008490320854,0
270,104,F,50s,sports,pc,11,434.92,6,0.24837876876525225,0
863,336,F,10s,food,tablet,22,272.36,6,0.16206290282621183,0
816,159,M,30s,food,pc,7,420.77,8,0.09820612074275835,0
271,309,M,30s,book,pc,4,17.52,5,0.08940516253463701,0
456,362,M,20s,fashion,mobile,23,230.41,5,0.07890046108058729,0
462,409,M,10s,fashion,mobile,23,71.03,6,0.23300963514609635,0
727,300,F,40s,book,pc,19,293.45,5,0.08403767432237562,0
252,396,M,10s,fashion,tablet,22,460.89,5,0.19466481146157869,0
702,90,F,40s,fashion,pc,8,8.56,4,0.15595011775520146,0
296,357,M,30s,food,mobile,3,335.77,5,0.4488530749913007,0
725,256,F,10s,fashion,tablet,8,397.21,7,0.3737397121790106,0
720,496,F,10s,fashion,pc,11,373.52,3,0.09658973667814517,0
749,353,F,30s,book,pc,3,14.79,7,0.20947276548817226,0
338,220,F,10s,fashion,pc,16,91.07,8,0.09130402431771481,0
879,9,M,40s,electronics,pc,19,51.73,4,0.11896749212508864,1
53,12,M,10s,electronics,mobile,1,47.3,5,0.1288260639656536,0
792,325,M,40s,book,mobile,21,366.44,7,0.2868794728078378,0
922,438,F,20s,electronics,mobile,12,215.27,2,0.35638531420448394,1
217,244,M,10s,food,mobile,14,363.79,5,0.17397984609611147,0
764,182,M,40s,book,tablet,7,183.57,3,0.4776907175640097,0
188,284,M,30s,fashion,tablet,5,62.94,7,0.35349285680777015,0
380,312,F,20s,electronics,tablet,8,360.63,4,0.39364449355037706,0
493,99,F,10s,food,pc,21,314.9,1,0.028541866846980027,0
41,197,F,40s,book,tablet,10,60.92,9,0.04892928007783195,0
157,482,M,10s,book,mobile,22,462.56,6,0.5106977753860502,0
15,366,M,40s,fashion,mobile,11,157.92,1,0.20302148030137016,0
813,226,M,10s,sports,pc,20,329.09,3,0.02075483523552738,0
65,333,F,20s,electronics,tablet,23,20.83,2,0.4470668807879427,0
857,103,M,20s,food,pc,1,224.31,3,0.09346232902964968,0
839,106,F,10s,book,pc,1,482.36,10,0.1236175569778985,0
521,365,F,10s,electronics,tablet,10,443.82,3,0.2133462634420122,0
344,368,F,50s,food,pc,7,114.57,1,0.3014320511182135,0
129,58,F,10s,food,tablet,5,440.17,0,0.05698495615999765,0
648,78,M,10s,book,tablet,17,150.07,4,0.20053107231820064,0
472,75,M,20s,electronics,pc,21,426.86,5,0.2713188756959372,0
63,42,F,10s,food,mobile,10,365.97,4,0.2674308516415021,0
139,422,M,30s,book,tablet,23,179.27,2,0.08680556122156462,0
499,324,F,10s,electronics,mobile,5,455.84,4,0.174403391773192,0
593,181,M,50s,electronics,mobile,8,245.21,4,0.3004022461994387,0
392,33,M,40s,book,tablet,21,162.26,4,0.2697684783925176,0
675,71,F,20s,electronics,mobile,13,143.44,3,0.22622923142044282,0
419,56,F,30s,sports,pc,18,469.84,4,0.2329009352456467,0
289,105,F,40s,food,pc,20,380.5,4,0.05716858890530432,1
379,200,F,30s,food,mobile,5,178.2,9,0.20686446988700574,0
773,101,M,20s,electronics,pc,19,130.81,5,0.1739871442077261,1
490,256,F,50s,book,tablet,18,109.75,5,0.1320923753100736,0
231,307,M,20s,fashion,tablet,9,126.02,4,0.23848696127553326,0
41,74,F,30s,electronics,mobile,13,59.93,6,0.1906756493044128,0
28,171,M,30s,fashion,pc,4,244.94,3,0.24726175603105477,0
135,377,F,20s,electronics,mobile,11,25.33,6,0.12768557883555218,0
201,143,M,10s,fashion,pc,18,10.7,5,0.1779034058138934,0
840,166,M,20s,electronics,tablet,1,310.95,3,0.354908432498572,1
780,399,M,50s,book,pc,14,48.8,6,0.12698208519713736,0
930,261,F,20s,fashion,pc,5,423.38,9,0.18777208512757518,0
33,221,F,40s,sports,mobile,7,57.83,3,0.045303901885974524,1
48,83,F,10s,book,tablet,13,273.62,6,0.23762313151702455,0
503,182,F,40s,electronics,pc,2,339.37,9,0.1120698961973372,0
407,307,M,20s,fashion,tablet,5,118.43,1,0.1403558944141139,0
574,10,M,10s,food,pc,10,444.69,5,0.19395266361465813,0
728,396,M,40s,book,tablet,8,243.29,9,0.14128274266920796,0
805,4,F,40s,fashion,pc,16,161.08,9,0.21102550367642808,0
99,351,M,10s,book,tablet,18,451.06,6,0.19145368056783646,0
684,402,M,10s,fashion,pc,1,429.88,5,0.05917116695383291,0
872,336,F,30s,food,tablet,7,356.27,3,0.05121124964192034,0
726,488,F,10s,sports,pc,9,148.79,7,0.4021360919791792,0
987,292,M,20s,food,pc,21,198.15,11,0.09471588256243695,0
547,281,F,50s,electronics,tablet,2,346.42,5,0.35781563812410955,1
961,215,F,30s,book,mobile,9,96.72,5,0.2521763342420004,0
739,460,F,10s,sports,pc,23,250.08,11,0.29113255323122,0
613,98,F,50s,book,pc,22,370.17,7,0.13156721499375104,0
943,420,M,30s,fashion,mobile,1,330.57,7,0.5941913461242202,0
462,101,M,20s,electronics,pc,6,361.37,2,0.33795856800136354,1
643,451,M,50s,electronics,tablet,0,446.5,4,0.025687751842704203,1
769,9,M,10s,book,mobile,23,484.3,9,0.4101280613576772,0
5,61,M,10s,electronics,pc,11,231.9,2,0.06581621946050455,0
218,309,F,20s,book,tablet,4,34.69,5,0.17388389826976525,0
503,146,M,30s,fashion,tablet,8,418.0,7,0.029011648967209685,0
767,427,M,50s,fashion,mobile,11,63.39,4,0.38114841359946405,0
398,419,F,20s,book,mobile,10,113.62,2,0.289178575501545,0
871,63,F,30s,food,mobile,11,328.32,7,0.27330213598666603,1
795,121,F,40s,food,tablet,2,374.14,1,0.39902466538579145,0
393,226,M,40s,fashion,pc,11,348.85,5,0.14975238161471627,0
207,105,F,30s,sports,tablet,22,222.05,5,0.24361462250622087,0
15,462,F,10s,food,tablet,23,459.44,4,0.21843078281946418,0
858,260,F,10s,book,mobile,0,416.94,5,0.2900605127353462,1
554,349,M,40s,fashion,pc,5,333.52,6,0.4006564836137169,0
892,425,F,10s,electronics,tablet,10,223.33,8,0.2930947734560423,0
461,255,F,10s,electronics,mobile,1,234.59,4,0.14434445360081252,0
691,429,M,30s,food,mobile,7,92.1,6,0.1372314505052379,1
575,434,F,30s,sports,pc,21,390.95,5,0.4820079175818264,0
864,207,M,10s,food,pc,10,433.65,3,0.2106737633945572,0
743,28,M,30s,sports,mobile,11,414.5,4,0.3064245377782358,0
241,170,F,50s,food,pc,18,275.81,6,0.2059087417963998,0
564,336,M,40s,electronics,pc,19,419.78,9,0.6046641162809414,0
96,76,F,50s,sports,tablet,22,396.25,8,0.013348181664907175,0
900,116,F,50s,electronics,pc,8,417.02,4,0.09775209124875568,0
734,69,F,10s,book,mobile,10,491.06,0,0.18982585814478833,0
485,354,F,10s,book,pc,17,405.95,4,0.09121030718076019,0
407,234,M,50s,fashion,tablet,8,138.99,7,0.37552103139861026,1
231,1,F,50s,electronics,pc,14,411.33,2,0.021193874948138736,0
749,167,F,20s,electronics,tablet,21,190.94,4,0.09971988018357754,0
655,352,F,20s,fashion,pc,17,260.52,4,0.12560067040526857,0
171,218,M,40s,book,pc,7,399.22,1,0.22165737165315771,0
541,273,M,50s,book,mobile,3,161.78,3,0.04708394380669074,1
36,368,F,30s,sports,mobile,12,17.91,3,0.41980499171576086,1
525,251,M,20s,sports,pc,14,360.48,1,0.29441149593078975,0
160,347,M,10s,book,pc,7,451.58,2,0.105741624690225,0
839,344,F,50s,food,tablet,15,464.3,12,0.13669351759593568,0
699,419,F,30s,electronics,tablet,10,400.46,7,0.278818427200108,1
243,174,F,30s,sports,mobile,22,467.9,6,0.0625649426516232,0
86,170,F,30s,food,pc,22,411.22,6,0.18042750161952953,0
796,246,F,10s,sports,pc,12,19.9,4,0.0690009310447806,0
578,423,M,20s,fashion,tablet,6,178.08,7,0.03920725712914898,0
682,90,F,30s,electronics,pc,17,171.37,4,0.26648956223735826,0
557,49,F,20s,sports,pc,7,113.49,8,0.27864586126868646,0
574,446,F,40s,book,pc,1,399.98,5,0.06895772778846755,0
953,294,F,10s,fashion,tablet,2,262.44,7,0.23604200849021278,0
646,407,F,20s,fashion,tablet,9,418.96,4,0.03144927299014181,0
796,150,M,20s,book,tablet,6,302.67,6,0.31806355385869955,0
28,132,F,30s,fashion,pc,22,297.35,4,0.3122134957727375,0
620,433,M,30s,electronics,tablet,6,195.15,5,0.18765270936609765,1
556,59,F,10s,sports,mobile,3,395.85,1,0.11992168068723548,0
340,457,F,20s,fashion,mobile,20,343.13,4,0.37550294970353376,0
798,324,F,50s,electronics,tablet,22,172.68,8,0.09708868120278585,1
958,199,M,30s,book,tablet,7,496.82,1,0.24965038182179067,0
331,215,F,30s,sports,pc,18,234.08,4,0.08016637898374593,0
640,386,F,40s,book,tablet,21,161.71,7,0.12376801345101182,0
506,49,F,10s,sports,tablet,11,345.46,8,0.12036345185850499,0
348,472,F,20s,fashion,mobile,9,115.29,7,0.19796294901167902,0
473,232,F,20s,fashion,mobile,13,416.17,8,0.21870148214947605,0
231,247,F,20s,sports,mobile,11,341.78,6,0.056295633726444194,0
190,382,F,30s,electronics,mobile,20,435.68,3,0.18910230414387696,0
225,479,M,10s,electronics,tablet,19,167.88,2,0.2793278572159808,0
385,239,F,20s,electronics,mobile,3,427.94,4,0.1418072671816898,0
377,415,F,50s,food,pc,18,252.96,5,0.3255422281766618,0
283,367,F,40s,electronics,pc,6,34.28,1,0.1957343956341622,0
958,168,M,40s,fashion,tablet,20,101.11,4,0.09209291099180383,0
633,48,M,20s,food,pc,0,112.74,3,0.22434493759320714,0
628,51,F,30s,electronics,mobile,7,385.16,5,0.3469574957553677,1
973,299,M,40s,fashion,mobile,10,105.55,6,0.3432605336358619,0
745,98,F,40s,food,pc,0,283.15,1,0.4214015414666687,0
259,439,F,40s,fashion,tablet,0,328.01,4,0.32125479609935315,0
359,216,M,40s,sports,mobile,3,388.06,4,0.49765438784178345,0
710,177,F,20s,fashion,mobile,3,393.02,5,0.06481524303069855,0
456,380,M,10s,food,pc,10,360.21,9,0.24447999047584595,0
411,474,M,10s,electronics,tablet,0,110.53,2,0.2609555031338734,1
649,80,M,30s,food,tablet,9,274.02,4,0.16381067009062514,0
318,185,F,50s,electronics,pc,3,148.63,7,0.4689667363727918,0
677,367,F,10s,electronics,mobile,22,388.67,6,0.37580708188501033,1
225,461,F,50s,book,pc,6,375.31,3,0.3168585615954874,0
819,399,F,10s,sports,pc,1,118.68,5,0.2565151982659062,0
234,27,F,10s,book,pc,21,322.46,10,0.20602423586259466,0
684,452,F,30s,food,mobile,12,33.92,2,0.1062288554295755,1
664,464,F,40s,book,mobile,21,385.43,3,0.040412565349381195,0
975,448,M,30s,electronics,pc,18,391.2,7,0.05675592197616947,0
827,478,F,10s,food,tablet,3,176.77,8,0.3398709766486324,0
374,492,F,40s,book,pc,5,404.1,4,0.04162829924317982,0
672,414,F,40s,fashion,mobile,21,429.86,8,0.36841587042363977,0
608,420,M,40s,sports,tablet,16,99.08,2,0.11305535280062505,0
472,195,M,50s,fashion,tablet,23,178.69,4,0.27037012177418157,0
233,214,M,10s,food,mobile,8,134.23,3,0.39900335811648835,0
692,369,F,20s,book,mobile,1,190.31,3,0.29741238638317213,0
113,342,M,30s,electronics,pc,19,226.22,5,0.17211483433872282,0
830,114,M,50s,book,mobile,5,257.43,3,0.3925201916276667,0
497,242,F,30s,food,tablet,17,22.38,4,0.12094714318810347,0
442,124,F,20s,food,pc,22,32.31,9,0.21415330644905997,0
564,305,F,40s,food,pc,21,329.34,6,0.30676032549686705,0
268,76,M,20s,food,tablet,23,224.16,4,0.10339554756574265,0
510,311,F,30s,book,mobile,14,49.42,4,0.07052971216101737,0
807,469,F,20s,fashion,pc,22,196.18,6,0.2179809855398586,0
386,312,F,10s,electronics,tablet,15,240.37,5,0.03374283354538849,0
387,196,F,20s,electronics,tablet,0,319.62,2,0.39847734078988,1
113,351,F,10s,sports,tablet,9,63.57,4,0.20647381338699727,0
613,44,F,20s,food,mobile,9,497.43,1,0.2970374735726879,0
625,415,M,10s,food,mobile,20,239.98,6,0.42929921058176485,1
952,186,F,10s,food,mobile,5,341.99,4,0.24276396037746564,0
81,343,M,20s,fashion,mobile,22,454.57,7,0.19431335691056087,0
699,246,M,50s,food,tablet,3,20.75,2,0.1346189964985138,0
113,437,F,40s,sports,pc,13,302.67,4,0.03767489590672831,0
2,84,M,40s,sports,tablet,16,272.48,2,0.16823120254762122,0
642,207,M,40s,fashion,pc,2,33.42,4,0.07190979658793817,0
220,151,M,10s,food,pc,1,348.05,4,0.10587096441647946,0
566,156,F,40s,book,pc,17,114.29,2,0.021606528037143694,0
855,16,M,10s,book,mobile,16,352.43,5,0.4179656434871119,1
997,165,M,50s,electronics,tablet,12,184.5,6,0.2853623488872774,0
736,405,M,20s,fashion,pc,18,386.21,5,0.13819607374757456,0
225,463,M,20s,book,tablet,9,471.17,3,0.14758623541997828,0
385,145,F,10s,electronics,mobile,20,430.95,3,0.12002126640426213,0
403,498,F,10s,sports,pc,21,243.87,3,0.36471750806342806,0
638,37,M,50s,electronics,mobile,23,116.51,3,0.12591777213350588,0
130,333,F,40s,food,mobile,3,496.25,6,0.17852153755827826,0
53,403,F,50s,food,tablet,16,331.45,11,0.297384066523377,0
684,414,M,20s,sports,pc,15,201.0,9,0.4051030770363899,0
730,45,F,20s,fashion,mobile,18,243.35,1,0.5581905313829858,1
672,402,F,40s,food,tablet,23,68.39,4,0.014952366802957525,0
710,206,M,20s,food,pc,13,255.12,6,0.24582350387878105,0
416,62,M,10s,electronics,pc,19,90.72,5,0.11560999074838836,0
247,420,F,20s,electronics,mobile,14,186.04,4,0.3694064793132115,1
836,356,F,30s,electronics,mobile,18,248.42,3,0.33630985422962895,0
439,468,F,40s,book,mobile,2,474.16,4,0.03197723876981453,0
203,308,F,40s,sports,mobile,19,314.22,4,0.43272918797492205,0
184,19,M,40s,fashion,pc,19,189.09,4,0.22032486435970225,0
123,365,M,30s,electronics,mobile,15,60.98,6,0.30317292301678417,0
401,300,M,50s,fashion,mobile,6,374.86,4,0.04528088799752669,0
767,7,M,10s,electronics,mobile,17,236.09,3,0.09088561012554577,0
294,249,M,40s,food,pc,7,38.74,3,0.14200043631278833,0
280,428,F,20s,fashion,tablet,13,330.15,3,0.37352957357268113,0
837,117,F,10s,book,tablet,17,178.3,7,0.09686429840836029,0
884,68,M,20s,electronics,pc,0,204.93,7,0.35989260224408104,1
610,34,M,10s,sports,tablet,23,420.23,6,0.20492298181857072,0
198,194,M,10s,food,pc,19,72.97,6,0.18762993585741505,0
982,325,F,20s,electronics,mobile,5,173.49,1,0.15475343979180492,1
907,55,F,20s,fashion,tablet,12,185.02,4,0.23372792173524876,0
511,266,F,10s,electronics,pc,0,6.65,6,0.31514078530867934,1
752,480,M,40s,food,pc,18,423.44,5,0.3180998655979614,1
144,42,M,20s,sports,mobile,6,418.48,5,0.01807027408786063,0
609,297,M,30s,sports,pc,22,332.61,4,0.10329342832409383,1
201,461,M,30s,sports,tablet,23,449.98,3,0.1945989136053715,0
124,231,M,10s,food,mobile,15,140.08,2,0.46798452110476824,0
187,453,F,50s,electronics,pc,13,114.21,2,0.04501531688392895,0
326,378,M,10s,food,mobile,1,38.92,9,0.3629750560487788,1
464,394,F,10s,food,pc,6,298.05,8,0.3349084302783603,0
349,10,F,40s,electronics,tablet,19,250.7,6,0.2956524115483762,0
771,358,F,40s,book,tablet,21,406.15,5,0.09044775886878074,0
660,475,F,50s,sports,mobile,19,243.24,4,0.31676975307576344,0
764,444,F,50s,fashion,pc,14,105.6,5,0.4083979117284456,0
955,128,M,50s,fashion,mobile,13,405.75,6,0.2105489551539189,0
932,179,M,50s,electronics,mobile,0,230.45,4,0.3427840939057266,0
403,405,M,50s,fashion,tablet,16,478.14,6,0.307553167192654,0
346,392,F,10s,book,mobile,15,269.56,8,0.37329407217821575,0
963,193,F,10s,food,pc,4,62.79,3,0.05138373813683968,0
511,92,F,30s,sports,tablet,20,426.26,6,0.30295389938596134,1
147,369,F,30s,fashion,pc,23,439.81,3,0.2511203272891918,0
148,231,F,20s,fashion,mobile,22,225.49,8,0.10099995519967245,1
864,78,F,10s,electronics,tablet,2,17.87,6,0.011662079903427361,0
711,85,M,50s,electronics,pc,23,19.71,5,0.1863512668919566,0
820,30,F,20s,food,pc,19,178.82,5,0.1580931385742256,0
489,213,F,40s,sports,mobile,18,359.53,3,0.34003671807789315,0
929,49,M,10s,fashion,pc,1,168.87,11,0.16963295108838572,0
936,265,F,30s,food,mobile,13,8.83,5,0.39815149953636453,0
640,145,M,10s,sports,mobile,22,425.04,3,0.131191930811329,0
551,69,M,10s,food,mobile,20,484.52,7,0.324602270518666,0
338,58,M,10s,fashion,mobile,18,176.45,13,0.3078109928050202,0
872,185,F,10s,electronics,tablet,12,41.17,6,0.2177654264400451,0
641,62,M,40s,electronics,pc,12,149.25,7,0.08441522805612992,0
779,479,M,30s,electronics,pc,5,400.51,6,0.37851314499390104,1
988,308,F,10s,book,tablet,23,273.42,4,0.3113416897089238,0
953,445,M,40s,food,mobile,8,195.07,4,0.4280267632487707,0
473,296,F,20s,fashion,mobile,19,170.44,5,0.04290422686005528,1
946,166,F,10s,food,mobile,0,62.12,3,0.4314164519693858,0
151,171,M,40s,electronics,mobile,23,173.06,5,0.33646605480974484,0
415,63,F,50s,food,tablet,9,237.7,5,0.48562080265914925,0
990,147,F,20s,sports,pc,2,338.2,9,0.22837948780381834,0
298,484,M,30s,food,mobile,5,134.73,2,0.33413659401133916,0
611,306,M,10s,book,mobile,15,449.2,5,0.17054487646938485,0
263,161,M,10s,book,mobile,19,244.98,3,0.29168151151268334,0
764,141,M,40s,electronics,pc,5,205.55,7,0.15513720684455945,1
144,334,F,30s,fashion,pc,11,299.01,11,0.09485943910199532,0
346,97,M,50s,sports,tablet,2,87.97,5,0.2892617151280149,0
624,446,M,20s,fashion,pc,22,57.76,3,0.17910902136944443,0
572,221,M,30s,fashion,pc,17,176.54,3,0.2714106093323394,1
881,43,F,10s,sports,mobile,20,24.77,3,0.2790624096654664,1
2,433,F,40s,book,pc,2,191.9,2,0.3387004866991106,1
897,292,F,50s,electronics,mobile,4,337.39,8,0.05274396919442831,0
304,378,F,40s,food,tablet,18,407.0,3,0.17150798797686304,0
254,108,F,20s,book,mobile,23,291.98,1,0.11231842855105448,1
652,266,M,30s,electronics,tablet,17,347.21,2,0.3147926335529679,0
453,95,F,40s,book,pc,7,417.4,5,0.4847590240888666,0
37,262,F,40s,sports,tablet,23,387.7,4,0.20551804830183323,0
160,313,F,10s,fashion,mobile,9,163.39,5,0.04745056994744902,0
9,385,M,40s,sports,pc,18,288.84,4,0.15616680646181014,0
233,71,M,50s,food,pc,9,136.1,2,0.10447278431840354,0
99,442,F,30s,sports,mobile,20,290.29,8,0.14319847239387257,0
659,219,M,20s,fashion,pc,1,215.87,8,0.13972064388896807,0
816,21,F,40s,book,mobile,9,189.54,6,0.10236645366229673,0
208,92,M,50s,electronics,tablet,21,95.86,2,0.23533431384822726,1
131,127,M,20s,food,tablet,17,283.07,8,0.1591645687260912,0
404,80,F,50s,book,pc,3,366.01,5,0.26529577891449424,0
152,312,M,40s,electronics,mobile,2,287.78,4,0.29003729430606806,1
54,238,F,40s,fashion,mobile,16,39.27,4,0.09586483068012762,0
120,471,F,30s,sports,tablet,23,462.54,4,0.24436404868577935,0
673,372,F,10s,book,mobile,23,7.72,3,0.07718093903709149,0
920,404,M,50s,electronics,pc,16,443.1,3,0.2183215322778543,0
628,486,M,10s,electronics,pc,21,384.21,4,0.12147399015947544,0
587,182,F,10s,sports,tablet,11,52.8,7,0.12162909303130633,0
625,25,F,20s,book,mobile,16,122.1,4,0.43283133136890467,1
968,156,M,20s,book,pc,12,177.74,7,0.05232475641447288,0
420,5,F,50s,fashion,pc,8,455.6,5,0.08449367673889223,0
422,120,M,10s,book,pc,0,490.06,7,0.2999441250895715,0
104,277,M,30s,sports,mobile,14,48.15,5,0.03938392360367043,0
852,18,M,10s,book,tablet,18,201.48,6,0.1490815440719313,0
254,431,F,20s,fashion,tablet,8,78.89,6,0.14729075990864773,0
227,198,F,10s,electronics,pc,16,142.83,4,0.04520400165075803,1
112,57,M,40s,book,tablet,14,490.63,2,0.1446771057320144,0
510,93,F,40s,sports,pc,1,492.29,3,0.014839501932127604,0
473,19,F,30s,book,pc,3,238.71,11,0.4048864194691299,0
99,384,M,50s,food,mobile,6,95.65,10,0.13214560917384444,1
153,353,M,10s,fashion,pc,7,275.77,6,0.3890231448227571,0
861,193,F,40s,electronics,pc,0,163.74,6,0.076588245748622,1
914,237,M,50s,food,mobile,0,464.77,4,0.23253500035231345,0
896,387,F,40s,sports,mobile,4,410.02,5,0.2210223157416595,1
878,426,M,50s,book,tablet,7,157.88,10,0.34881232953718494,1
338,277,M,50s,fashion,mobile,0,14.06,8,0.2535374012600428,0
706,227,F,40s,book,pc,2,499.03,4,0.3074752184953186,0
822,233,F,20s,book,mobile,21,343.26,5,0.16558647155106737,0
163,40,F,50s,book,mobile,16,215.74,6,0.24086649731577375,0
720,323,F,10s,book,tablet,2,147.79,4,0.15963523562286563,0
957,153,F,40s,fashion,mobile,0,7.19,7,0.12731787030461303,0
681,127,M,20s,food,pc,3,81.21,6,0.501920066586086,0
996,237,M,40s,sports,pc,8,7.91,5,0.5704068010686602,0
161,486,F,30s,food,pc,12,300.8,2,0.1816448522671365,0
580,493,M,10s,fashion,mobile,4,333.35,7,0.0995881529791421,0
801,55,F,30s,sports,mobile,13,384.56,6,0.11705904110207963,0
398,468,M,50s,electronics,pc,18,97.56,8,0.051152134089644474,1
277,436,M,50s,food,mobile,22,52.51,2,0.050324425544574135,0
816,172,F,30s,fashion,tablet,13,326.98,6,0.2145636201585745,0
916,109,F,30s,fashion,tablet,21,252.45,7,0.2141898501321951,0
504,354,F,50s,fashion,tablet,3,438.46,7,0.14339624792965466,0
896,469,M,20s,sports,tablet,3,268.97,3,0.16161179415189458,0
392,184,F,10s,book,pc,8,225.19,6,0.56308177761988,1
135,439,F,40s,electronics,mobile,1,246.57,5,0.57654691453387,1
195,368,F,30s,sports,tablet,9,392.25,2,0.21942715133418841,0
401,471,F,10s,sports,pc,17,14.06,4,0.37586310836716386,0
640,198,F,40s,food,tablet,6,459.51,2,0.10477001084799877,0
33,371,F,40s,electronics,mobile,20,358.52,2,0.09649571085179964,0
688,373,M,30s,fashion,tablet,13,443.22,2,0.3923747435433631,0
460,461,M,20s,sports,tablet,20,480.0,6,0.23496453775903195,0
955,497,M,20s,electronics,tablet,14,116.87,3,0.33138456816564604,0
883,87,M,10s,food,tablet,9,291.28,3,0.1804452144688921,0
470,201,F,10s,book,mobile,4,245.59,3,0.31086137349026455,0
375,337,F,50s,electronics,pc,7,271.12,12,0.06281591086008272,1
22,322,M,20s,fashion,tablet,21,28.41,6,0.16233469821482382,0
750,275,M,10s,sports,pc,20,457.42,5,0.3026071738406355,0
670,211,M,50s,book,mobile,4,477.57,5,0.11950746277471747,0
38,391,F,40s,food,mobile,4,344.14,9,0.11153640939144613,0
230,118,F,10s,fashion,tablet,13,132.85,5,0.039997026438899866,0
365,191,F,50s,book,pc,0,394.67,7,0.148438616686342,0
563,42,M,20s,food,tablet,4,366.77,3,0.319360730643583,0
438,42,M,40s,fashion,mobile,18,289.42,5,0.08539088953334834,0
776,315,M,10s,sports,tablet,21,89.27,7,0.022089189670089077,0
283,276,M,20s,food,tablet,11,104.58,5,0.4352144899043672,0
27,329,M,40s,book,pc,14,296.76,5,0.36305012483360644,0
226,17,F,30s,fashion,mobile,2,68.77,4,0.050740724763885046,0
277,283,F,20s,electronics,tablet,0,363.35,6,0.4300559498435338,0
798,431,F,30s,fashion,tablet,23,110.24,5,0.3141789527728778,0
609,258,F,10s,book,tablet,11,455.69,4,0.13468127745895989,0
284,63,F,50s,book,pc,12,450.36,6,0.11812396150892433,0
879,62,M,10s,electronics,mobile,13,150.33,9,0.20996452928666126,1
960,100,F,20s,book,tablet,9,46.28,5,0.5543989720803594,0
481,19,M,30s,fashion,tablet,19,307.65,6,0.19619102210113057,0
453,17,F,30s,food,tablet,13,226.97,7,0.12384534479649645,0
829,325,M,40s,fashion,mobile,13,76.14,5,0.10296009990410684,0
816,423,M,10s,book,pc,12,268.08,5,0.23994580937651344,0
659,466,M,10s,electronics,pc,20,496.4,7,0.25862577103422535,0
516,373,M,20s,electronics,tablet,2,39.15,2,0.3768063582892095,0
547,246,M,30s,sports,tablet,23,135.63,14,0.20420835662473763,0
192,251,M,20s,electronics,pc,18,271.61,3,0.10459799502634888,0
49,455,F,20s,electronics,pc,19,397.71,3,0.15312921269069954,0
512,81,M,30s,book,pc,9,14.29,7,0.3571278560835693,0
17,39,M,20s,food,tablet,11,367.72,5,0.3344990256032345,0
172,36,F,30s,food,tablet,22,74.24,3,0.15386533591014326,0
220,424,M,20s,book,pc,1,416.19,6,0.14275982612791732,0
158,429,F,50s,electronics,pc,0,347.63,10,0.4578280388208459,0
477,388,F,20s,fashion,mobile,3,230.97,3,0.07784519298239068,0
46,486,M,20s,food,tablet,7,411.68,5,0.26721471545431075,0
373,409,M,50s,book,mobile,16,367.86,4,0.19746602687595252,0
518,197,F,10s,fashion,pc,13,380.8,4,0.1041195123042925,0
99,158,M,30s,electronics,tablet,13,148.59,5,0.020265854263362217,0
892,204,F,40s,book,tablet,18,311.61,1,0.28149355052155134,0
745,196,M,50s,food,mobile,3,74.85,6,0.019688533732821326,0
37,216,F,10s,fashion,mobile,19,411.33,2,0.21939229308104155,0
280,285,M,20s,fashion,mobile,15,265.74,4,0.49698351117869005,0
349,457,M,10s,food,mobile,18,413.32,13,0.33556383853299393,0
497,196,F,50s,fashion,tablet,18,109.52,9,0.48014004758838746,1
302,307,F,20s,food,pc,12,69.52,4,0.11073572929403015,1
181,152,F,10s,book,pc,6,346.04,1,0.2593595032815062,0
607,14,F,40s,sports,pc,23,33.91,6,0.36238934513495696,0
99,325,M,30s,electronics,mobile,13,125.77,8,0.23117591304418172,0
700,146,F,30s,book,pc,9,454.81,7,0.2926490151359511,0
993,426,F,50s,electronics,mobile,13,70.72,5,0.32753113783892646,0
116,57,M,20s,electronics,mobile,19,190.9,7,0.18035979992901802,0
191,211,M,20s,food,pc,10,473.06,6,0.2168708980166577,0
253,268,F,30s,sports,pc,10,14.9,6,0.13590538127755775,0
981,210,M,10s,electronics,pc,14,225.43,6,0.16653953841046898,0
928,17,F,20s,electronics,tablet,7,394.3,6,0.13662746649427013,1
983,286,M,40s,book,mobile,23,454.95,4,0.14702204127783394,0
161,344,F,40s,sports,tablet,21,369.11,7,0.18624494896438443,0
256,203,M,20s,sports,pc,16,444.75,8,0.2514753388466264,0
323,99,F,20s,electronics,tablet,22,22.01,4,0.3670017057504163,1
128,279,F,30s,sports,tablet,22,54.44,3,0.5536975511620541,0
18,209,M,50s,book,pc,20,370.17,1,0.17721505424912443,0
793,129,M,30s,food,pc,5,377.9,6,0.1425483718491666,0
735,335,F,50s,electronics,mobile,13,304.61,2,0.25523375107255114,0
566,288,F,40s,fashion,mobile,8,366.49,3,0.35232013701509013,0
570,252,M,50s,electronics,tablet,2,429.74,4,0.3325613487165125,0
323,265,M,30s,electronics,pc,11,275.01,9,0.04262558713714416,0
872,271,M,20s,food,mobile,3,473.93,4,0.4494350991425914,0
686,412,M,50s,fashion,mobile,14,348.65,5,0.16907454684370174,0
792,408,M,30s,fashion,tablet,12,238.63,4,0.23584601725960264,0
626,188,M,40s,fashion,tablet,17,213.65,2,0.13884629011461266,0
288,419,M,50s,food,tablet,13,376.33,8,0.2078120496531357,0
943,214,M,40s,sports,pc,12,317.08,9,0.29241418771378247,0
854,283,M,40s,fashion,mobile,8,409.63,9,0.1800348625846042,0
663,211,F,10s,sports,mobile,4,391.59,7,0.5958533972472311,0
962,365,M,50s,book,mobile,18,264.48,4,0.15732083538265385,0
639,76,M,30s,food,tablet,7,473.12,4,0.1737327859905865,0
155,148,F,50s,sports,pc,12,353.61,9,0.17328928070640173,0
490,321,F,50s,fashion,tablet,8,104.42,4,0.20826935486079878,0
386,213,F,40s,fashion,tablet,16,311.15,11,0.2565392250605284,0
986,433,F,40s,sports,pc,4,104.9,8,0.3372186766053074,0
785,109,F,40s,sports,pc,8,281.63,4,0.13176382837652667,0
104,129,F,40s,book,tablet,10,396.02,5,0.12907158244338438,0
929,10,M,30s,food,pc,1,407.19,5,0.39364743723621315,0
393,47,F,20s,electronics,tablet,12,327.16,6,0.1296929685915028,0
811,379,F,10s,book,mobile,0,392.74,2,0.04093355786045995,0
246,315,F,40s,book,pc,7,238.76,7,0.19375073923251612,0
176,96,M,40s,book,mobile,14,277.57,6,0.1466862280576329,0
39,446,F,10s,fashion,pc,21,440.41,2,0.13731316443365457,0
477,103,M,40s,sports,tablet,1,249.07,5,0.28069523341305874,0
682,380,F,20s,food,tablet,2,178.71,3,0.034145138143247426,0
759,342,F,50s,fashion,tablet,20,399.51,2,0.09986134759205559,0
538,146,M,10s,book,tablet,16,29.98,7,0.3367993582697008,0
867,368,M,30s,food,tablet,17,479.39,3,0.143757281442206,0
818,430,F,10s,fashion,tablet,16,173.33,3,0.17996631265142707,0
921,416,M,20s,electronics,pc,13,316.66,0,0.12198093986266936,0
408,27,M,30s,book,pc,10,344.3,7,0.3310874194320898,0
525,220,F,50s,fashion,mobile,22,72.85,6,0.08287737806510469,0
828,18,F,40s,fashion,pc,22,412.32,6,0.3160588710082637,0
506,167,F,10s,book,pc,13,288.2,4,0.24373130212805297,0
903,433,M,30s,electronics,mobile,4,167.32,5,0.20811114416671486,0
825,477,F,10s,sports,mobile,5,426.09,3,0.07271127725160467,0
36,82,F,50s,electronics,tablet,18,314.41,10,0.18571112420461477,1
685,428,M,10s,book,mobile,10,393.96,2,0.08166392686303967,0
20,72,M,30s,sports,mobile,1,496.19,2,0.09186704957899909,0
321,310,F,20s,fashion,pc,9,69.49,3,0.12149329390386251,0
776,479,M,30s,electronics,tablet,12,376.05,10,0.10710924102817208,0
512,254,F,10s,electronics,mobile,1,380.05,5,0.05773831300631141,0
400,162,M,50s,sports,tablet,13,437.97,6,0.2305871265651673,0
654,327,F,40s,fashion,tablet,16,206.99,5,0.08427143307988354,0
972,420,M,40s,electronics,mobile,8,435.48,8,0.1253480001770676,0
883,402,M,50s,sports,mobile,7,321.74,7,0.3496133794857166,0
471,38,M,10s,electronics,mobile,7,39.04,0,0.10025327292901277,0
143,443,M,50s,fashion,mobile,6,20.6,9,0.10927075184295681,0
92,393,F,10s,fashion,tablet,15,243.34,5,0.4318428132445559,0
354,201,M,30s,food,pc,18,393.99,6,0.19890682284872965,0
834,494,F,20s,sports,tablet,23,195.19,5,0.12421079654474405,1
800,200,M,10s,book,tablet,16,426.66,5,0.082979396711593,0
727,255,M,40s,electronics,tablet,0,248.6,2,0.13365534237804044,0
959,179,F,40s,fashion,mobile,12,18.01,5,0.26956337597783536,0
854,35,M,20s,electronics,mobile,15,486.96,4,0.1735789581418593,0
51,82,M,10s,electronics,pc,5,247.36,2,0.1297378469002244,0
665,389,F,20s,book,pc,14,326.82,6,0.15256015210448393,0
698,398,M,30s,fashion,pc,11,103.65,6,0.3903434572453718,1
575,220,F,20s,food,tablet,23,152.18,5,0.271430782814597,0
190,158,M,30s,sports,pc,7,244.72,3,0.11147462405516188,0
125,4,M,40s,electronics,tablet,0,428.81,4,0.2407417639463857,0
150,167,M,30s,book,mobile,10,55.47,4,0.21361998392295514,0
314,468,F,10s,book,tablet,14,391.27,4,0.2931627342496959,0
570,448,M,10s,sports,mobile,0,291.78,5,0.11717588012196124,0
342,409,M,10s,sports,mobile,15,252.33,5,0.12630319403819934,1
305,412,M,10s,fashion,pc,6,438.91,6,0.48887372047146854,0
692,204,M,50s,electronics,mobile,0,63.47,3,0.4867212638639535,0
682,194,M,30s,electronics,pc,1,495.42,7,0.38033796267050873,0
838,235,M,10s,sports,pc,7,428.04,4,0.26107494243805957,0
783,206,M,20s,food,pc,23,166.24,5,0.287724291612486,0
54,150,M,20s,electronics,tablet,10,228.53,4,0.0821892119880233,0
444,159,M,50s,book,pc,12,17.38,4,0.31753128694193883,0
613,279,F,30s,sports,pc,4,266.16,3,0.21920378775955887,0
993,304,M,30s,electronics,mobile,17,276.12,1,0.12883282619372946,0
264,404,F,30s,fashion,tablet,18,463.65,2,0.12224389051446266,0
53,381,F,50s,sports,pc,20,197.02,4,0.20696376443273326,0
572,166,F,30s,book,pc,2,287.46,3,0.032186018348467384,0
620,311,M,30s,fashion,pc,0,371.61,3,0.03825592644648404,0
5,68,F,10s,sports,mobile,21,306.22,3,0.1823680693886951,0
103,463,F,30s,sports,mobile,4,82.31,4,0.08412719805924129,1
196,88,F,10s,electronics,mobile,18,90.05,4,0.12986159204347614,0
774,217,M,10s,fashion,pc,8,73.48,7,0.14457109076810748,0
877,1,F,30s,sports,pc,23,112.78,3,0.2875888551692028,0
992,135,M,20s,book,pc,6,167.52,5,0.30717301757824456,0
884,185,F,40s,fashion,pc,11,371.14,2,0.10674906078494162,0
350,351,F,20s,electronics,pc,13,35.16,3,0.05953605074398779,0
47,140,M,30s,food,mobile,15,411.12,6,0.09252545924865613,1
867,106,M,30s,sports,pc,12,134.92,6,0.24159906345128968,0
823,133,F,20s,food,tablet,17,308.64,5,0.44472212399693484,1
936,108,F,30s,sports,pc,9,278.62,2,0.24777095123359572,0
820,178,F,10s,electronics,mobile,20,81.24,7,0.2002417683712118,1
656,298,M,50s,electronics,pc,20,147.21,8,0.36854066840366984,0
269,358,M,30s,electronics,tablet,5,151.48,4,0.11192635626791674,1
370,380,F,30s,electronics,pc,21,313.8,11,0.31368554921135205,1
636,396,F,20s,fashion,tablet,2,395.31,7,0.3541573795153586,0
106,359,M,10s,fashion,tablet,3,498.16,1,0.12365455911182575,0
670,146,M,20s,sports,mobile,0,52.47,6,0.05430736205384192,0
659,450,F,20s,fashion,tablet,10,469.64,9,0.2923974724448503,1
657,74,M,30s,sports,pc,16,282.96,2,0.10763438891277959,0
120,463,F,10s,fashion,tablet,4,181.6,6,0.13158316512599333,0
831,478,M,30s,fashion,pc,11,145.86,7,0.37468698613172247,1
787,108,F,30s,fashion,pc,19,108.48,7,0.15248798257017412,0
604,122,F,30s,book,pc,22,280.75,4,0.19543952378744864,0
58,17,F,30s,electronics,pc,6,473.28,5,0.16974596796677602,0
951,196,M,50s,book,mobile,3,95.17,6,0.24523740438663413,0
346,327,F,40s,fashion,pc,15,220.9,6,0.11097055738342514,0
741,318,F,10s,fashion,mobile,14,105.9,7,0.3690556739468087,0
474,297,M,50s,book,tablet,13,91.94,6,0.029552254627150946,0
117,479,F,40s,sports,pc,1,434.04,9,0.30699331055613616,0
830,499,F,40s,electronics,tablet,9,134.67,2,0.11147551502157854,0
791,252,F,40s,sports,mobile,19,127.75,9,0.29543251541053384,0
127,487,M,50s,electronics,pc,23,455.35,5,0.10571312171882134,0
393,119,M,10s,food,pc,1,196.09,5,0.18672559276388526,0
908,162,M,20s,electronics,mobile,4,9.31,3,0.19843277410723148,0
641,198,M,40s,sports,tablet,12,361.99,5,0.203177841636862,1
58,498,F,20s,electronics,mobile,22,260.92,5,0.07028189945073542,0
634,486,M,20s,food,tablet,9,388.2,6,0.06693208836110434,1
513,45,M,30s,food,tablet,21,287.3,6,0.13898525603794698,0
751,314,M,20s,fashion,tablet,12,178.88,1,0.16830500044501945,0
802,179,F,30s,food,pc,13,37.95,5,0.1385836122382116,0
96,382,F,10s,book,mobile,17,433.64,1,0.26318196335720084,0
638,418,F,10s,sports,pc,19,107.51,6,0.3710836366757345,0
118,44,M,30s,book,mobile,22,485.82,4,0.4452911775623669,0
560,271,F,10s,book,tablet,7,126.69,5,0.11551507993943175,0
601,78,F,40s,sports,pc,4,414.38,3,0.16288968079861357,0
488,326,M,10s,book,pc,20,395.43,2,0.22716263891090518,0
237,178,F,30s,book,pc,19,234.06,5,0.24198435198375784,1
885,357,M,40s,book,tablet,11,203.84,4,0.12495544783453087,0
897,498,M,20s,food,mobile,15,353.11,8,0.17898650811398287,0
272,416,F,20s,sports,tablet,19,266.63,1,0.13125569075759158,0
189,451,M,20s,sports,pc,18,317.82,9,0.06594152163527259,0
999,3,M,30s,sports,pc,6,237.76,7,0.01222704124954849,0
704,214,M,20s,book,tablet,3,280.79,6,0.19340776539529433,0
447,342,M,10s,food,pc,18,98.63,3,0.30050897880383487,1
581,74,M,20s,sports,pc,9,32.42,2,0.052584280590051796,0
790,51,M,50s,electronics,mobile,7,181.18,6,0.41643394106023834,0
861,67,F,50s,sports,mobile,15,235.6,3,0.10538670797624104,0
247,332,M,20s,fashion,mobile,3,453.48,3,0.33244503875526943,1
963,93,M,20s,electronics,mobile,9,209.9,4,0.2446467397195885,1
76,176,M,50s,sports,mobile,18,219.79,6,0.2506137474838591,0
154,145,M,20s,book,mobile,15,339.04,2,0.08174545713456335,1
656,7,F,40s,sports,pc,11,107.36,4,0.022991711143014737,0
435,269,F,50s,food,pc,19,436.46,5,0.21837040922760326,0
997,376,M,30s,food,mobile,1,216.68,2,0.09795578871208288,0
86,322,F,50s,sports,tablet,10,465.74,7,0.1998172891363778,0
697,4,M,10s,book,mobile,19,139.28,5,0.3195997914940386,1
285,138,M,40s,book,pc,22,235.47,6,0.230407949818423,0
974,231,M,30s,book,tablet,12,390.19,6,0.1441199076144371,0
220,88,M,20s,sports,tablet,2,280.18,7,0.26356365851878905,0
69,17,F,10s,sports,tablet,16,332.32,4,0.247943144789133,1
47,52,F,10s,fashion,pc,9,143.94,3,0.17344055800147729,0
94,134,M,40s,food,tablet,7,167.59,2,0.4191022233100757,0
750,211,M,30s,electronics,pc,5,256.27,2,0.1377942812668199,0
958,325,F,10s,electronics,pc,13,105.23,3,0.12282769183119566,0
453,480,F,30s,food,mobile,18,67.52,5,0.11021853926341425,0
204,458,M,30s,fashion,pc,23,422.68,3,0.3384440273967119,0
912,393,F,10s,food,tablet,21,388.55,10,0.05965653663708096,1
218,219,M,30s,fashion,pc,0,466.37,3,0.20228566927129277,0
474,205,F,40s,fashion,pc,10,295.34,4,0.2120186499428369,0
432,211,F,10s,book,mobile,13,213.03,7,0.1524444386094588,0
341,277,F,40s,food,mobile,12,56.0,8,0.15770539175705975,0
551,24,F,40s,electronics,pc,11,425.98,3,0.046465554675285306,0
612,486,M,30s,sports,pc,21,230.85,6,0.15766482569024265,0
289,4,M,30s,sports,pc,5,282.76,4,0.28272771897612897,0
254,152,F,10s,food,mobile,3,160.19,6,0.13945328561586068,1
734,443,M,20s,sports,mobile,23,264.32,8,0.24458775823282708,0
357,483,F,10s,fashion,tablet,8,391.97,2,0.11465362763452931,0
23,259,F,40s,sports,tablet,6,357.57,4,0.12751983681941906,0
762,324,M,30s,fashion,tablet,6,494.52,1,0.25055226978589396,0
522,357,M,40s,fashion,tablet,12,250.35,10,0.06498652953198865,0
758,168,M,50s,electronics,mobile,1,267.2,3,0.14248541889811323,0
837,176,F,50s,sports,mobile,1,31.1,8,0.2200336128913477,1
100,310,M,40s,electronics,pc,14,197.74,8,0.047938418131666535,0
802,291,M,20s,sports,tablet,15,461.44,7,0.2814217603180884,1
180,479,M,20s,fashion,pc,1,178.49,6,0.11340628762075575,1
223,56,M,10s,sports,pc,19,384.23,6,0.20580484790742448,0
906,108,F,10s,electronics,mobile,4,488.91,3,0.38737918138444977,1
762,473,F,10s,book,pc,1,67.79,3,0.06267598991385695,0
659,296,F,30s,electronics,pc,19,170.33,7,0.1658277490123168,1
442,461,F,20s,book,mobile,6,239.82,2,0.40006661873599236,1
608,324,F,40s,food,mobile,4,122.5,4,0.23099068636099765,0
769,302,F,50s,electronics,mobile,10,11.16,8,0.24475037557901658,1
325,334,F,20s,sports,mobile,7,236.96,2,0.2189085004999177,0
516,141,M,20s,book,tablet,16,270.63,3,0.08438549662853384,0
16,155,F,20s,sports,tablet,13,314.59,5,0.2515024146002468,0
792,262,F,10s,book,tablet,4,414.47,1,0.293632998146026,0
336,273,F,30s,electronics,pc,3,130.26,4,0.5179826774183542,1
759,420,F,40s,electronics,tablet,2,35.21,4,0.22893778771650533,1
258,232,M,10s,sports,mobile,6,49.47,3,0.18003866667680923,0
497,241,F,30s,electronics,tablet,10,251.22,4,0.4706782085391372,1
988,355,F,20s,sports,mobile,0,461.51,4,0.3816674648220087,0
896,337,M,30s,fashion,tablet,21,491.19,6,0.5096648766942418,1
160,489,F,10s,book,tablet,23,106.5,5,0.2830105369319804,1
475,258,F,20s,sports,mobile,17,80.22,7,0.3404344677577602,1
852,249,F,10s,book,mobile,21,179.97,1,0.48746160326919247,1
664,77,F,40s,fashion,pc,0,234.63,3,0.13204535589547892,0
908,180,F,20s,book,pc,15,404.99,11,0.21718306984804506,0
690,66,F,30s,sports,pc,12,388.43,7,0.1710689715575061,0
675,308,F,10s,electronics,tablet,5,461.72,4,0.2665484388832624,0
380,348,M,50s,book,tablet,5,429.76,4,0.1657284156721863,0
545,171,M,30s,book,mobile,20,222.2,5,0.41450055293409416,0
929,474,F,30s,fashion,mobile,22,14.42,4,0.04419010600561182,0
957,22,M,20s,food,pc,13,122.11,7,0.05679876442266325,1
691,367,F,30s,electronics,mobile,4,306.98,3,0.24481537102399875,0
427,107,M,10s,sports,tablet,7,253.24,1,0.10721751517517217,0
613,439,F,50s,fashion,mobile,17,123.88,5,0.14056659739883104,0
268,323,M,40s,sports,mobile,5,70.14,4,0.5172124914517993,0
835,227,F,50s,sports,mobile,4,111.93,4,0.08999846775923287,0
577,444,M,10s,book,mobile,9,133.57,5,0.12107152678602377,0
417,442,M,20s,fashion,mobile,17,434.31,6,0.17101052194925428,0
168,396,F,10s,fashion,pc,12,356.58,6,0.02854088426496019,0
842,216,F,30s,electronics,pc,22,278.4,5,0.15619257382048463,0
43,69,M,20s,food,tablet,19,15.37,5,0.13763332080594456,0
556,84,M,40s,sports,pc,5,411.49,4,0.14375559382988698,0
285,103,F,40s,electronics,mobile,20,278.47,5,0.29663425545188005,0
397,39,M,10s,electronics,pc,3,315.53,6,0.08666475563968563,0
12,13,F,30s,sports,tablet,12,37.5,7,0.4376131345360841,0
607,297,M,40s,book,pc,17,408.35,3,0.0797311695830194,0
302,313,M,50s,book,tablet,12,416.85,8,0.2948128278694175,0
898,181,F,20s,sports,tablet,12,442.25,1,0.41230661045410927,0
253,493,F,50s,fashion,tablet,6,266.4,9,0.07001098407854893,0
499,268,F,40s,food,mobile,4,200.05,5,0.22893420648014415,0
754,13,M,40s,book,tablet,2,41.16,4,0.18715731442159345,0
35,120,M,10s,food,pc,5,100.97,4,0.11725180103007599,0
727,458,M,10s,electronics,pc,7,116.66,2,0.4344619905996083,0
849,353,F,20s,electronics,pc,11,36.03,6,0.41735681965888644,0
90,57,M,10s,sports,tablet,1,81.42,4,0.07731736594651308,0
776,40,M,30s,sports,tablet,10,443.97,6,0.2528272881402424,0
605,374,F,20s,sports,mobile,19,274.97,5,0.2055646217150697,1
922,336,M,30s,book,tablet,2,383.42,6,0.14246228108098627,1
970,128,M,10s,food,pc,22,141.14,1,0.036815247590149223,0
602,173,F,20s,electronics,mobile,9,71.63,6,0.3320887083776586,1
418,35,F,40s,food,pc,7,189.76,6,0.05113254784038641,0
115,259,F,50s,book,mobile,7,397.53,7,0.23783713515065505,0
617,376,F,40s,food,tablet,13,152.18,6,0.07838612845361345,0
903,5,F,30s,food,mobile,3,106.24,7,0.20217519965453615,1
196,218,F,40s,sports,tablet,14,16.09,5,0.47745693053573124,0
826,11,F,40s,food,tablet,9,313.89,4,0.24381265781940673,0
501,382,F,50s,food,pc,17,220.73,5,0.3471804480838026,0
626,327,F,50s,food,tablet,21,133.08,5,0.06184522539303186,0
493,117,M,40s,fashion,tablet,14,262.28,3,0.1728884804924256,0
75,184,F,50s,electronics,tablet,18,351.81,7,0.02705489328602534,0
413,394,F,40s,electronics,pc,23,127.5,3,0.14538622763999645,0
376,362,M,20s,food,tablet,2,306.34,5,0.16393728751345157,1
420,116,F,40s,sports,pc,1,133.78,1,0.23605084910643961,1
729,162,M,10s,sports,mobile,12,493.4,4,0.3672317534735485,1
277,67,M,50s,sports,pc,12,367.53,9,0.04344756331956917,0
761,200,F,50s,electronics,pc,8,303.32,6,0.041395774793459995,0
676,31,M,30s,book,tablet,2,90.3,4,0.34602607282185144,0
394,75,F,30s,food,pc,1,295.26,11,0.2425849553476123,0
869,237,F,10s,electronics,mobile,13,401.23,10,0.14007559332595884,1
457,327,M,50s,sports,pc,15,369.87,2,0.0988947667371628,0
920,493,M,50s,electronics,tablet,13,390.12,2,0.19906967424863775,0
192,66,M,30s,electronics,mobile,3,162.31,2,0.016177818274108878,0
739,70,F,30s,electronics,tablet,1,167.49,2,0.26231392915425755,0
689,297,F,40s,sports,tablet,15,271.75,2,0.24833339718645853,0
99,447,M,50s,book,pc,7,142.94,6,0.46506387313407965,1
548,416,F,50s,fashion,tablet,0,60.94,2,0.0846940573046565,0
978,20,F,40s,food,mobile,17,233.26,8,0.2337707004257867,0
999,441,M,50s,food,mobile,21,5.95,10,0.2429153862496897,0
96,226,M,10s,electronics,mobile,8,381.58,5,0.22315909182209714,0
664,434,M,30s,book,mobile,11,376.1,5,0.09595773142344544,0
663,464,M,30s,sports,pc,4,278.2,5,0.0819568094533028,0
190,409,M,30s,fashion,mobile,20,375.07,5,0.1053935049691196,0
736,396,M,20s,fashion,pc,2,314.14,6,0.2275386507734883,0
37,199,M,10s,electronics,tablet,7,350.24,7,0.4120446184475826,0
780,39,M,10s,electronics,tablet,21,37.0,5,0.1018345133344659,0
369,145,M,40s,sports,pc,15,441.23,4,0.1420174118594143,0
695,45,M,20s,sports,tablet,17,323.75,5,0.3608622329257663,1
525,395,F,50s,sports,tablet,11,307.26,5,0.136140432865651,0
279,326,F,10s,electronics,mobile,11,196.68,5,0.21813077904156322,1
217,381,M,20s,book,tablet,20,18.93,1,0.1407599307275363,0
867,407,F,20s,electronics,tablet,3,451.22,7,0.03328272384942987,0
873,91,F,10s,electronics,pc,9,492.9,9,0.2836229654031572,0
798,238,F,40s,fashion,mobile,8,404.85,5,0.09226359176444923,0
273,70,F,20s,sports,tablet,3,457.94,8,0.10259171873215031,0
881,166,F,30s,food,tablet,23,64.87,2,0.09400326355296022,0
62,130,F,20s,sports,pc,0,68.69,1,0.24162156707266444,1
596,214,M,50s,book,tablet,4,440.41,2,0.15814541877615196,0
880,340,M,10s,book,mobile,2,33.47,5,0.07773525178360763,1
729,89,F,50s,sports,mobile,10,51.14,4,0.17055256605289387,0
342,335,F,40s,sports,mobile,12,409.34,5,0.029836886271247007,0
397,252,M,30s,electronics,pc,21,280.7,3,0.18089214234025275,0
699,369,F,10s,food,mobile,10,198.9,6,0.06669440527907324,0
19,349,F,20s,electronics,mobile,5,278.96,4,0.1277908206896201,0
177,72,F,30s,fashion,mobile,21,439.98,6,0.09623488890256386,0
612,165,F,20s,fashion,mobile,3,379.78,2,0.17143247679279663,0
396,49,F,40s,book,mobile,6,347.35,6,0.38982991515344007,1
445,52,M,10s,book,mobile,2,488.56,4,0.196485347540085,0
233,289,M,40s,food,pc,21,263.05,8,0.1883528196386038,1
915,278,F,40s,book,mobile,9,8.13,3,0.21342205679315773,0
76,114,M,40s,fashion,tablet,4,217.37,6,0.2207247535002444,1
265,239,F,40s,food,pc,18,52.8,9,0.3216592657686827,0
455,133,F,20s,fashion,tablet,17,62.64,6,0.282992538302098,0
796,487,F,50s,sports,tablet,16,131.18,3,0.5216931334937964,0
718,274,F,20s,sports,mobile,23,193.78,4,0.34242534600572155,1
735,166,F,30s,food,tablet,0,243.39,8,0.05863365490115152,1
384,374,F,40s,electronics,tablet,4,89.06,5,0.3981306553274,0
564,373,F,30s,book,tablet,20,159.3,5,0.34522942370469073,0
851,293,F,20s,food,mobile,16,141.89,5,0.05392268781846199,1
506,478,F,40s,book,mobile,20,185.8,7,0.2930548484394926,0
367,243,M,20s,fashion,mobile,8,58.46,0,0.15152704606026485,1
144,479,F,40s,electronics,pc,10,201.68,3,0.25264425359991266,0
885,320,M,20s,book,mobile,21,279.4,1,0.1709911889481132,0
69,138,M,10s,sports,mobile,6,52.99,3,0.1658896231540277,1
99,79,F,50s,sports,tablet,6,262.78,8,0.27482470705570067,0
396,170,M,50s,fashion,mobile,1,379.18,4,0.05329498656941541,0
25,123,F,40s,food,tablet,13,9.08,2,0.2868853716150331,0
948,176,F,10s,book,mobile,15,28.53,10,0.49783494015487106,0
891,300,F,30s,fashion,mobile,4,235.9,4,0.015561570874537477,1
469,82,F,10s,sports,mobile,17,437.02,7,0.3161372741918982,0
484,87,M,40s,sports,mobile,3,498.91,4,0.17999920612528034,0
565,225,M,10s,sports,mobile,11,51.23,6,0.19047685924832114,1
151,16,F,30s,electronics,mobile,18,14.08,2,0.15355679717395837,0
144,310,M,40s,electronics,mobile,12,118.24,6,0.27285978950645656,0
569,358,M,50s,sports,tablet,5,236.4,2,0.2992147753916189,0
39,163,M,10s,food,pc,10,288.04,5,0.2199966330148299,0
109,98,F,50s,electronics,pc,14,486.88,5,0.06404423124671434,1
693,156,M,50s,book,mobile,20,444.79,7,0.25557063082975356,0
42,2,M,20s,electronics,pc,16,283.24,5,0.0297080037703663,0
186,350,M,30s,book,tablet,1,184.05,5,0.27743170667407513,0
935,397,F,10s,electronics,tablet,12,164.04,3,0.25804118187264785,0
398,169,M,50s,sports,tablet,22,288.45,6,0.2620815177128849,1
223,464,M,50s,book,pc,0,362.07,6,0.3744935929033012,1
634,315,F,30s,food,pc,3,243.42,1,0.07946451756454925,0
133,325,M,50s,electronics,pc,14,155.68,8,0.1440019812506669,0
163,375,F,50s,electronics,mobile,15,308.52,1,0.2283241580811087,1
215,92,F,50s,sports,tablet,10,281.18,5,0.1481155631824683,0
733,181,F,50s,book,tablet,2,216.55,6,0.03391170391329604,0
235,231,F,20s,sports,mobile,11,375.44,4,0.2500365779518828,0
843,301,F,20s,book,pc,11,144.7,3,0.3792607816704558,0
658,148,F,40s,electronics,tablet,10,245.04,7,0.08596525975774566,0
751,280,M,10s,electronics,pc,15,470.47,7,0.21268004816502514,1
588,189,F,30s,electronics,mobile,20,362.8,4,0.11258669687756721,1
9,347,M,40s,electronics,pc,20,197.05,2,0.16728182479096146,1
74,350,M,20s,fashion,mobile,12,275.36,7,0.25337208120283694,0
954,314,F,20s,electronics,pc,11,205.71,4,0.3089057242843984,0
492,493,M,20s,electronics,mobile,9,60.71,2,0.25853311888715264,1
913,411,M,40s,book,tablet,10,170.79,6,0.26915713219708814,0
253,410,M,20s,electronics,mobile,17,430.92,4,0.1314361720577107,0
230,128,F,40s,electronics,pc,4,233.29,8,0.18598915505835323,0
519,7,M,20s,book,tablet,19,294.4,2,0.1603908112517522,0
174,426,M,50s,electronics,pc,12,94.82,7,0.13893294937527498,0
653,47,F,50s,electronics,pc,16,181.33,3,0.2700799748820495,1
168,53,M,10s,sports,mobile,11,464.96,8,0.21351443963817265,0
170,187,M,20s,fashion,mobile,16,160.55,4,0.23666399067401053,1
393,38,M,10s,book,pc,0,129.03,4,0.0715027977930034,0
946,453,F,40s,sports,mobile,7,32.67,7,0.20475654054043535,0
795,471,M,10s,food,pc,15,53.13,8,0.2964165105114099,0
634,476,M,20s,food,mobile,14,294.47,12,0.6206845482806932,0
194,226,F,40s,fashion,mobile,18,331.72,1,0.15809272152745119,1
517,53,F,40s,food,pc,9,322.58,2,0.6753881530546008,0
29,399,F,50s,fashion,tablet,1,272.22,6,0.08891659150527759,0
165,224,M,40s,food,mobile,3,248.03,6,0.38043818578310823,1
422,154,F,40s,food,pc,3,40.71,9,0.22883294932542042,0
339,48,F,10s,sports,tablet,19,421.14,3,0.24416445415777493,0
648,351,F,40s,food,mobile,11,258.97,5,0.11163061713411176,0
496,147,M,30s,fashion,mobile,16,70.3,3,0.12841429232022195,0
365,393,F,50s,electronics,pc,20,72.25,2,0.15002969796157414,0
833,64,F,50s,electronics,mobile,21,258.91,5,0.1965959834742925,0
342,349,F,40s,electronics,pc,3,126.07,9,0.23235000425466257,1
500,182,F,10s,fashion,pc,7,461.37,6,0.3938521648503187,0
657,125,F,50s,fashion,mobile,15,251.98,5,0.10841256392363713,0
511,179,M,50s,electronics,tablet,14,489.32,5,0.02697564272259216,0
327,39,M,30s,food,mobile,13,368.41,3,0.22809786613072053,0
217,260,F,40s,electronics,tablet,18,406.3,0,0.09284172019116316,0
301,382,F,50s,book,mobile,10,197.49,3,0.24064421952221343,0
132,3,F,50s,fashion,tablet,12,71.34,4,0.04492479482172661,0
804,64,M,50s,book,mobile,22,346.4,11,0.11402957481987536,0
70,29,M,50s,book,tablet,7,206.5,5,0.24738648987573947,0
252,372,M,10s,fashion,tablet,22,474.7,9,0.17748209432255024,0
415,11,M,20s,electronics,mobile,8,100.85,4,0.5435322737255367,0
787,97,F,30s,sports,mobile,1,315.12,9,0.05426417166265622,1
445,358,F,10s,book,pc,19,433.7,7,0.20269655411160276,0
876,442,F,30s,electronics,tablet,1,204.4,6,0.07306853550229905,0
182,203,F,50s,sports,mobile,7,477.07,2,0.08761487885717857,0
167,411,M,30s,book,pc,17,42.93,6,0.30592868492512065,0
91,481,F,40s,electronics,mobile,23,295.53,5,0.3997394982410243,0
714,21,M,40s,book,tablet,21,389.81,2,0.15399327256292195,0
858,39,M,20s,electronics,mobile,6,104.89,3,0.2612308456076271,0
531,223,F,20s,food,mobile,10,33.64,6,0.12971143213330136,1
39,102,M,30s,food,pc,21,44.55,6,0.049813802038737115,1
126,46,M,10s,fashion,mobile,19,163.02,5,0.1693566450243936,0
451,66,F,10s,sports,pc,0,115.47,7,0.25277524755614084,0
173,91,M,50s,book,tablet,15,115.83,10,0.19328427471575066,0
653,164,M,10s,book,tablet,15,231.97,4,0.14818782752538423,0
754,459,F,20s,electronics,mobile,9,47.04,1,0.4053294993865913,0
220,111,M,10s,sports,pc,23,497.77,3,0.04516768234354843,0
638,338,M,50s,book,tablet,16,349.42,4,0.044969034941894415,0
58,123,F,40s,sports,mobile,9,20.0,4,0.08812886692360712,1
660,193,M,10s,sports,mobile,5,347.49,4,0.15071575327502715,0
476,447,F,10s,food,mobile,13,396.95,7,0.2527067777324102,0
456,99,M,20s,book,mobile,14,99.43,4,0.12592837555238587,0
829,291,M,30s,book,mobile,3,420.94,2,0.16109962858645582,1
895,159,F,40s,fashion,pc,1,307.82,9,0.36294207279694773,0
361,412,F,30s,sports,mobile,18,411.32,14,0.03780476632983155,0
935,103,M,50s,electronics,mobile,12,359.76,6,0.11073568750633968,1
1,385,F,50s,food,mobile,11,353.79,9,0.2517489883124123,0
387,281,M,30s,fashion,mobile,20,83.33,4,0.18684337423910502,0
973,43,F,20s,food,mobile,22,161.32,7,0.0675260104443741,0
348,486,M,20s,electronics,mobile,12,264.01,10,0.4048748173780683,1
190,84,M,20s,fashion,mobile,14,60.71,5,0.026866986715108624,0
505,451,M,40s,food,tablet,1,241.85,3,0.1167617000737914,0
191,191,M,50s,electronics,tablet,7,225.43,7,0.15364745645002145,0
508,51,M,50s,fashion,mobile,2,119.8,3,0.20418349040654254,0
369,386,F,50s,electronics,pc,0,103.86,2,0.2231136964027946,1
409,210,F,40s,fashion,mobile,23,127.45,4,0.24479331682289146,1
824,126,M,50s,book,pc,10,304.53,5,0.049171938249503416,0
929,492,M,30s,book,pc,8,210.4,5,0.05492665858853715,0
934,448,F,10s,food,pc,23,209.91,3,0.223197782065297,0
117,458,F,40s,sports,pc,16,94.96,11,0.38742315092567603,1
134,69,F,10s,sports,pc,6,394.75,2,0.023557625787560817,0
58,265,F,30s,electronics,tablet,22,351.69,8,0.34703633801923356,0
556,258,F,20s,fashion,mobile,3,217.39,5,0.16283205470814593,1
685,418,M,20s,book,tablet,12,75.39,4,0.3114214911598904,0
672,188,M,20s,sports,tablet,23,358.78,7,0.23119250177848152,0
173,230,F,40s,book,mobile,4,449.93,6,0.3094766118299654,0
829,189,F,20s,electronics,tablet,11,93.24,4,0.09856683623039685,0
815,415,F,40s,electronics,mobile,19,303.32,4,0.11208083052535826,0
149,10,F,40s,fashion,mobile,4,215.03,6,0.2485814686269488,0
80,114,F,10s,sports,mobile,10,48.39,3,0.18469841009484628,1
886,76,F,20s,electronics,mobile,1,364.28,9,0.289186883361937,1
213,164,F,50s,electronics,pc,3,40.22,6,0.3313234315737115,0
203,85,F,20s,book,pc,9,352.6,7,0.15680933954473147,0
764,49,F,20s,food,tablet,23,144.17,2,0.07240408606363895,0
229,495,M,20s,sports,mobile,6,285.0,7,0.1954125078371601,0
676,326,F,50s,fashion,mobile,11,84.42,7,0.239031128591407,0
227,496,F,50s,fashion,mobile,7,188.59,3,0.11401784158626929,0
659,177,M,40s,book,mobile,22,56.52,5,0.10598169873639524,0
532,387,M,50s,fashion,pc,22,236.32,8,0.24292976302250985,1
441,458,M,40s,electronics,pc,22,110.58,2,0.17334686662198773,0
402,389,F,10s,sports,pc,15,98.03,3,0.13001889852848117,0
47,494,F,40s,fashion,tablet,1,58.04,3,0.453225488882367,0
233,218,F,20s,sports,mobile,2,383.89,4,0.29513476237396036,0
305,189,F,30s,fashion,pc,16,321.56,4,0.2794119899046369,0
526,469,M,30s,food,pc,14,82.67,4,0.09985133695643854,0
143,493,F,20s,food,mobile,17,238.85,7,0.1656811550319178,0
415,346,F,40s,sports,pc,9,332.14,3,0.09129610949729122,1
513,230,M,20s,food,mobile,21,439.64,6,0.290764972448795,0
373,255,F,50s,food,mobile,1,34.49,7,0.1628636661327827,1
566,236,F,40s,electronics,pc,16,184.37,4,0.3711738564906124,0
886,26,F,20s,fashion,tablet,15,309.9,4,0.09335730166360764,0
259,72,F,50s,food,mobile,23,12.73,4,0.12182158938559255,0
656,261,M,50s,sports,tablet,6,125.55,4,0.23117475717430352,0
471,254,M,40s,electronics,pc,18,373.73,5,0.0777583622710496,0
953,271,M,10s,food,mobile,15,181.09,6,0.27852999107891174,0
971,123,M,10s,sports,mobile,0,46.82,6,0.32667123747431637,0
12,144,F,50s,fashion,pc,3,315.16,7,0.49091954366175267,0
330,257,F,10s,food,tablet,12,128.78,5,0.3586835285678988,0
736,144,F,50s,sports,pc,9,352.32,5,0.25062664115743644,0
784,421,M,10s,sports,pc,10,450.59,0,0.0355105033798303,0
968,259,M,50s,book,pc,18,266.29,2,0.2774296986001584,0
358,436,M,50s,sports,tablet,14,301.58,6,0.2432170079238682,0
972,47,F,50s,book,mobile,10,259.63,6,0.17202952299063218,0
408,351,F,50s,fashion,mobile,2,409.63,8,0.24563685397811708,1
668,13,M,30s,fashion,pc,1,124.65,7,0.08729171120813667,0
373,376,M,10s,electronics,pc,10,203.76,4,0.08157105816659402,0
8,208,F,50s,book,tablet,9,448.04,4,0.07335989295592672,0
122,311,F,20s,sports,pc,2,363.2,4,0.12353487078555127,0
348,235,F,40s,electronics,tablet,4,163.44,3,0.10913979957941286,0
676,149,M,20s,electronics,tablet,14,417.15,7,0.06532254415358031,0
90,322,M,20s,fashion,tablet,3,123.22,2,0.15289609331342624,0
648,438,M,30s,sports,pc,16,318.92,1,0.27877561009433843,0
698,155,M,10s,book,mobile,0,478.45,5,0.17184044197114468,0
316,166,F,30s,fashion,tablet,0,289.48,4,0.23472168614970748,0
178,90,F,10s,electronics,mobile,11,400.74,7,0.19707488463639683,0
540,186,F,50s,food,tablet,9,369.04,4,0.27916236560185753,1
732,318,M,30s,electronics,pc,8,433.53,7,0.0756105920962906,1
869,358,F,40s,food,tablet,8,484.54,8,0.026904707816184394,0
41,174,F,10s,fashion,tablet,19,16.05,5,0.10344051161181424,0
740,217,F,30s,book,mobile,19,18.8,3,0.11083951387678577,0
704,395,F,40s,sports,pc,13,299.24,5,0.1457564541067296,0
923,456,F,20s,food,tablet,22,477.35,4,0.08174073905022579,0
502,264,M,50s,sports,pc,18,245.41,5,0.1819512108215515,0
959,97,F,50s,fashion,mobile,9,420.69,8,0.03676813442215824,0
145,117,F,20s,fashion,pc,2,385.11,6,0.1486196655054345,0
201,199,M,30s,fashion,pc,19,251.63,2,0.011348375727415936,0
929,320,M,20s,book,mobile,21,259.02,11,0.21719590442135045,0
724,486,F,40s,food,tablet,16,220.84,4,0.19547905861519635,0
461,21,F,10s,sports,tablet,2,129.84,6,0.31466751526254927,0
732,200,F,30s,electronics,pc,11,430.06,2,0.4798342139899912,0
752,371,F,10s,fashion,tablet,14,108.74,8,0.15201629443376738,0
925,447,M,20s,sports,mobile,4,453.93,9,0.08070756440997708,0
909,341,F,50s,sports,pc,14,183.07,2,0.089200654315077,0
558,448,M,10s,book,pc,19,18.12,8,0.09304406446210604,0
547,248,F,10s,food,tablet,23,88.35,5,0.20322567231343663,0
253,276,F,50s,book,tablet,15,444.47,5,0.08321695424058823,0
390,264,F,10s,book,tablet,8,68.58,4,0.31074604501195785,1
594,58,M,10s,sports,pc,7,370.69,3,0.06576918970020307,0
883,302,F,50s,food,tablet,10,95.49,4,0.25885649410716416,0
256,31,F,50s,food,pc,8,251.97,3,0.29882691996125116,0
709,498,M,20s,food,tablet,15,106.58,7,0.24395838322008626,0
815,249,F,20s,fashion,pc,13,169.92,7,0.11342655734132094,0
921,93,M,10s,food,pc,14,66.79,6,0.007210554313218136,0
450,496,F,30s,sports,pc,13,280.22,5,0.09491809788284103,0
10,265,M,20s,fashion,tablet,23,186.08,7,0.24013849966370243,0
824,271,M,20s,electronics,tablet,9,185.91,7,0.13044939322624596,0
798,94,M,30s,book,mobile,12,24.09,5,0.21724554853214356,0
242,154,F,30s,food,pc,0,72.38,3,0.13216871646422118,1
251,394,M,50s,electronics,tablet,22,355.23,5,0.1673585312314706,0
877,285,M,20s,food,mobile,8,149.7,5,0.1847012467770094,0
5,80,F,40s,book,mobile,16,223.82,5,0.029582239383828767,0
119,292,M,40s,sports,tablet,16,382.72,7,0.07042861972318205,0
801,84,F,10s,sports,pc,9,225.15,7,0.025257309738640075,0
374,365,F,20s,book,mobile,12,116.68,6,0.31068139217217006,1
65,374,M,40s,electronics,mobile,17,277.16,7,0.06268500998756672,0
146,37,M,20s,fashion,pc,12,401.6,6,0.36037245740026846,0
224,342,F,20s,fashion,tablet,20,301.82,6,0.33418817939520934,0
239,327,M,40s,food,pc,23,212.99,4,0.40801482181701887,0
177,407,M,20s,book,pc,12,67.18,2,0.1936674249421508,0
779,425,M,30s,book,tablet,23,128.11,5,0.23437026570708724,0
853,232,M,10s,fashion,mobile,9,473.33,4,0.17486776560593947,0
282,93,F,50s,electronics,pc,19,387.04,9,0.13811074337163062,0
63,336,F,40s,book,mobile,6,48.35,8,0.43481488990177114,1
217,102,M,50s,sports,mobile,6,7.73,9,0.07187969205700535,0
854,412,F,10s,sports,mobile,8,91.83,4,0.19976574425621152,0
827,432,M,30s,book,tablet,15,472.23,7,0.08257463871379479,0
795,166,M,30s,electronics,mobile,14,292.12,3,0.36878534478527464,0
689,159,M,30s,sports,pc,2,420.14,4,0.16793236985130494,0
461,14,M,30s,electronics,pc,12,235.29,4,0.08822244381733153,0
929,373,F,40s,fashion,pc,10,414.18,5,0.24794063809111763,0
610,225,M,40s,food,tablet,7,21.79,7,0.20696643820284666,0
105,73,F,20s,fashion,pc,20,216.28,5,0.16142395814123833,0
99,249,M,20s,food,tablet,20,191.91,7,0.07627738428284493,0
511,91,F,10s,sports,mobile,23,490.87,6,0.4208787614834179,0
385,216,F,20s,food,mobile,5,153.74,3,0.09899582696003698,0
405,461,F,10s,food,tablet,9,211.37,5,0.09247476530294475,0
823,90,F,10s,book,tablet,16,380.61,4,0.17746697562154742,0
518,29,M,10s,food,tablet,19,440.95,7,0.1214835335337644,0
476,435,F,30s,book,mobile,8,439.8,7,0.2956956384397865,0
977,305,M,50s,food,tablet,20,200.28,4,0.24167393424974096,0
709,427,F,50s,book,mobile,13,474.53,7,0.06084302649675517,0
863,476,F,40s,sports,mobile,19,328.49,2,0.18945060039312106,0
645,220,F,10s,sports,pc,12,426.31,11,0.21800268500049275,0
870,328,M,30s,food,mobile,0,463.51,5,0.14928845145474187,0
771,215,F,20s,electronics,tablet,23,120.63,3,0.13801688344387256,0
437,221,M,20s,sports,tablet,18,252.1,2,0.28986660175905893,1
23,389,M,40s,fashion,tablet,8,295.96,4,0.24364990698552982,0
997,42,M,40s,fashion,mobile,16,402.21,3,0.0749409208930148,0
565,135,F,10s,book,mobile,14,203.58,10,0.09903539697404516,0
677,42,F,10s,electronics,pc,19,109.17,4,0.045887978167007515,0
714,164,F,20s,book,pc,4,372.9,6,0.44115421647244013,0
458,361,F,20s,food,tablet,3,298.21,3,0.046119396448542765,0
83,283,F,20s,sports,mobile,3,449.66,5,0.14793891139332432,0
145,58,F,20s,electronics,tablet,14,329.24,3,0.33697979111097626,0
85,302,F,50s,book,tablet,4,13.33,3,0.09268972006552766,0
78,322,M,10s,book,tablet,16,483.49,10,0.12574316468781685,0
457,25,F,10s,fashion,pc,6,298.59,2,0.015442591670077653,0
878,73,M,20s,food,tablet,5,299.96,3,0.15759726771882515,0
1,373,M,30s,book,pc,14,455.08,7,0.12302602013506325,1
51,411,F,20s,fashion,mobile,19,333.59,5,0.17922004928715934,1
685,129,F,40s,electronics,tablet,13,242.26,6,0.15603616432916909,0
717,87,M,30s,book,pc,9,58.11,5,0.14215944608243034,0
772,330,M,40s,fashion,mobile,5,481.29,2,0.16590046513138973,0
446,426,F,30s,food,pc,9,43.85,3,0.0597618291099814,0
449,436,M,40s,sports,tablet,22,89.3,4,0.26766748270796953,0
881,153,M,20s,electronics,mobile,19,410.67,10,0.3000137939140379,0
488,182,M,20s,book,mobile,8,247.75,6,0.1907669949919644,0
800,125,M,30s,fashion,mobile,12,93.24,9,0.2900167923928897,0
34,67,F,40s,book,pc,13,146.65,3,0.2646706866083322,0
348,6,F,50s,sports,pc,0,497.04,10,0.296910705171964,1
95,125,M,30s,book,pc,0,294.09,6,0.29258024968900176,1
72,314,M,30s,book,mobile,18,203.8,5,0.08984398627883669,0
551,326,M,10s,fashion,tablet,8,438.73,4,0.037573392472023126,0
154,53,F,30s,sports,tablet,4,242.45,5,0.08351577999127167,0
250,66,F,50s,electronics,mobile,16,157.43,1,0.329575839916648,1
674,314,M,20s,fashion,tablet,15,86.29,3,0.1911895814330007,1
438,82,M,40s,sports,mobile,11,373.51,5,0.12550007126639942,0
118,87,M,10s,sports,tablet,4,300.13,5,0.27386913893506704,1
771,2,F,40s,book,tablet,5,50.72,4,0.09848281925380563,0
891,204,M,20s,food,tablet,19,297.86,8,0.1369689812888291,0
306,150,M,30s,food,pc,22,83.93,6,0.29218535015417163,0
268,293,M,50s,electronics,pc,10,490.95,6,0.2533772203458327,0
961,404,M,10s,book,mobile,18,133.56,10,0.026245283691760636,0
54,103,M,50s,food,pc,20,349.53,5,0.08994460106691785,0
236,24,F,50s,fashion,mobile,5,329.74,5,0.044434307501182525,0
389,368,F,50s,electronics,pc,22,347.22,4,0.10065372927397162,0
990,212,F,50s,book,tablet,9,217.85,1,0.2804336558407513,0
734,65,M,20s,fashion,pc,14,41.79,6,0.16021918199833166,1
763,449,F,50s,food,pc,17,490.1,7,0.22552686538561895,0
825,209,M,50s,food,pc,20,99.81,5,0.11151403903379634,0
401,251,F,20s,food,mobile,6,386.01,9,0.04323230830181034,0
624,385,F,40s,food,mobile,22,73.1,14,0.47777549262851626,0
767,117,M,20s,sports,tablet,2,144.19,6,0.30030822627976944,0
303,116,M,30s,electronics,tablet,23,282.14,3,0.4237850781934184,0
919,237,M,20s,electronics,tablet,15,209.67,5,0.14093979987459748,0
207,478,F,40s,food,pc,12,479.34,6,0.28575178086660435,0
229,105,M,30s,electronics,tablet,16,424.6,10,0.18274765817984,0
853,495,F,30s,fashion,mobile,3,461.29,2,0.35299358022175725,0
910,259,F,10s,fashion,tablet,18,322.14,5,0.14927652592803892,1
578,46,F,50s,electronics,tablet,3,113.36,7,0.13396676394804008,0
75,311,M,30s,food,tablet,11,261.66,5,0.11608371260958905,0
435,331,M,30s,book,tablet,23,383.94,4,0.17927767151689453,0
103,216,M,40s,food,tablet,3,37.04,4,0.3926780914616472,0
422,470,F,30s,sports,mobile,23,432.24,5,0.19166729700905163,0
704,448,F,40s,book,pc,16,317.52,6,0.23360796648595797,0
764,492,M,50s,sports,tablet,23,363.17,7,0.013628088674812099,0
738,301,F,10s,electronics,pc,17,348.68,3,0.08288619386562229,0
806,410,F,10s,sports,tablet,21,424.64,8,0.08420166758299706,0
306,333,F,50s,electronics,pc,5,48.32,13,0.13033308781385908,0
98,449,M,50s,sports,mobile,18,191.64,7,0.3721246397370834,0
850,24,F,20s,book,pc,4,253.8,3,0.09859690788990998,0
798,458,F,30s,sports,tablet,1,275.57,5,0.1620525267386495,0
335,35,M,30s,food,pc,10,471.56,3,0.11726639410439993,0
859,24,M,30s,electronics,pc,23,26.02,4,0.04177806267359053,0
435,28,M,40s,fashion,tablet,23,433.86,8,0.359886482755413,0
447,484,M,20s,sports,pc,12,278.19,7,0.17327616439625843,1
994,464,M,30s,electronics,tablet,4,279.54,5,0.527691068509414,0
308,488,M,40s,fashion,mobile,22,163.56,4,0.46491215160843685,0
249,16,F,40s,electronics,tablet,7,323.59,5,0.18214131593399857,0
166,59,F,10s,electronics,mobile,10,324.97,9,0.09804919085558061,0
481,465,F,40s,fashion,pc,3,98.7,0,0.2323522501247035,0
984,243,F,50s,fashion,tablet,17,340.12,6,0.09916843415381639,0
335,438,M,40s,book,pc,14,137.02,5,0.08016068211797005,0
542,207,F,50s,sports,mobile,4,345.95,4,0.2808670631633355,1
759,400,M,50s,sports,mobile,22,307.91,6,0.16307272409885512,1
106,271,M,10s,electronics,pc,11,359.4,6,0.12795075444242643,1
563,249,F,10s,food,tablet,3,14.75,6,0.14137983574931892,0
81,482,F,40s,food,tablet,3,67.06,3,0.3013701618824658,0
133,267,M,10s,electronics,tablet,19,420.9,2,0.32902389228188333,0
797,193,M,10s,book,tablet,8,193.46,6,0.22492265361612301,0
900,335,M,30s,fashion,mobile,8,419.18,4,0.14908862533245118,0
138,218,M,40s,electronics,tablet,13,36.02,2,0.2243010528962634,0
184,115,F,40s,sports,pc,23,385.84,4,0.2464792155172407,0
401,68,M,40s,food,mobile,7,46.46,5,0.19836305223958448,0
330,299,F,10s,food,pc,22,236.82,7,0.20155258157200853,1
785,325,M,10s,food,pc,0,469.1,4,0.09465738039746235,0
508,483,M,50s,book,pc,23,43.45,6,0.22443649236268687,0
852,397,M,20s,sports,mobile,10,178.58,4,0.12168553642220162,1
984,394,F,20s,book,tablet,3,261.58,2,0.21003053898417506,0
69,75,M,20s,fashion,pc,16,450.23,3,0.4281742751908349,1
546,466,F,30s,electronics,pc,16,169.64,2,0.13890766006661975,0
774,482,F,10s,electronics,tablet,18,404.49,4,0.1362762895181387,0
53,103,F,50s,food,tablet,12,360.5,4,0.20001212088853307,0
450,297,M,50s,food,tablet,18,157.0,5,0.17202719883604506,0
205,490,F,20s,fashion,tablet,16,173.7,5,0.15259291191434815,0
126,178,F,30s,book,pc,23,99.55,4,0.23127475782214058,0
747,215,M,30s,sports,mobile,19,348.02,4,0.13863412726537588,0
43,455,M,20s,fashion,tablet,11,283.74,5,0.219128284689135,0
752,315,F,20s,electronics,tablet,19,81.7,4,0.21486269602073862,1
971,39,F,10s,electronics,pc,13,311.93,3,0.1645638208964679,0
883,259,M,30s,book,tablet,21,251.83,2,0.14645569010879061,0
111,204,F,50s,fashion,pc,8,50.83,1,0.5841945372263327,0
761,7,F,20s,sports,pc,11,477.08,2,0.2253578043104207,0
663,49,F,10s,fashion,pc,23,418.2,6,0.314148117868418,1
183,26,M,50s,fashion,pc,16,40.16,3,0.1743421488685235,0
848,161,F,30s,book,tablet,15,465.98,4,0.16718600894168337,1
95,357,M,20s,sports,mobile,11,458.76,5,0.21922743242170495,1
971,176,M,20s,electronics,tablet,9,25.88,7,0.35262886411407734,1
374,79,M,10s,food,mobile,1,104.73,4,0.02475098347733641,0
912,2,F,10s,sports,tablet,2,352.69,6,0.1274892684804406,0
520,489,M,30s,electronics,pc,4,467.61,4,0.14199384419562164,0
900,383,F,20s,book,tablet,15,412.44,4,0.3573630977860535,0
360,455,M,10s,sports,pc,20,144.54,8,0.3172972691647492,0
900,416,F,20s,sports,tablet,12,21.55,5,0.29163688162702034,0
696,132,F,30s,electronics,pc,23,239.08,6,0.23893830482453363,0
281,276,F,20s,electronics,mobile,17,50.52,4,0.18506875114087848,0
195,498,M,50s,fashion,pc,1,126.42,5,0.15684002142806638,0
864,117,F,20s,fashion,tablet,23,321.85,3,0.10220903949225896,0
195,164,F,40s,sports,pc,0,250.03,7,0.3991190590907636,0
667,288,M,40s,food,mobile,8,191.48,4,0.12417704558258343,0
93,28,M,30s,book,mobile,17,465.33,3,0.11365985592765532,0
672,333,F,30s,electronics,tablet,4,100.52,5,0.11068595220698155,0
946,1,M,30s,fashion,pc,2,246.3,5,0.08141637371869997,0
61,188,M,50s,book,tablet,4,288.88,5,0.20063106520491647,0
634,56,M,50s,sports,pc,11,164.36,2,0.2914711402009352,0
51,35,F,20s,electronics,mobile,7,354.12,2,0.1131181055041828,0
403,112,M,10s,electronics,tablet,7,434.3,9,0.18375258323776733,0
789,286,F,40s,fashion,mobile,21,273.03,5,0.22150343043426635,0
5,310,M,40s,food,pc,6,391.76,6,0.16601514182247093,0
466,36,M,40s,electronics,mobile,1,35.18,9,0.25232837265454355,0
604,439,F,20s,food,pc,0,81.12,2,0.20065809496435474,1
682,217,M,20s,book,tablet,23,233.7,3,0.09554348147662553,0
829,80,M,30s,electronics,pc,0,460.9,7,0.38219718142636205,0
534,314,M,10s,electronics,pc,7,268.14,4,0.1969247241982763,0
405,83,M,30s,food,tablet,16,218.99,7,0.45693940016226786,0
838,65,F,20s,fashion,tablet,22,302.05,5,0.45322616517858444,0
513,325,F,50s,sports,mobile,4,66.61,5,0.11784429611842218,0
645,128,F,30s,book,pc,13,328.57,6,0.1637770224903789,0
233,307,F,20s,electronics,pc,7,51.54,6,0.11580043237115294,0
524,22,F,20s,fashion,mobile,19,290.51,6,0.22825368063914284,0
346,216,F,50s,electronics,pc,17,358.62,5,0.09615314478209598,0
46,107,F,50s,book,pc,22,208.7,4,0.03726365678925331,0
546,109,M,50s,sports,tablet,6,455.9,7,0.06833513438142745,0
945,372,F,10s,electronics,tablet,23,80.26,7,0.03644592146142632,0
78,357,F,20s,food,tablet,13,89.62,5,0.07137601415675757,0
730,181,F,50s,fashion,mobile,13,260.87,11,0.18697356825253675,0
813,356,M,10s,sports,tablet,5,466.17,6,0.06353069131433124,0
923,164,F,40s,electronics,mobile,2,198.4,5,0.36449485580062524,0
73,68,F,40s,sports,tablet,20,463.57,4,0.03446797374744873,0
794,292,F,40s,food,pc,13,348.27,5,0.1453864833583335,0
249,180,M,20s,electronics,pc,13,392.36,3,0.10550895287493914,0
47,181,F,10s,sports,tablet,2,469.25,3,0.29426406617884526,0
121,466,M,10s,electronics,tablet,9,288.3,2,0.10430804055250208,0
214,434,M,40s,electronics,mobile,8,322.62,8,0.14481098280954727,1
239,464,M,30s,sports,pc,20,291.6,5,0.1791927844070152,0
56,169,M,40s,electronics,tablet,6,393.5,6,0.08861193457042926,0
350,402,F,20s,food,tablet,6,140.34,2,0.08823026109940245,0
107,22,M,40s,sports,pc,6,395.08,5,0.1257568244472131,0
831,66,M,40s,sports,tablet,11,358.21,6,0.19551161542791365,0
48,21,F,10s,food,pc,3,303.02,6,0.04712991192465509,1
573,100,M,40s,food,tablet,19,24.2,6,0.302538763062005,0
337,384,M,50s,food,pc,12,388.4,7,0.09697348449866781,1
26,300,M,50s,electronics,mobile,2,70.55,8,0.04096270362465018,0
804,103,M,30s,electronics,tablet,19,481.18,7,0.14031737035772704,0
257,47,M,20s,book,tablet,8,45.34,3,0.16879377935529963,0
8,39,M,20s,electronics,tablet,20,361.54,4,0.10775400265201386,0
625,285,F,10s,food,mobile,21,183.41,5,0.31393397764321324,0
867,310,F,20s,book,tablet,19,369.17,7,0.05824158137903398,0
253,90,F,30s,food,tablet,12,261.88,6,0.04863892010680687,0
692,85,F,50s,fashion,pc,0,316.61,8,0.25358112142859107,0
719,273,M,10s,sports,tablet,22,42.34,4,0.25959246126425206,0
303,336,M,50s,fashion,tablet,22,483.41,4,0.07038088762041066,0
639,188,M,30s,food,pc,5,6.9,3,0.1384873846986431,0
56,159,F,10s,electronics,mobile,19,470.87,5,0.2911214833419992,1
726,243,F,40s,sports,mobile,23,286.28,6,0.28208561461767745,1
526,73,M,20s,electronics,pc,7,132.84,9,0.14431928431403424,1
474,479,M,30s,electronics,mobile,16,320.68,7,0.27202284680866784,0
28,462,F,10s,sports,mobile,23,338.08,2,0.4688169325717496,0
983,49,F,50s,sports,tablet,17,366.51,3,0.14143836880203306,1
78,101,F,10s,fashion,tablet,3,13.14,0,0.23239569301047272,0
216,2,F,40s,food,tablet,11,491.48,5,0.0980858723081738,0
386,244,M,30s,electronics,mobile,21,310.87,5,0.10075481275846256,1
365,176,F,10s,food,tablet,15,191.88,6,0.21994942639052348,0
666,238,F,30s,food,mobile,17,287.47,2,0.053295144667780084,0
526,398,M,30s,book,tablet,9,93.32,8,0.06369016971911103,0
699,59,M,50s,fashion,mobile,3,127.4,6,0.11188998732091199,1
312,353,M,20s,electronics,pc,1,47.46,4,0.04453874907787323,0
883,99,F,40s,sports,pc,14,440.22,4,0.08785922380331762,1
7,442,F,10s,sports,tablet,8,129.54,1,0.05342311323210468,1
3,359,F,20s,food,mobile,14,371.16,4,0.17418638442121012,0
623,442,F,50s,fashion,pc,4,140.73,6,0.26876434409891026,1
919,495,M,20s,fashion,pc,18,77.26,6,0.06470979382634183,0
750,435,M,30s,electronics,tablet,2,58.53,3,0.125846199237478,0
363,468,F,30s,electronics,tablet,16,430.82,6,0.1837060279981176,0
751,2,F,40s,food,mobile,12,64.27,1,0.13338177093238063,0
508,243,F,10s,food,pc,23,48.14,8,0.06177762771247579,0
274,297,M,10s,food,mobile,2,9.63,2,0.1498961090807648,1
506,211,F,50s,book,mobile,3,186.39,4,0.19826371505826199,0
806,123,M,40s,fashion,tablet,17,471.63,6,0.21404448635029788,0
739,229,F,10s,food,mobile,23,454.78,3,0.29948673975650186,0
883,82,M,30s,fashion,mobile,2,61.95,6,0.14571973844228772,0
15,144,M,40s,sports,pc,13,11.18,3,0.2509274260587844,0
192,388,F,20s,sports,mobile,15,376.75,6,0.42364788628547095,0
985,140,M,40s,fashion,pc,11,156.71,6,0.18254286900906208,0
631,29,M,40s,sports,pc,10,418.17,4,0.13771936226881992,0
485,391,F,10s,sports,mobile,1,111.64,6,0.3649287685691191,0
28,270,M,50s,sports,mobile,0,248.64,5,0.29513654928821265,1
714,247,F,50s,electronics,pc,12,21.31,6,0.08942728783746334,0
39,12,M,10s,electronics,mobile,17,447.88,2,0.24228925783248925,0
953,355,M,10s,fashion,pc,17,93.1,5,0.13854559673510886,0
273,389,M,10s,fashion,mobile,12,150.88,7,0.29320188225788724,1
231,337,M,50s,book,pc,3,242.45,8,0.16811568406144128,0
86,106,F,10s,electronics,pc,0,139.28,3,0.1521678408890573,0
474,32,F,20s,fashion,tablet,14,24.88,6,0.22083435886724104,0
126,74,F,20s,electronics,mobile,16,19.4,4,0.10030655136728578,0
812,171,M,30s,book,pc,5,477.83,6,0.12749456692479247,0
537,337,M,20s,fashion,pc,4,166.12,5,0.1564636618933692,0
145,69,F,40s,fashion,mobile,0,170.52,4,0.050125779502814445,0
525,301,F,30s,fashion,mobile,21,461.84,4,0.13654371610930147,0
212,362,F,20s,fashion,mobile,15,418.9,4,0.19878854897561624,0
25,137,F,40s,food,tablet,13,345.04,4,0.2808935593347514,0
580,433,M,20s,electronics,mobile,23,330.96,5,0.3111176247282895,0
394,417,F,40s,electronics,tablet,4,401.54,4,0.1325238492981899,0
67,484,M,10s,electronics,mobile,2,88.59,4,0.27047307160091066,0
233,100,F,40s,book,tablet,2,333.82,3,0.1319419887249294,0
109,146,M,10s,food,mobile,11,53.71,2,0.025893028828208372,0
146,9,F,40s,electronics,tablet,17,67.62,6,0.1576643619728648,0
111,62,F,40s,electronics,pc,8,125.16,3,0.25776514234731923,0
228,185,M,20s,fashion,tablet,22,356.35,8,0.3701298847100062,0
111,29,M,40s,fashion,tablet,16,446.81,8,0.03700863137775656,0
470,381,F,20s,fashion,pc,16,346.94,3,0.2637446069420697,1
34,114,M,40s,electronics,mobile,19,211.23,2,0.17199104510221008,0
623,462,F,50s,fashion,pc,17,259.26,6,0.14376206673886224,0
776,409,M,30s,electronics,pc,2,357.6,4,0.2759619581488782,1
936,143,F,20s,book,pc,17,308.57,6,0.12223371426992304,0
369,390,F,20s,book,tablet,14,267.09,6,0.07906385779099159,0
748,120,F,10s,sports,pc,0,122.21,5,0.16679291890979686,0
595,170,F,50s,food,mobile,2,310.4,6,0.35844980259447873,1
554,157,F,10s,fashion,tablet,6,14.24,2,0.08661554191543687,0
425,335,F,50s,fashion,tablet,9,282.23,7,0.11449936789217649,1
613,349,F,50s,food,pc,8,411.27,5,0.3197351867879857,1
518,260,F,40s,food,tablet,8,93.98,5,0.2596046292880023,0
692,82,M,10s,sports,mobile,7,61.53,6,0.17336979040274983,0
282,242,M,30s,food,tablet,5,485.27,7,0.32549652324518996,0
320,441,M,50s,electronics,pc,0,422.51,3,0.03619358748526112,1
738,433,F,50s,fashion,pc,15,154.49,2,0.06403190721262156,0
443,172,F,20s,food,pc,23,108.24,8,0.14180119902763166,0
952,231,F,40s,electronics,tablet,23,170.35,8,0.3826114272713303,0
315,208,M,30s,food,pc,9,218.46,9,0.08613036463791741,0
877,75,M,50s,electronics,tablet,10,411.44,2,0.23280763698568896,0
966,270,M,20s,book,pc,11,123.41,4,0.4307828855565515,0
741,387,M,10s,electronics,pc,21,361.82,2,0.11749539651608484,0
377,499,M,50s,sports,pc,2,465.0,8,0.16541237918448407,0
289,114,F,20s,electronics,mobile,5,192.86,5,0.17869306783348446,1
437,62,M,10s,food,mobile,7,17.89,8,0.1643708444330823,0
662,362,F,40s,book,pc,22,414.67,6,0.08248899941099644,0
277,320,F,10s,book,pc,12,355.66,7,0.21412497989679663,1
710,102,F,50s,electronics,tablet,23,78.79,2,0.11826868267684942,0
582,429,M,30s,food,tablet,18,300.47,5,0.26903753177973583,0
503,362,M,10s,book,mobile,7,413.28,5,0.2016699482480614,0
624,210,F,30s,electronics,tablet,20,94.61,2,0.20760116948226587,0
516,442,M,30s,electronics,tablet,22,115.34,10,0.11614085566140889,0
350,255,M,10s,electronics,tablet,12,104.88,6,0.0850448330721997,0
843,20,F,40s,book,tablet,3,498.76,9,0.5397142650273986,0
446,58,F,10s,fashion,mobile,2,118.61,10,0.19154380630845225,1
830,112,F,20s,food,mobile,21,137.12,5,0.5698655403900735,1
350,473,F,30s,sports,tablet,19,28.72,3,0.21123981635545838,0
607,313,F,50s,sports,tablet,2,491.72,4,0.16435279223430904,0
664,486,M,30s,food,mobile,21,127.14,6,0.13852788312988246,1
823,461,F,50s,fashion,pc,11,363.99,4,0.31415692922762206,0
137,196,M,20s,food,tablet,4,18.05,1,0.06665619172884912,0
759,375,M,20s,electronics,pc,5,392.78,8,0.06978721516633792,0
899,462,F,20s,food,tablet,17,376.55,2,0.1450753768954021,0
243,353,F,10s,food,mobile,19,46.66,8,0.1847267167479083,0
543,92,M,30s,book,tablet,13,65.69,6,0.21921752303139355,1
40,52,F,50s,sports,pc,4,151.08,6,0.21748697381321652,0
229,293,M,20s,sports,mobile,10,180.56,7,0.07756018742564792,1
548,8,F,20s,electronics,tablet,8,392.83,4,0.19397855881657158,1
920,300,F,50s,electronics,tablet,16,35.29,5,0.05452814747092948,1
223,98,M,30s,book,mobile,11,326.87,9,0.11035266765566026,0
6,236,M,30s,electronics,tablet,0,118.12,4,0.2780540089833108,0
322,389,F,50s,fashion,mobile,0,194.32,7,0.1507135381886139,0
468,374,F,40s,book,tablet,3,6.09,8,0.11538751176325643,0
732,69,F,30s,book,mobile,21,149.11,2,0.2653736773753978,0
75,415,M,50s,food,tablet,17,89.81,6,0.11031803187439602,0
4,45,F,50s,food,mobile,16,254.47,8,0.04260556358308215,0
847,137,F,20s,fashion,mobile,11,83.31,5,0.24922523104051372,0
646,234,F,50s,book,tablet,19,418.73,10,0.0906487811150848,0
118,32,F,10s,book,mobile,23,442.04,5,0.05460098908437777,0
881,289,M,20s,food,tablet,21,423.42,5,0.17964395513470482,0
606,126,M,20s,sports,tablet,11,490.99,10,0.12387620176986461,0
504,67,M,30s,sports,tablet,4,457.75,4,0.0626460038219528,0
998,30,F,40s,food,mobile,0,143.5,3,0.3303182138212254,0
947,114,F,30s,electronics,tablet,18,160.66,4,0.11161775718140436,0
574,204,F,10s,book,mobile,6,268.67,5,0.05293962683274988,0
441,29,M,20s,fashion,pc,14,195.55,9,0.23730907674771692,0
194,131,M,20s,sports,pc,13,485.11,4,0.21576548399080436,0
847,474,M,50s,electronics,pc,2,173.07,7,0.4687255496746172,1
715,185,M,40s,book,tablet,4,371.34,2,0.3947835515623304,0
392,253,F,40s,electronics,mobile,5,289.8,4,0.03124643846770456,0
26,286,M,50s,book,tablet,10,478.46,9,0.176618826098867,0
435,393,M,10s,book,mobile,18,373.54,2,0.27813785447545825,0
173,410,F,40s,food,pc,21,155.3,5,0.14064978940046177,0
300,386,M,20s,food,pc,1,102.55,7,0.08690367872908798,0
645,62,F,10s,fashion,pc,11,428.04,4,0.22067138804110617,0
326,3,F,30s,fashion,tablet,22,455.95,10,0.4067273584957395,1
410,430,F,30s,electronics,tablet,13,416.39,6,0.15534167816894928,0
118,68,F,10s,food,mobile,8,370.04,6,0.30480498349879953,0
836,25,F,20s,book,mobile,19,164.26,0,0.418267939273707,1
787,179,M,30s,food,pc,15,255.16,6,0.29074192584947,0
724,141,M,20s,book,tablet,16,458.27,8,0.21061926554042126,0
225,231,F,50s,food,tablet,16,71.77,2,0.2653919836860885,0
532,300,M,40s,book,mobile,1,249.99,5,0.03782280685093889,0
113,163,F,10s,electronics,mobile,9,180.98,3,0.0919464749051048,0
140,311,M,40s,food,tablet,10,340.36,4,0.12846457910138367,0
559,471,M,50s,sports,tablet,2,318.86,4,0.01912643766751113,0
1,393,M,30s,sports,mobile,1,282.23,4,0.09198221838019693,0
90,130,M,20s,book,tablet,3,143.41,3,0.11998425770873955,0
654,445,M,20s,electronics,tablet,7,83.98,5,0.17589100371024677,0
320,246,M,50s,book,pc,18,393.25,9,0.28098998134734043,0
550,297,M,10s,electronics,tablet,19,495.92,9,0.39853583283380023,0
805,172,F,40s,fashion,tablet,17,88.7,7,0.09118807722971657,1
894,64,F,30s,food,tablet,0,42.52,4,0.46973805834786786,0
139,31,F,10s,electronics,mobile,23,374.14,3,0.2196078485857976,0
511,492,M,50s,book,pc,22,175.21,5,0.15621227413937774,1
868,47,M,50s,fashion,mobile,1,110.44,3,0.2412012519787992,1
845,130,F,20s,book,pc,7,264.94,5,0.11542937417375373,0
259,352,F,30s,sports,pc,9,339.23,3,0.3089679370476358,0
673,466,M,10s,sports,tablet,18,111.35,4,0.1316201441956054,0
902,333,F,20s,food,pc,6,497.28,4,0.05578682465740081,0
690,110,F,30s,food,pc,16,167.47,3,0.05425000243330526,0
10,69,F,40s,fashion,tablet,2,160.9,5,0.16409956654079993,0
261,58,F,40s,sports,tablet,14,214.39,5,0.10055243218396089,0
919,106,M,20s,electronics,pc,3,373.79,4,0.19143853158191973,0
650,300,F,10s,sports,mobile,16,437.26,3,0.5331901993636697,0
172,330,F,30s,food,pc,10,165.37,6,0.06130432363790693,0
898,256,F,40s,book,mobile,5,63.78,5,0.19128375327294386,1
13,312,F,40s,fashion,mobile,16,131.78,4,0.04218198656134133,0
168,171,M,10s,sports,pc,9,46.72,4,0.1912415708406118,0
642,383,F,20s,electronics,mobile,0,317.02,5,0.33321065151150464,0
596,473,F,50s,electronics,pc,17,371.64,7,0.4296727930206708,1
321,162,F,30s,electronics,mobile,13,217.49,6,0.04045285127761947,1
319,485,F,40s,fashion,mobile,18,476.63,5,0.18393938367746682,0
613,286,F,50s,electronics,pc,17,365.12,7,0.09301354001145783,0
329,71,M,10s,electronics,tablet,23,192.93,9,0.1821640173773086,0
785,255,F,20s,sports,tablet,21,55.6,3,0.2577341764041144,0
777,454,F,30s,fashion,pc,0,249.38,3,0.260818475907012,0
971,374,M,10s,book,pc,21,254.4,1,0.14533940604655063,0
911,55,F,20s,book,tablet,0,277.54,4,0.1437857570477428,0
920,323,M,10s,electronics,tablet,8,342.81,4,0.11501230912289043,0
550,397,F,40s,food,mobile,13,135.87,6,0.3953061733952967,0
419,3,M,40s,fashion,mobile,2,6.23,4,0.5016960571135497,0
606,26,M,50s,food,mobile,11,407.36,8,0.36055660707340037,1
95,313,F,10s,fashion,tablet,16,412.65,9,0.16103686466360542,0
817,126,M,40s,fashion,pc,16,456.25,4,0.5204262633667605,1
581,408,F,20s,sports,mobile,1,484.67,1,0.16523971003558294,0
318,53,M,50s,electronics,pc,5,83.79,4,0.22973356564807673,0
956,198,M,30s,sports,tablet,0,180.17,3,0.16707689227900113,0
236,299,F,10s,food,mobile,22,426.42,4,0.10135970898952408,0
946,188,M,40s,food,tablet,11,467.33,5,0.2120066117044341,0
334,186,F,20s,book,pc,3,12.19,5,0.10010828266407648,0
885,305,M,10s,sports,mobile,22,196.83,5,0.3350622255381625,0
376,298,M,20s,sports,pc,15,61.13,4,0.11901670097998714,0
459,204,F,50s,sports,pc,19,395.29,11,0.16453311181748786,0
137,497,F,40s,book,mobile,10,374.83,8,0.3617920774707833,0
930,484,M,40s,sports,mobile,19,378.38,5,0.33863987137757406,0
588,450,F,50s,sports,tablet,19,198.17,9,0.11476591850503602,0
995,11,F,20s,sports,mobile,9,206.09,5,0.18474016101120583,0
547,359,M,10s,sports,mobile,7,134.62,5,0.1231134050381358,0
513,354,M,20s,food,mobile,1,183.64,2,0.016310697678255846,0
296,474,F,10s,electronics,mobile,7,491.63,5,0.12116043016650968,1
320,146,M,50s,food,mobile,0,28.05,8,0.20442550762554695,1
918,85,F,30s,sports,tablet,22,165.38,10,0.06657462467397944,0
572,100,F,10s,fashion,pc,6,396.01,4,0.08561930867519449,0
832,104,F,40s,fashion,tablet,21,194.26,5,0.3156537652832078,0
349,436,F,40s,book,pc,13,475.24,4,0.4387524112817827,0
840,46,F,40s,food,mobile,3,169.41,10,0.13676958813870496,0
779,44,F,20s,book,tablet,20,425.63,9,0.06122861004683386,0
873,278,M,20s,book,pc,16,408.47,1,0.37121459981520777,0
229,181,F,20s,fashion,pc,1,9.56,4,0.33128230225140315,1
270,187,M,40s,food,mobile,22,204.48,5,0.013496260367171197,0
828,478,F,10s,electronics,mobile,1,143.92,5,0.11234343973756614,1
798,114,M,40s,food,pc,7,242.41,3,0.20253238488748093,0
291,491,M,10s,book,tablet,6,234.07,2,0.139982712432748,0
725,255,M,20s,sports,pc,7,453.24,1,0.0541557194859042,0
165,381,F,30s,book,tablet,19,95.87,8,0.23702191939208106,0
5,380,M,20s,food,tablet,16,95.18,1,0.2663989657423827,0
851,30,M,50s,fashion,pc,22,58.49,2,0.1538819659913782,0
379,264,F,10s,food,tablet,16,370.63,3,0.27509093108006666,0
78,98,M,30s,electronics,pc,6,459.34,10,0.18023015458735037,1
410,313,M,20s,sports,pc,4,187.41,4,0.21670648455948807,0
574,367,F,30s,sports,mobile,14,35.6,7,0.0800284318411875,1
132,329,M,40s,book,pc,1,82.23,2,0.3217803789836097,1
601,115,M,10s,food,pc,10,55.68,4,0.07145834304801427,0
749,276,F,50s,fashion,mobile,16,298.21,6,0.33471828501653506,0
42,488,M,40s,electronics,mobile,23,144.74,1,0.12047834206743314,1
89,281,M,30s,book,tablet,12,449.24,9,0.18515073473820468,0
402,275,M,20s,food,tablet,3,85.33,4,0.06165413153213838,0
296,261,M,10s,fashion,mobile,23,465.43,0,0.2477773346587879,0
840,331,F,50s,food,mobile,17,169.71,4,0.1722367018946166,0
295,207,F,20s,fashion,mobile,13,434.32,2,0.3690123328430865,0
616,384,F,50s,food,pc,18,474.75,6,0.04713271810965336,0
526,328,F,10s,food,pc,2,493.25,3,0.1724721632215037,0
800,211,M,30s,book,pc,3,402.78,1,0.06398588337495167,0
691,215,F,50s,food,mobile,8,55.33,6,0.01613672065997922,0
637,411,F,10s,food,tablet,20,32.41,3,0.21547380464993926,0
422,40,M,50s,book,tablet,22,371.17,3,0.19924520060004106,0
865,480,M,20s,book,pc,13,449.03,0,0.08285326157958817,0
23,26,M,50s,sports,pc,16,87.2,10,0.15266317313846778,1
575,27,F,20s,sports,mobile,1,470.83,3,0.2717145909722526,0
143,190,M,20s,book,mobile,13,307.06,4,0.091679692522829,0
993,83,M,10s,electronics,tablet,21,66.38,3,0.09007698640902112,0
665,384,M,40s,fashion,tablet,15,87.68,4,0.4711053259234871,0
145,434,F,50s,book,mobile,18,37.65,3,0.07686925123568575,0
225,170,F,30s,sports,tablet,15,75.89,6,0.18341779422162768,0
503,413,F,20s,food,tablet,10,367.4,9,0.24663415456975624,1
962,167,F,40s,book,pc,13,113.29,9,0.35173567363699465,0
974,188,F,20s,book,mobile,6,283.02,7,0.14682733935307363,0
821,169,F,40s,sports,mobile,4,361.94,8,0.18060171008144454,0
616,289,F,40s,sports,mobile,7,448.16,1,0.2336584182696484,0
104,467,M,30s,electronics,pc,16,297.01,6,0.13914702840077217,0
947,229,M,40s,sports,mobile,13,287.01,6,0.16967494534491098,0
39,467,M,30s,sports,tablet,9,456.85,9,0.3139635087360892,1
947,97,F,10s,sports,pc,21,150.98,4,0.41210331249578747,0
198,367,F,20s,food,pc,11,105.83,7,0.17064445389669858,1
646,16,M,30s,book,mobile,4,437.03,1,0.11233014992026435,0
579,279,M,20s,book,tablet,7,41.89,2,0.11457553319805026,0
391,135,F,50s,sports,mobile,11,98.89,8,0.1838078265491913,0
179,26,F,10s,electronics,tablet,3,208.57,7,0.18729118936636846,0
968,352,F,50s,sports,mobile,12,183.82,10,0.17868862022878965,0
554,12,F,50s,electronics,tablet,20,354.52,5,0.26807762574911326,0
448,72,F,40s,book,tablet,16,50.44,2,0.1394923396416444,0
500,133,F,40s,electronics,tablet,23,241.19,5,0.23302197114525422,1
15,106,F,50s,electronics,pc,20,405.23,8,0.3289697639399163,0
623,220,F,40s,fashion,mobile,4,343.26,4,0.28798455580686727,0
669,373,M,20s,electronics,mobile,5,317.67,3,0.04713141412450319,0
289,453,F,40s,electronics,mobile,8,123.48,4,0.00947233023750843,0
478,177,F,50s,food,pc,4,199.85,5,0.2743470502081053,0
231,282,F,40s,book,tablet,1,94.46,4,0.40265610853159717,0
923,133,M,40s,sports,pc,2,256.92,2,0.10001400857147263,0
420,22,M,30s,fashion,pc,10,294.16,5,0.18063897179065486,0
157,463,F,30s,electronics,tablet,9,317.43,7,0.2840355400640471,0
550,269,M,50s,food,mobile,2,438.6,6,0.2128418151259423,1
441,412,M,20s,food,pc,8,35.61,5,0.2073737674621861,0
97,161,M,10s,sports,tablet,7,197.21,3,0.1151240839004785,0
997,107,F,10s,sports,tablet,15,297.53,6,0.1093045100985148,0
411,279,F,50s,book,mobile,21,287.21,4,0.16518632564595676,0
951,353,F,20s,electronics,tablet,20,15.74,7,0.2173396231397058,0
289,235,F,20s,food,tablet,1,98.71,7,0.3465946959615016,0
254,18,F,20s,fashion,tablet,9,423.64,6,0.10304612678758202,0
196,242,F,30s,book,mobile,23,260.12,3,0.2137062451668976,0
598,117,F,50s,electronics,mobile,13,209.71,8,0.21166174094553356,0
834,286,M,10s,sports,tablet,4,450.59,5,0.1414680439844709,0
522,282,F,20s,electronics,tablet,21,42.1,7,0.46405640528334396,0
517,144,F,50s,sports,mobile,0,461.54,7,0.14834460452952422,0
635,205,F,10s,electronics,mobile,12,18.75,1,0.18021387727052576,0
842,39,F,30s,fashion,mobile,3,283.52,7,0.41042979052161976,1
865,417,F,40s,book,pc,20,279.77,1,0.24779937604904057,0
118,154,F,10s,sports,mobile,8,321.34,5,0.42576820498741613,0
806,176,F,10s,fashion,tablet,15,19.67,10,0.16781376670640857,1
909,449,F,10s,food,mobile,20,267.61,5,0.060101716822254944,0
159,241,M,40s,fashion,tablet,20,61.24,7,0.30802661301855855,0
815,422,M,20s,fashion,tablet,18,82.21,5,0.1738015767074692,0
228,386,F,40s,fashion,tablet,23,111.6,2,0.06507571266223665,0
877,369,F,10s,sports,mobile,13,308.52,4,0.17541871585992985,0
216,134,M,30s,food,mobile,22,198.09,6,0.041256879414107245,0
948,46,F,10s,book,mobile,23,47.24,3,0.1613794264785288,1
696,50,F,30s,fashion,mobile,19,148.06,2,0.17590664554177468,1
15,166,M,50s,sports,mobile,7,42.93,8,0.3707603275165922,0
157,106,F,30s,sports,pc,9,333.74,1,0.04858647288061268,0
648,216,F,10s,book,mobile,19,280.95,2,0.20274338345510887,0
261,146,F,40s,electronics,pc,0,206.8,5,0.12497446617396603,1
157,411,M,10s,food,tablet,19,464.2,5,0.1598405287503335,1
47,425,M,10s,food,tablet,4,261.77,9,0.19975354311072632,0
324,72,F,50s,fashion,tablet,14,444.33,7,0.12372729206751996,0
844,476,M,20s,electronics,tablet,7,291.65,6,0.05852155897860458,0
685,330,M,10s,food,pc,9,191.51,5,0.13440724783550742,0
130,273,M,50s,fashion,pc,5,271.8,3,0.1133432306394541,0
411,247,F,40s,electronics,tablet,14,80.17,3,0.1791612250670662,0
95,446,M,50s,sports,mobile,14,339.0,7,0.06858560839784145,0
627,413,M,50s,fashion,tablet,9,491.16,6,0.22640560964280168,0
755,186,M,30s,electronics,tablet,20,127.48,6,0.04791429356276366,0
932,70,F,20s,book,pc,18,164.98,4,0.3023317943414247,0
292,462,M,20s,food,tablet,3,206.02,4,0.0931751838734387,0
794,150,M,40s,fashion,pc,21,244.32,8,0.16269765110912993,0
811,246,F,50s,sports,pc,5,360.96,5,0.37455782075121474,0
283,262,M,40s,fashion,tablet,14,72.65,6,0.14946192197175256,0
69,26,M,40s,food,mobile,5,154.72,7,0.10727167980758191,0
660,423,M,20s,food,pc,17,271.64,2,0.15032408822819468,0
11,140,F,20s,electronics,pc,10,296.84,1,0.031418277018674404,0
254,99,F,20s,sports,pc,11,270.63,1,0.07844926672587055,0
842,398,M,10s,electronics,tablet,7,220.57,7,0.1963301005687479,1
872,278,M,50s,sports,tablet,23,357.18,8,0.2972088753670159,0
550,51,M,40s,fashion,pc,21,106.21,8,0.045282221964709615,0
134,151,M,50s,fashion,mobile,13,144.95,9,0.35842265373360904,0
712,432,M,40s,electronics,tablet,3,225.02,9,0.0778263931749947,0
23,455,M,40s,book,mobile,17,349.27,3,0.43566357974929804,0
815,104,F,40s,food,mobile,5,45.76,8,0.14915554672308104,0
346,434,M,40s,electronics,tablet,5,62.26,10,0.27997609300252213,1
302,89,M,30s,electronics,pc,18,392.29,7,0.3318663030584017,0
363,141,M,30s,fashion,mobile,1,134.17,3,0.20509754520528053,0
396,213,F,10s,food,pc,3,481.93,6,0.23603056639127554,0
218,233,M,20s,electronics,mobile,23,480.9,2,0.1477341631344897,0
141,394,F,40s,fashion,pc,4,344.54,4,0.4876900395580251,0
616,183,M,50s,fashion,tablet,14,359.85,4,0.05452234351607668,0
958,251,M,30s,electronics,mobile,2,327.25,5,0.1896468330286902,0
210,9,M,20s,electronics,mobile,15,92.78,4,0.07656171748815906,0
985,79,M,10s,fashion,mobile,12,252.73,5,0.3653397999674274,0
993,52,M,20s,electronics,pc,11,397.54,2,0.2112174106311232,0
623,386,M,40s,food,mobile,20,388.47,5,0.19576199633940317,0
616,409,F,20s,fashion,mobile,8,449.89,4,0.16077378024005348,0
828,269,M,40s,fashion,pc,10,450.9,3,0.22170702378877402,0
683,226,M,30s,electronics,pc,7,134.44,4,0.07603531650539519,0
460,51,M,30s,electronics,tablet,6,362.25,7,0.17323074946060732,1
356,186,F,40s,electronics,pc,3,327.41,5,0.2186863666640119,0
324,34,M,50s,food,mobile,1,443.49,9,0.19247684600751994,0
133,291,F,30s,fashion,mobile,18,95.82,8,0.3527259633387914,1
888,230,M,50s,book,tablet,21,371.2,3,0.1884362651298544,0
805,131,M,40s,food,tablet,22,214.55,5,0.056686037694592815,0
840,490,F,40s,food,mobile,11,200.27,6,0.18632303529604946,0
127,120,F,30s,fashion,pc,2,22.72,6,0.21523128890438978,1
106,443,M,50s,book,mobile,18,480.92,7,0.23819253326525502,0
604,326,F,40s,fashion,tablet,2,339.51,10,0.31168380695932063,0
799,247,F,30s,food,mobile,18,297.4,4,0.07148004520044336,0
378,432,M,40s,electronics,mobile,18,129.33,3,0.26616389836243753,0
905,192,M,20s,fashion,mobile,6,330.93,5,0.12074320794023372,0
51,497,M,20s,fashion,tablet,13,473.07,5,0.22557932525256366,0
29,403,F,30s,electronics,tablet,20,85.83,8,0.22915926759141275,0
462,323,M,40s,book,tablet,3,491.99,1,0.18183177013616533,0
296,210,M,30s,book,pc,5,216.58,2,0.10894909324245415,0
297,103,F,10s,fashion,tablet,13,489.22,5,0.0681028445964299,0
726,329,F,30s,electronics,pc,7,318.76,7,0.10037926660271924,0
779,372,M,30s,fashion,pc,17,165.43,5,0.035886490293906656,0
407,460,F,20s,electronics,tablet,14,190.35,3,0.14838382056182176,0
769,133,F,20s,food,pc,18,148.82,5,0.4176875154751407,0
814,323,F,40s,electronics,pc,17,170.71,4,0.25525306190080954,0
613,139,M,30s,fashion,mobile,14,325.04,2,0.046115964744424205,0
405,121,M,30s,sports,pc,22,13.22,2,0.14496157454897163,0
346,94,M,40s,book,pc,11,483.98,6,0.11005340400329729,0
622,452,F,50s,fashion,tablet,17,385.42,5,0.09371388506382167,1
420,453,M,40s,electronics,mobile,4,470.8,5,0.12419491444026884,0
182,129,M,20s,electronics,pc,14,360.18,8,0.38341751301616545,0
983,91,F,20s,book,pc,8,243.11,6,0.18636341112124155,0
825,92,F,30s,fashion,pc,7,98.92,3,0.1625689695010261,0
1,63,M,20s,sports,tablet,7,260.58,6,0.10575752842984848,0
831,29,F,40s,food,tablet,2,357.29,7,0.28426582687220264,0
950,210,M,30s,sports,mobile,12,427.82,3,0.09970051278878676,1
567,12,M,40s,food,pc,12,165.44,8,0.053121006367685984,0
371,333,M,40s,food,mobile,11,257.69,7,0.3475905395643101,1
936,297,F,30s,fashion,tablet,14,311.89,4,0.626689679431468,0
911,130,F,50s,food,pc,13,296.35,9,0.18893393585301935,0
661,293,M,20s,electronics,pc,0,30.92,7,0.12092180770732538,1
431,173,M,10s,food,mobile,1,244.28,4,0.15326122830065306,0
969,208,M,10s,food,pc,22,405.47,5,0.2103230260216975,0
309,432,M,10s,book,tablet,3,402.14,1,0.18685770345170688,1
137,24,F,20s,book,mobile,12,256.04,4,0.10705521756529632,0
202,99,M,50s,fashion,mobile,9,476.42,9,0.15366453067791164,0
436,406,M,40s,fashion,pc,20,413.98,5,0.04245343159609929,0
313,356,F,30s,electronics,tablet,12,369.98,5,0.09364144881572728,0
117,139,M,50s,book,pc,0,260.22,4,0.17368379353161223,0
666,314,M,10s,sports,mobile,10,297.38,8,0.3165372933723897,1
937,174,M,20s,fashion,mobile,17,115.5,5,0.11345732290694092,0
803,29,M,20s,fashion,tablet,8,268.54,3,0.19255171791508652,0
575,419,M,30s,book,mobile,5,265.38,5,0.15989754089946234,1
244,496,F,40s,book,tablet,22,105.37,3,0.28796489268333897,0
537,143,F,50s,electronics,pc,12,475.82,2,0.025898129301818184,1
602,316,F,50s,book,tablet,4,126.15,9,0.02070329727060062,0
75,351,F,50s,food,pc,9,56.59,1,0.17828113879369242,0
806,42,M,40s,sports,pc,4,236.17,8,0.10465587432710624,0
386,489,F,40s,food,mobile,21,344.61,2,0.39093628588885937,0
903,299,F,40s,food,pc,9,101.6,3,0.16835931853460573,0
210,208,F,30s,food,mobile,4,95.53,5,0.2652450885328613,1
475,330,F,20s,fashion,tablet,19,134.43,8,0.33337628016766485,0
418,433,F,10s,food,tablet,20,154.85,5,0.04020378447725549,0
347,192,F,40s,fashion,pc,10,126.87,2,0.23882692303883543,0
529,160,F,20s,book,tablet,4,238.0,8,0.18131833075565248,0
640,64,F,40s,sports,pc,4,14.04,9,0.021408428324916205,0
939,243,M,10s,sports,tablet,16,48.32,6,0.36171037321369903,0
955,258,F,40s,food,pc,20,366.04,10,0.4329857233646535,0
876,152,M,20s,sports,pc,4,209.11,8,0.1330991462223039,1
763,215,F,30s,fashion,tablet,0,183.36,10,0.34818816009606446,0
179,322,F,10s,book,tablet,12,10.17,8,0.07034058459331631,1
182,166,F,20s,food,tablet,3,152.62,5,0.07440402414527991,0
664,31,M,50s,electronics,tablet,7,411.49,3,0.10742513560088121,0
25,371,M,50s,sports,pc,19,173.48,5,0.2227388079224838,0
967,232,F,50s,sports,pc,22,482.03,7,0.20685852578404298,0
180,282,M,30s,food,tablet,5,198.03,8,0.05356368398001322,1
710,29,F,40s,sports,tablet,14,234.74,3,0.04010885300596072,0
501,195,M,40s,sports,mobile,14,401.95,4,0.2686976065201562,0
856,334,M,40s,electronics,pc,20,491.6,4,0.1199753908786181,0
161,256,M,30s,fashion,pc,15,188.94,6,0.04177755972228923,0
177,281,F,50s,food,tablet,8,64.37,0,0.18536074891349463,0
285,304,M,40s,food,mobile,23,263.91,2,0.3610287596876322,0
63,321,M,30s,electronics,tablet,4,297.92,5,0.1034163246163917,0
662,437,F,30s,electronics,pc,22,479.93,2,0.28726341878619677,0
666,323,M,20s,fashion,pc,15,209.89,4,0.34221579899050625,0
156,346,F,40s,book,mobile,6,49.95,7,0.1844545746020804,0
882,402,F,50s,food,tablet,2,327.21,4,0.2724044116991621,0
469,393,M,10s,sports,mobile,9,15.45,5,0.11568092493373738,1
49,294,F,30s,fashion,tablet,15,215.58,6,0.06580209200388033,0
967,87,M,20s,food,mobile,20,207.78,8,0.09617575218213925,1
849,149,M,10s,fashion,tablet,11,131.14,5,0.09967425869045994,0
84,249,F,30s,book,tablet,8,482.33,5,0.09592680471802793,0
361,321,M,20s,food,tablet,15,204.69,3,0.24794362679039986,0
689,405,M,40s,sports,pc,8,447.88,7,0.4285077858748916,0
148,283,F,20s,food,tablet,23,259.98,6,0.24877554270887084,0
630,362,F,30s,fashion,pc,21,411.17,3,0.20423767329269163,0
342,379,M,40s,book,mobile,22,228.44,8,0.296146756542026,1
476,198,F,50s,fashion,tablet,6,495.81,4,0.17233742547949302,0
63,44,F,20s,fashion,pc,10,321.81,9,0.1355954652024657,0
701,356,F,10s,electronics,mobile,16,82.19,3,0.1907662169896717,1
360,28,F,40s,fashion,tablet,23,8.18,4,0.13004677370974327,1
561,429,M,40s,book,mobile,21,464.81,7,0.17285707426073754,0
327,17,M,50s,sports,pc,22,344.97,8,0.19583688198475283,1
769,127,F,20s,electronics,pc,9,57.61,4,0.2631246423339649,0
736,379,M,10s,fashion,tablet,14,373.03,6,0.2949380579281505,0
141,168,F,50s,food,pc,9,117.44,5,0.3090101747733517,0
990,244,F,20s,electronics,pc,1,405.57,11,0.19706309631221086,0
215,387,M,10s,book,mobile,15,306.91,6,0.09270913914983149,0
435,76,M,10s,food,tablet,6,66.21,4,0.20210905008827623,0
891,231,M,30s,book,tablet,23,40.12,8,0.3196141296004686,1
952,204,M,10s,food,tablet,20,235.73,6,0.0351216165008934,1
723,450,F,20s,sports,mobile,14,468.76,6,0.12589398913196664,0
318,248,F,50s,book,pc,16,284.49,4,0.36496596166749273,0
32,302,M,50s,food,tablet,21,380.76,9,0.26930564358788356,1
670,214,F,30s,book,tablet,12,237.39,2,0.030417854602239107,0
285,215,M,20s,electronics,mobile,18,195.12,5,0.33974468390535684,1
305,158,M,10s,book,mobile,20,411.99,8,0.1960959997978054,0
429,69,M,30s,book,tablet,22,234.38,9,0.09744584485271805,1
477,393,F,40s,food,tablet,7,75.06,2,0.14009727010116393,0
286,85,F,20s,book,mobile,21,140.89,8,0.11211136063958356,0
144,267,M,30s,sports,mobile,8,282.88,0,0.16393267771568684,0
424,69,M,50s,fashion,mobile,18,204.28,4,0.23982764340687798,0
19,99,M,30s,electronics,mobile,16,186.36,3,0.260346552766733,1
18,347,M,40s,food,pc,9,336.04,4,0.25405298159970224,0
769,497,F,20s,book,pc,13,319.98,6,0.2101453963929223,0
590,450,F,30s,book,tablet,11,160.44,7,0.1755157796986951,0
371,216,M,10s,book,pc,19,182.92,7,0.058743600853954074,0
175,415,M,20s,electronics,mobile,23,377.27,4,0.1327500662407861,0
194,161,F,30s,fashion,tablet,21,461.04,4,0.2190495123204542,0
502,423,M,30s,sports,mobile,6,165.49,6,0.31914837457747847,0
988,94,F,20s,sports,pc,8,149.48,5,0.24077243295755765,0
113,174,F,50s,food,mobile,17,136.31,5,0.3784806229858537,0
114,165,M,10s,fashion,tablet,6,75.05,5,0.08986671994529252,0
222,115,F,20s,fashion,pc,3,191.7,3,0.13157619583319194,0
678,220,F,10s,electronics,tablet,22,260.42,6,0.2286925994497544,0
947,444,F,10s,book,pc,7,271.03,5,0.26708315218804857,0
831,31,F,20s,fashion,mobile,17,347.06,1,0.3446501173374857,0
644,11,M,30s,book,tablet,14,31.01,6,0.13561509170226024,0
897,343,F,50s,electronics,pc,6,282.9,8,0.45496502735734184,0
264,377,F,10s,food,pc,7,131.22,4,0.13421434874969848,0
925,130,F,10s,food,pc,0,123.37,5,0.1854310830572098,0
55,488,M,30s,book,pc,10,395.91,5,0.28910013235532867,0
871,105,M,20s,book,mobile,9,80.97,7,0.28992201111873084,1
643,27,M,50s,fashion,mobile,4,167.9,6,0.06625613234041093,0
800,227,F,10s,electronics,pc,1,320.63,3,0.13599460939621807,0
778,2,M,10s,food,mobile,21,323.22,5,0.11323151055581199,1
458,359,M,20s,fashion,mobile,1,28.8,5,0.2508177015046185,0
979,101,M,30s,sports,pc,18,40.92,7,0.1246026645839409,0
878,21,F,40s,fashion,mobile,15,329.4,6,0.08665701584104045,0
162,58,M,30s,book,tablet,10,476.81,8,0.17137349530715254,0
380,389,M,10s,sports,tablet,13,499.26,7,0.06000534973434084,0
993,180,M,10s,fashion,mobile,21,493.62,5,0.0956321071080932,0
87,429,F,50s,electronics,pc,4,179.03,1,0.06902723533090825,1
55,341,F,30s,food,tablet,3,124.7,6,0.1683551781257429,0
476,349,M,40s,sports,mobile,22,53.83,2,0.07489610674028438,1
800,20,M,50s,electronics,mobile,18,166.28,4,0.044412849184973485,0
178,255,M,40s,fashion,pc,9,142.04,4,0.11386847509630774,0
391,317,F,50s,book,pc,22,290.51,8,0.1688124788752789,0
349,38,F,30s,book,mobile,8,187.55,5,0.1994515646641711,0
8,148,M,10s,electronics,pc,17,119.61,4,0.23744797459882472,1
833,498,F,40s,book,tablet,4,308.21,6,0.19869349183632593,0
313,25,M,30s,food,tablet,16,164.92,8,0.21938313483798463,0
759,386,F,40s,electronics,mobile,22,180.05,6,0.07924149395500078,1
835,121,M,30s,electronics,mobile,17,301.23,9,0.3168305843187465,0
984,416,F,50s,book,pc,20,63.52,6,0.21574708765122777,0
983,26,M,30s,electronics,tablet,0,388.25,8,0.09783137765764423,0
443,454,F,50s,fashion,pc,13,482.89,4,0.28459052900014914,0
767,169,M,10s,sports,mobile,13,247.96,3,0.02880705975577939,0
328,323,M,50s,sports,mobile,13,282.13,6,0.33538579127533313,0
54,225,M,20s,book,mobile,0,195.4,4,0.18032179240110155,1
761,1,M,10s,food,mobile,3,478.58,5,0.39785201774983275,0
239,307,F,30s,food,mobile,22,70.81,3,0.11341938196155463,0
229,261,M,30s,book,mobile,6,407.69,2,0.2256677448209098,0
579,13,F,20s,book,pc,23,326.96,3,0.19099226799428382,0
51,403,F,30s,electronics,pc,11,396.79,3,0.07421086015448639,0
609,396,M,10s,food,pc,12,475.48,3,0.3576572433639897,0
604,48,M,10s,sports,tablet,14,250.6,10,0.1416737524754225,1
264,409,M,50s,book,pc,19,147.72,3,0.10077947010064621,0
418,313,M,40s,sports,mobile,1,390.86,5,0.24782988635290645,0
803,371,F,30s,sports,pc,13,423.06,5,0.06724450260706014,0
96,291,F,20s,food,pc,11,344.7,7,0.1966255256516856,0
88,332,F,10s,sports,tablet,12,425.26,6,0.03755368473191694,0
78,94,F,10s,electronics,mobile,13,366.51,9,0.1911486745513781,0
288,261,M,10s,electronics,tablet,2,478.95,3,0.15626008968487798,0
120,482,F,40s,food,tablet,12,287.49,6,0.03204715796559402,0
814,278,M,40s,electronics,tablet,7,193.33,7,0.21395468601893713,0
491,359,M,30s,book,pc,15,341.86,4,0.09347905272539897,0
912,205,F,20s,food,mobile,5,39.21,7,0.20197739518194285,0
452,185,F,40s,sports,mobile,10,251.7,4,0.10122577398286176,0
500,175,F,50s,book,tablet,14,387.83,7,0.2602893308228477,0
165,438,F,40s,food,mobile,18,88.64,6,0.22159618659492436,0
182,387,F,10s,sports,mobile,23,203.2,5,0.22669837091141706,0
469,380,F,20s,sports,tablet,1,178.39,5,0.0654220155603195,0
910,309,M,30s,sports,pc,10,170.81,11,0.048410081256140124,0
735,468,M,40s,sports,tablet,19,327.06,5,0.1627894937489449,0
823,415,M,10s,sports,tablet,19,251.26,4,0.021547640850453346,0
944,69,F,50s,food,pc,8,399.67,2,0.30496905545133884,0
978,472,M,50s,electronics,pc,23,33.64,2,0.026254846592150553,0
7,104,M,30s,sports,pc,22,229.69,4,0.07732446153793573,0
330,246,M,30s,book,pc,3,11.93,6,0.19172290369212686,0
775,161,M,40s,food,tablet,22,114.33,5,0.04102348395503359,1
673,200,M,30s,fashion,pc,16,388.81,6,0.3176509004982966,0
151,216,M,10s,electronics,mobile,23,57.5,5,0.4113255256878973,1
85,434,F,10s,book,tablet,7,57.26,7,0.19614657835192761,1
147,212,F,10s,sports,tablet,15,203.71,7,0.22666062091626932,1
624,16,F,40s,food,pc,0,389.59,2,0.2903946862037999,0
381,498,M,40s,food,pc,9,320.82,10,0.10983571254392258,0
915,372,F,30s,sports,mobile,6,391.97,6,0.20370822011369655,1
548,332,F,40s,book,pc,14,29.53,6,0.10178015587658336,0
285,205,M,10s,food,tablet,0,284.04,5,0.03822304975255055,0
700,365,F,20s,electronics,pc,21,229.38,5,0.1318572934414195,1
82,490,M,10s,book,mobile,15,448.53,10,0.17208902867910073,1
514,39,F,20s,sports,tablet,20,369.98,3,0.08715752464754653,0
897,89,M,30s,book,tablet,1,215.05,7,0.08468894609845347,0
815,430,M,50s,book,pc,2,279.16,5,0.15563068999801627,1
709,256,F,40s,fashion,mobile,14,215.29,5,0.19234155460472963,1
916,480,M,40s,sports,mobile,23,223.37,4,0.1267610148646939,0
523,254,F,10s,electronics,pc,17,318.87,3,0.20139299082472817,0
746,216,M,10s,sports,tablet,14,112.18,6,0.2945075023989878,0
386,368,F,20s,fashion,tablet,3,169.93,8,0.06470223123067192,0
707,303,F,40s,sports,tablet,2,143.18,5,0.26044096692082486,0
471,172,M,30s,sports,pc,6,401.4,5,0.10400009850462509,0
119,137,F,10s,electronics,tablet,23,471.26,6,0.29203100678845534,0
396,488,F,40s,fashion,tablet,19,210.08,2,0.2485091655980653,1
532,498,F,50s,sports,pc,21,43.17,4,0.15666753675039247,0
261,471,M,20s,sports,tablet,18,51.31,7,0.11408930682682246,1
805,384,M,10s,food,pc,22,202.8,7,0.1723240374669602,1
934,178,F,10s,sports,mobile,7,200.52,7,0.21503011222668222,0
256,77,F,30s,electronics,mobile,6,77.35,3,0.19755113518557701,0
734,188,M,10s,food,pc,3,404.53,7,0.2040702471269866,1
905,480,M,40s,fashion,pc,9,252.57,7,0.07180859340355691,1
226,498,F,40s,book,pc,9,58.98,3,0.078784956273799,1
53,15,M,40s,electronics,tablet,14,53.87,1,0.38941109939693547,0
940,292,M,50s,fashion,tablet,23,225.75,3,0.3121170658724549,0
867,497,F,50s,food,pc,21,62.83,4,0.2733607370597402,0
500,319,M,10s,book,pc,17,282.79,6,0.29545123048074623,0
506,325,M,50s,fashion,tablet,9,195.58,4,0.37792452187595754,0
854,214,M,50s,electronics,tablet,22,460.24,6,0.1488391857793178,0
364,208,F,30s,food,pc,8,212.36,6,0.08168450932092554,0
280,169,M,50s,electronics,tablet,8,309.14,4,0.19406982155458838,0
593,330,F,20s,electronics,tablet,21,406.62,4,0.1359748842526094,0
714,280,M,20s,food,mobile,15,154.92,6,0.06834766014068708,0
158,466,M,20s,sports,pc,16,258.38,8,0.28074345295488023,1
632,305,F,10s,electronics,pc,15,64.87,7,0.282730927784499,0
59,146,F,40s,food,tablet,5,219.22,10,0.3482292394474972,0
727,263,F,30s,electronics,mobile,4,191.03,3,0.23512771942878988,0
128,4,F,10s,sports,pc,6,216.95,4,0.24639063590539872,0
736,90,M,40s,food,pc,12,58.17,2,0.14575505358930316,0
721,453,F,30s,fashion,tablet,7,202.21,6,0.12739858598035628,0
882,60,F,30s,fashion,pc,0,435.78,2,0.35097944013311655,1
115,311,F,30s,fashion,tablet,9,468.84,4,0.45975840175229216,0
209,16,M,20s,book,mobile,19,124.66,1,0.19880871410321646,0
526,227,M,20s,electronics,mobile,19,153.75,4,0.08941966322562038,1
521,474,F,20s,electronics,pc,0,9.73,4,0.30756862197896717,1
552,466,F,30s,food,tablet,19,62.21,6,0.1712722761690677,0
962,29,F,30s,book,mobile,22,175.83,6,0.11672124360155325,0
237,151,F,20s,electronics,pc,13,344.13,7,0.05629095386924483,0
281,245,M,30s,food,pc,14,149.64,4,0.023047047211012688,0
359,270,F,20s,sports,pc,5,42.32,4,0.2657123638288104,0
201,79,M,20s,electronics,tablet,19,366.78,10,0.16950596802333798,1
758,433,F,20s,electronics,tablet,1,236.05,2,0.10448702739397892,1
278,289,F,40s,sports,mobile,6,262.0,5,0.3531174919839598,0
235,153,M,30s,sports,tablet,23,166.38,4,0.13069402971051863,0
494,277,F,10s,electronics,tablet,19,308.46,4,0.2609553405200606,0
4,401,F,20s,sports,pc,18,445.94,6,0.17980288743235848,1
666,279,F,10s,food,pc,4,279.11,7,0.1416137267226074,0
442,57,F,40s,electronics,mobile,21,295.82,5,0.3130460610466628,0
29,491,M,30s,electronics,pc,7,189.91,2,0.05250547967350857,0
109,465,F,20s,fashion,pc,2,45.9,5,0.42545050771449366,0
610,186,F,20s,electronics,pc,12,217.13,10,0.07608461676304523,0
727,398,M,20s,fashion,tablet,5,462.7,5,0.41074105857960835,0
805,93,F,10s,sports,pc,20,341.71,6,0.05758993505247707,0
75,276,M,40s,sports,mobile,22,247.66,0,0.09482227877634349,0
838,158,F,30s,food,mobile,13,312.34,3,0.5021095214388615,0
146,275,F,40s,fashion,pc,6,281.48,10,0.20730238630145378,0
128,181,F,20s,electronics,pc,10,456.64,4,0.39422095476941305,0
853,359,M,40s,fashion,mobile,21,115.8,4,0.15360143897955703,0
42,440,M,10s,sports,tablet,8,444.9,8,0.4303236292795872,0
356,77,F,50s,sports,pc,9,345.79,6,0.08167760561493564,0
41,466,M,50s,food,mobile,19,68.23,3,0.22560045831104503,1
934,151,F,30s,sports,tablet,16,189.09,5,0.07634190450516626,0
34,446,M,30s,fashion,mobile,7,220.97,8,0.10684344493153548,0
17,238,F,40s,electronics,tablet,21,46.05,8,0.08514807201004912,0
677,289,M,30s,electronics,mobile,5,279.33,4,0.13288676881814,0
153,231,F,10s,fashion,mobile,20,133.39,4,0.3199858630275129,0
998,488,M,20s,food,tablet,10,231.77,7,0.4541259422939426,0
378,18,M,20s,electronics,pc,2,222.19,3,0.12930093979092844,0
588,73,M,40s,fashion,mobile,5,263.23,5,0.24784791455518024,1
599,417,M,20s,fashion,pc,16,423.87,4,0.029894885599297323,0
629,416,F,40s,sports,mobile,6,391.48,3,0.3029530502200658,0
874,189,F,30s,sports,tablet,5,437.14,2,0.05011125117778083,0
342,438,M,30s,food,pc,20,288.31,2,0.22134540788703555,0
981,17,F,10s,food,tablet,12,309.82,6,0.11997495238987903,0
27,19,M,20s,food,tablet,13,218.09,6,0.20561236657709797,0
825,219,F,10s,fashion,pc,18,360.02,4,0.18330309423042282,0
287,326,M,50s,fashion,pc,7,106.42,1,0.28035997843354893,0
646,483,F,10s,sports,pc,12,240.22,6,0.24671493397326938,0
731,120,F,40s,electronics,tablet,19,358.52,8,0.03749149164729048,0
168,101,M,40s,food,tablet,8,390.05,3,0.196462997701334,0
610,34,M,10s,book,tablet,4,127.74,6,0.009675406848049397,0
268,84,M,30s,food,pc,10,94.87,4,0.18737048101288412,0
749,409,M,50s,sports,mobile,6,147.82,2,0.34051972078641873,0
821,196,M,10s,fashion,pc,5,460.48,2,0.18703229223650897,0
455,330,F,30s,sports,mobile,11,68.91,4,0.14799719732934566,0
906,202,M,10s,sports,tablet,11,476.78,10,0.1607812853324361,0
685,344,F,20s,sports,mobile,5,497.43,4,0.3738777000658782,1
401,341,M,40s,book,pc,3,392.8,3,0.22851102771762624,0
922,11,F,20s,book,pc,12,381.41,4,0.33676906247260247,0
981,347,F,20s,food,pc,11,476.88,6,0.5369911211202302,0
476,400,M,50s,fashion,mobile,14,148.81,1,0.10487484342150229,0
702,218,M,30s,sports,pc,7,68.85,4,0.21324740120848845,0
634,445,F,40s,electronics,mobile,12,412.43,5,0.14387208517910294,0
558,253,F,20s,food,tablet,10,89.61,7,0.12809136871522572,0
576,222,M,40s,food,mobile,10,27.48,7,0.3201735235465631,0
130,383,F,30s,sports,tablet,10,102.25,5,0.2574711009193982,0
822,369,F,10s,food,mobile,18,221.76,1,0.09136586431519204,0
363,80,F,20s,sports,tablet,20,250.08,6,0.29021371410789254,0
705,7,F,30s,food,pc,16,35.94,7,0.4363192632677954,0
819,272,F,40s,fashion,mobile,0,224.48,5,0.014569449763188273,0
693,227,F,30s,food,tablet,12,304.13,6,0.3105514117649279,0
292,16,M,10s,food,pc,19,466.24,2,0.11640452468267333,0
371,424,M,30s,electronics,pc,8,117.52,8,0.10903986254272163,0
794,12,M,40s,fashion,tablet,22,109.43,8,0.46188695917682965,0
29,291,M,20s,fashion,tablet,23,197.77,6,0.06207776838259214,0
149,241,F,20s,fashion,mobile,10,491.91,4,0.09212139540141331,0
779,21,M,50s,food,tablet,8,171.43,8,0.23110783034567026,1
296,178,F,40s,book,tablet,16,26.71,6,0.1023454559512328,0
11,427,F,50s,food,pc,6,136.48,1,0.2766274774445216,0
512,228,M,50s,sports,tablet,7,281.36,3,0.05681343464855767,0
676,496,M,10s,electronics,tablet,1,209.21,3,0.1850463600019182,0
113,273,F,40s,fashion,tablet,13,388.24,4,0.4390188702116424,0
187,288,M,20s,sports,pc,9,305.6,8,0.11576330651515654,0
807,297,M,40s,sports,pc,8,281.93,2,0.09512102972630664,0
744,134,F,10s,book,pc,0,164.88,5,0.19483832566282558,0
227,472,F,40s,fashion,pc,11,278.16,4,0.25777324943869173,0
310,283,F,40s,food,mobile,13,309.72,9,0.47457414113578095,0
98,404,F,50s,fashion,pc,18,93.71,7,0.05603286153004087,0
55,153,F,40s,electronics,pc,10,369.25,4,0.20248104919387627,0
623,66,F,50s,fashion,mobile,8,199.5,7,0.36993244062327885,1
664,137,M,50s,sports,mobile,16,372.43,2,0.11733946487888436,0
758,92,M,30s,sports,mobile,19,92.97,4,0.058731932604813464,0
406,437,M,10s,food,tablet,5,329.98,4,0.1785244087730518,0
69,317,F,50s,food,pc,5,18.31,7,0.10020075833142296,1
312,422,F,40s,food,tablet,19,83.69,12,0.20786865462285792,0
289,259,M,50s,electronics,mobile,9,446.1,5,0.09756029947862853,0
762,468,M,50s,fashion,mobile,9,233.43,3,0.15342086861695284,0
548,454,M,50s,book,mobile,16,256.39,5,0.12019188777977126,0
751,103,F,20s,fashion,mobile,20,454.25,1,0.09115139227076635,0
148,481,M,20s,food,tablet,13,245.04,5,0.013629771062674701,0
467,55,M,20s,electronics,mobile,4,329.02,3,0.25366088063613773,1
739,257,M,20s,fashion,pc,2,114.87,6,0.18806598064942456,0
244,101,F,30s,sports,pc,10,45.38,3,0.05613650708123816,0
491,198,M,50s,fashion,pc,18,179.91,3,0.1393771464927258,0
849,301,M,30s,sports,tablet,19,400.35,6,0.07852960983430488,0
958,226,F,40s,fashion,mobile,18,226.18,3,0.09905100226885417,0
507,431,F,10s,fashion,tablet,13,88.23,6,0.2745029354458136,0
365,463,F,30s,fashion,pc,14,274.82,7,0.3406046826996036,0
482,237,F,20s,food,mobile,2,135.6,6,0.2358502173101809,1
201,26,F,20s,sports,tablet,2,473.6,2,0.2638152957936813,0
154,121,M,40s,electronics,mobile,22,290.82,6,0.2848212632773002,0
450,398,M,50s,book,mobile,8,491.57,5,0.07366732854827733,0
501,182,F,10s,sports,tablet,10,26.32,3,0.12201829313997178,0
73,199,F,30s,food,pc,14,10.72,7,0.04707196629552379,0
713,302,F,50s,sports,tablet,16,241.16,4,0.11205897625316118,0
296,255,F,50s,electronics,tablet,23,431.69,7,0.050723494467813365,0
17,122,M,30s,sports,pc,11,264.58,7,0.12328626039254253,0
641,31,M,30s,food,tablet,16,438.71,6,0.09779919185942341,0
217,472,F,30s,food,mobile,8,69.63,2,0.32904274553135926,0
61,315,F,30s,book,pc,12,351.17,5,0.5169679926547499,0
939,479,F,20s,electronics,tablet,7,331.64,5,0.15205950609401664,0
616,285,F,50s,book,mobile,21,274.76,6,0.08206404452138531,1
42,106,M,50s,fashion,pc,5,205.53,6,0.1424434538543837,0
25,224,F,20s,food,tablet,22,325.3,9,0.10214658818613105,0
39,273,F,50s,book,pc,23,277.3,4,0.08283754734332777,0
803,398,M,30s,food,mobile,6,139.95,1,0.18970597368760111,1
131,232,F,10s,food,mobile,0,56.78,4,0.05449982979378862,0
498,420,M,50s,fashion,pc,9,196.39,6,0.2813250487888753,0
229,256,F,10s,food,mobile,14,258.66,8,0.03978959227832936,1
108,442,F,10s,book,mobile,13,256.72,5,0.35735440477502933,0
172,496,M,20s,electronics,pc,3,215.66,5,0.4951473082920735,1
435,24,F,40s,sports,pc,3,167.04,9,0.2102475053452842,0
478,109,M,50s,book,tablet,8,178.49,3,0.14323259666025223,0
102,191,M,20s,fashion,tablet,14,136.59,7,0.2575505291184626,1
866,347,M,20s,sports,pc,11,292.05,7,0.06172613752712695,0
524,25,F,10s,food,mobile,8,425.69,2,0.14851719968623123,0
275,187,F,50s,book,mobile,2,440.45,5,0.16029003471281073,0
613,288,M,20s,sports,pc,14,496.89,6,0.3839975804490427,0
44,116,F,30s,book,pc,20,48.97,3,0.20379308686751774,0
955,338,F,20s,food,pc,10,111.06,6,0.060018699597366144,0
817,366,F,30s,book,mobile,5,366.45,7,0.15518063124175227,0
957,402,M,40s,fashion,tablet,14,324.39,5,0.2108708680649602,0
17,37,M,30s,sports,tablet,6,71.26,4,0.05426990839803874,0
330,282,F,30s,sports,mobile,18,317.35,3,0.15767315337345197,0
569,137,M,10s,sports,tablet,13,206.2,3,0.07640736982611693,0
823,227,F,20s,book,pc,3,478.65,2,0.10908906916881905,0
497,320,F,40s,food,pc,20,428.35,3,0.18750661506366373,1
815,328,F,20s,book,mobile,0,41.25,3,0.1599402468592862,0
12,404,M,30s,book,mobile,23,49.54,4,0.18671006922614403,0
318,182,M,30s,sports,pc,22,211.44,4,0.0356318726820396,0
592,362,F,20s,food,pc,12,9.14,8,0.08801610149413956,0
216,86,M,40s,electronics,mobile,10,51.72,4,0.12001382785567415,0
339,467,F,40s,food,mobile,17,466.63,7,0.1855151958278786,0
776,414,M,10s,book,pc,22,397.25,5,0.3326953595771134,0
991,53,M,30s,fashion,pc,8,337.99,3,0.12365038022368227,0
661,348,M,30s,food,tablet,20,415.97,4,0.04289654501264991,0
81,355,F,10s,sports,tablet,10,128.78,9,0.02353587548494275,1
727,235,F,20s,fashion,pc,5,364.16,5,0.05974815194741601,0
485,447,F,30s,electronics,mobile,15,309.71,10,0.30068078230449585,0
374,267,M,20s,electronics,tablet,4,425.08,6,0.2515793341132141,0
976,287,F,40s,fashion,tablet,0,144.93,7,0.29354539104113625,0
710,433,F,50s,electronics,pc,21,383.04,2,0.10464040139046267,0
200,496,F,10s,fashion,mobile,13,427.06,4,0.06804948278762653,0
537,487,F,30s,book,mobile,22,276.76,2,0.11478713916946127,0
466,100,M,10s,fashion,pc,20,209.82,4,0.09741845248247105,0
89,478,M,40s,book,mobile,18,474.58,4,0.20188005648402188,1
268,87,F,40s,sports,pc,5,88.64,3,0.15813677130672132,1
655,403,M,40s,sports,mobile,11,22.96,0,0.32977255864940247,0
571,396,M,40s,electronics,pc,6,93.67,2,0.035226304498877356,1
922,15,M,50s,fashion,mobile,9,343.31,10,0.16555207188144194,1
489,415,M,20s,book,pc,9,395.53,4,0.16113082560627823,0
877,427,M,20s,sports,pc,12,359.83,4,0.11219495880608366,0
538,101,F,50s,sports,mobile,6,212.83,5,0.11246193377784285,1
47,165,M,20s,sports,pc,18,483.95,9,0.14385258880019874,0
288,463,F,40s,electronics,tablet,0,224.93,4,0.2619728223717121,0
778,29,F,20s,sports,mobile,14,490.75,3,0.010918497642692872,0
16,114,F,10s,food,pc,13,459.47,10,0.10010683714103484,0
711,107,M,20s,electronics,mobile,12,206.54,10,0.10737160135967701,0
401,410,M,10s,fashion,mobile,6,84.7,3,0.360464708750785,1
919,364,M,30s,food,pc,11,49.47,7,0.3203765012349356,0
794,130,M,10s,electronics,tablet,7,268.08,4,0.026412629610249906,0
981,84,F,10s,electronics,mobile,14,382.79,2,0.23986667117951815,0
86,271,F,40s,book,tablet,16,92.14,4,0.21994042591829566,0
250,244,F,40s,food,tablet,20,162.51,11,0.024555061168727566,1
391,388,M,40s,food,pc,11,317.11,4,0.0743099378483942,0
782,214,F,10s,food,pc,12,233.13,5,0.03077360143094034,0
335,306,F,50s,sports,mobile,7,303.91,3,0.31821706786197407,0
629,166,F,40s,sports,pc,9,339.8,5,0.15184169816693202,0
519,279,M,40s,fashion,mobile,6,193.44,7,0.17395076140319157,1
137,59,F,10s,fashion,mobile,1,394.05,0,0.1814543986274342,0
883,90,F,30s,fashion,tablet,15,352.92,5,0.12912262506436753,0
688,371,M,30s,sports,pc,3,345.34,9,0.15541069302400276,0
840,331,F,20s,book,pc,5,78.99,3,0.1634661118480848,0
498,412,M,30s,fashion,mobile,6,239.75,2,0.36238105094541967,0
827,194,F,40s,electronics,tablet,22,290.7,6,0.3974981704630349,0
727,123,M,50s,sports,pc,18,117.06,5,0.03538266254317644,1
477,136,M,20s,book,tablet,23,380.49,4,0.10143747939239804,0
594,413,M,50s,electronics,tablet,22,64.93,4,0.20175185676091772,0
223,139,F,50s,electronics,mobile,3,79.18,4,0.3906571529787718,0
990,229,F,40s,sports,pc,9,209.59,4,0.2518137254021025,0
372,274,M,10s,food,pc,3,72.0,5,0.13669630820960374,0
935,439,M,10s,book,pc,19,10.76,6,0.14456687753879405,0
995,50,M,10s,sports,tablet,4,208.64,3,0.38995186229177514,0
402,398,M,30s,food,pc,13,326.03,5,0.12041616122882841,0
443,118,M,10s,sports,mobile,10,250.09,2,0.277208831291315,0
490,202,M,40s,sports,tablet,1,30.83,7,0.2317064349583078,0
615,483,M,30s,electronics,pc,8,120.07,6,0.2162214850027898,1
273,393,M,10s,sports,tablet,21,264.55,2,0.2937012622741136,1
526,483,M,50s,food,tablet,11,370.36,6,0.05830626134708267,0
159,395,M,40s,electronics,tablet,23,397.99,3,0.20667067068721745,0
152,191,M,40s,food,mobile,0,262.09,4,0.22527267013068678,0
995,364,M,20s,food,pc,21,324.83,11,0.3148531180923055,1
620,460,F,40s,electronics,pc,14,452.19,4,0.14990590294274003,0
188,323,M,50s,food,tablet,5,37.27,6,0.08088841043226275,0
813,181,F,40s,fashion,pc,23,54.09,3,0.08513349062586811,0
98,423,F,20s,sports,tablet,16,231.64,2,0.3471830551509851,0
131,78,F,40s,electronics,tablet,20,306.82,6,0.11869645244706457,0
805,440,M,40s,electronics,tablet,14,7.29,10,0.18485922709441746,0
171,412,F,20s,fashion,mobile,13,229.01,3,0.2347058632728587,0
936,75,M,40s,fashion,pc,18,90.52,4,0.012618802187443875,1
986,295,F,30s,fashion,tablet,21,324.33,4,0.2591710423188486,0
183,281,M,40s,fashion,pc,8,137.53,0,0.04231249600509926,0
983,21,M,10s,book,mobile,2,451.46,4,0.29320244665140177,0
364,394,F,10s,electronics,mobile,14,36.6,10,0.4029295489946809,0
39,171,F,30s,food,tablet,16,405.56,7,0.1968004245635979,0
527,15,M,40s,electronics,mobile,1,199.2,6,0.17012303371098403,0
888,211,F,50s,electronics,mobile,3,429.29,6,0.062381196612520305,0
497,48,M,40s,electronics,mobile,13,408.49,8,0.20566859038714622,0
516,86,M,10s,fashion,mobile,10,123.45,6,0.19600655671694633,0
349,149,M,20s,fashion,mobile,11,30.03,3,0.2947813446728065,0
982,188,F,30s,book,mobile,22,349.28,3,0.23122671089105598,0
921,372,M,20s,electronics,pc,15,106.18,2,0.08436763552859865,0
397,492,M,50s,sports,mobile,11,465.6,3,0.08183744084153985,0
722,480,M,40s,book,pc,1,38.28,5,0.20115954966089042,0
161,306,M,50s,fashion,tablet,6,165.37,7,0.267018867675283,0
16,151,F,20s,electronics,mobile,20,11.26,7,0.07259506478056907,0
493,141,F,40s,fashion,mobile,22,161.92,4,0.07680762809388068,1
426,69,F,50s,food,pc,2,272.92,0,0.0728033282809225,0
108,260,F,10s,fashion,mobile,2,329.16,3,0.006618737754549331,1
894,476,M,10s,fashion,pc,12,364.58,7,0.13638922086632038,1
450,334,M,30s,book,pc,6,417.56,7,0.29199118981828803,0
311,456,M,10s,food,mobile,4,59.84,4,0.19521528061273907,0
739,9,M,10s,sports,tablet,20,382.13,6,0.40072535950596583,0
170,121,M,20s,sports,tablet,4,142.79,5,0.3695418141120003,1
546,371,M,10s,sports,tablet,19,73.43,1,0.25793933817621006,0
414,419,F,10s,electronics,pc,21,136.5,5,0.29936564984005654,1
251,101,M,20s,sports,pc,5,429.71,5,0.15373170807408157,0
759,149,M,10s,electronics,mobile,12,315.56,4,0.09185205949988115,1
781,442,M,10s,fashion,pc,6,300.7,10,0.716878043399621,0
141,146,F,30s,sports,tablet,1,294.4,4,0.4211956490370032,1
274,353,M,10s,book,mobile,21,207.27,2,0.22214354932334673,0
416,456,M,10s,food,tablet,8,211.42,8,0.12542695990291428,0
608,243,M,30s,food,mobile,18,78.42,4,0.1172137584360647,1
739,241,F,20s,fashion,tablet,1,169.64,5,0.3156007714986281,1
891,337,M,10s,food,mobile,12,258.46,3,0.3833689849373056,1
39,43,M,50s,food,tablet,7,304.98,9,0.16529663194494099,0
814,95,F,20s,fashion,pc,15,40.46,5,0.13380570320928195,0
29,226,M,20s,fashion,tablet,0,170.24,7,0.3519834736574832,0
958,6,F,10s,fashion,mobile,10,173.01,5,0.10474851719048023,0
477,214,M,30s,book,tablet,7,259.96,4,0.1431207244374277,0
318,206,F,20s,fashion,pc,20,356.47,6,0.09355274118860259,0
245,67,M,30s,fashion,mobile,19,319.44,7,0.18601043039913848,1
748,396,M,50s,fashion,pc,0,287.59,3,0.17641143107207566,0
697,100,F,30s,sports,tablet,20,149.25,3,0.2491931140984663,0
272,12,M,40s,sports,mobile,6,420.33,6,0.29117496182676944,0
440,237,M,30s,book,tablet,8,393.72,8,0.11870798955440813,0
748,322,F,20s,book,mobile,21,95.89,9,0.14824890100129479,0
239,258,M,30s,food,pc,1,329.29,7,0.29211279796568673,0
377,399,F,30s,sports,pc,20,453.79,7,0.35640960146396805,1
266,407,M,40s,book,pc,18,220.62,1,0.03195040455109354,0
926,413,F,40s,book,tablet,5,462.76,2,0.049273093657454005,0
921,337,M,10s,food,mobile,4,15.87,7,0.45908617534512147,1
359,480,M,20s,fashion,pc,12,260.54,8,0.10436712177149386,0
340,135,F,10s,electronics,tablet,9,131.85,11,0.2142427281316277,0
389,222,M,40s,food,tablet,0,134.77,3,0.2066200399421758,0
577,156,F,30s,electronics,mobile,17,439.39,3,0.05692607537905907,0
990,142,F,40s,food,pc,20,159.19,2,0.2559330505038246,0
689,428,F,50s,food,tablet,13,16.55,0,0.1420736122165871,1
3,158,M,30s,fashion,pc,11,272.15,2,0.01108515424301034,0
429,465,M,10s,book,mobile,5,485.58,4,0.20327794053061754,0
142,416,M,30s,sports,pc,13,44.15,4,0.0965962828651752,0
376,494,F,50s,food,pc,16,146.72,5,0.051012427627487714,1
670,326,F,40s,fashion,tablet,6,237.4,3,0.39608044560779615,0
324,371,F,20s,electronics,tablet,2,416.09,3,0.1252478829687455,1
146,344,M,20s,book,mobile,16,138.1,6,0.04414631205190559,1
958,262,F,20s,food,mobile,22,175.12,5,0.2403679310367232,0
293,283,M,40s,electronics,mobile,22,195.33,3,0.35932836027009324,0
665,338,M,20s,food,tablet,9,192.92,2,0.0097234473512924,0
432,344,M,50s,sports,mobile,2,104.17,7,0.3911999079300059,0
705,229,M,40s,sports,mobile,15,458.25,6,0.21266636104380887,0
949,376,M,20s,book,tablet,5,397.49,5,0.11358139885669673,0
975,280,M,10s,electronics,mobile,3,487.94,4,0.02286370822825039,0
585,358,M,40s,sports,tablet,19,188.64,10,0.04033635701204999,1
399,290,M,40s,fashion,mobile,8,27.42,1,0.17534425314185706,0
817,168,F,30s,book,tablet,6,62.17,4,0.028451011633712248,0
889,47,M,20s,food,pc,15,181.95,5,0.2034888069552721,1
344,463,M,10s,electronics,tablet,5,455.98,6,0.23843937236941756,0
964,203,F,50s,electronics,tablet,11,490.64,3,0.05736598217949274,0
140,214,F,40s,fashion,tablet,2,411.89,5,0.19928348608854382,0
187,246,F,50s,sports,mobile,11,123.02,1,0.05429924658900766,0
805,24,F,50s,electronics,tablet,19,331.55,5,0.052841999327054585,0
61,321,M,50s,fashion,tablet,13,300.32,6,0.27211003648393806,0
997,274,F,30s,fashion,mobile,13,412.51,7,0.15487559459393918,0
939,44,F,50s,food,pc,8,257.33,5,0.3786934445271995,0
380,332,F,20s,fashion,tablet,3,162.47,8,0.15118767605764943,0
710,313,F,20s,book,mobile,22,14.54,2,0.4877310464158379,1
807,363,M,10s,electronics,pc,19,398.54,4,0.14976589732028878,0
440,156,F,10s,book,tablet,14,267.47,7,0.17183025899295307,0
319,488,F,50s,fashion,pc,6,269.42,7,0.019064932662492786,0
302,380,F,50s,fashion,tablet,19,478.75,5,0.2680853236377989,0
344,199,F,30s,book,tablet,18,245.68,4,0.22613622367422356,0
11,407,M,50s,food,pc,5,161.32,8,0.4209526000176508,1
62,469,F,50s,fashion,pc,18,173.22,4,0.05665093526707335,0
845,162,F,50s,book,pc,6,10.81,5,0.48929543251058294,0
226,395,F,40s,book,tablet,0,65.56,3,0.33084968897052136,0
153,470,M,40s,electronics,tablet,6,26.69,4,0.22526232647562053,1
711,234,F,30s,food,mobile,2,125.41,7,0.26079549472664715,0
564,163,F,30s,sports,mobile,5,37.0,7,0.17775815209919013,1
772,116,M,20s,book,mobile,22,168.9,3,0.26222113509736,0
571,93,F,30s,electronics,tablet,5,67.43,3,0.28168711114550804,0
584,42,M,20s,sports,pc,10,459.37,4,0.24890521175711164,0
660,284,M,50s,electronics,mobile,1,469.5,10,0.06306723497883472,0
861,379,F,30s,electronics,tablet,5,303.71,4,0.39106050318060304,1
575,210,F,30s,food,pc,21,403.72,3,0.4658938994693917,1
310,206,M,30s,fashion,mobile,17,340.22,5,0.23916132576148644,1
885,466,M,20s,food,pc,22,406.5,6,0.05818219675968084,0
243,220,F,20s,sports,pc,13,321.7,7,0.13672348158901435,0
493,280,M,10s,food,mobile,11,217.95,1,0.1584016959523283,0
366,136,M,20s,fashion,mobile,8,437.51,7,0.004539218216725397,0
330,106,F,20s,food,tablet,12,221.84,2,0.26882492603979213,1
107,118,M,40s,food,pc,19,201.13,6,0.10589929324905237,0
226,237,M,30s,food,mobile,20,314.07,4,0.22710303212566876,0
825,309,M,20s,book,mobile,21,469.28,4,0.546742048466438,0
218,456,M,30s,book,pc,0,223.89,6,0.15092166765688386,0
937,388,M,30s,food,pc,7,289.6,3,0.2356114571678679,0
753,475,M,40s,fashion,pc,8,248.7,6,0.2594685489587126,0
506,100,F,30s,fashion,mobile,16,455.32,2,0.3117884125927479,1
259,261,M,20s,fashion,mobile,12,339.99,8,0.2547475417249099,1
888,481,F,30s,fashion,tablet,3,212.7,6,0.030386483609650093,0
774,305,F,10s,electronics,pc,5,305.42,6,0.1646884067475062,0
517,354,F,10s,food,mobile,12,82.25,5,0.5290361267329379,0
773,286,F,40s,food,mobile,16,174.26,3,0.31747615091792486,0
54,328,F,20s,electronics,pc,18,369.41,3,0.07200326932964526,0
47,103,F,40s,fashion,mobile,22,283.39,6,0.11703066892769043,0
727,63,F,10s,sports,pc,23,160.57,8,0.06593270171686962,0
689,175,F,20s,sports,mobile,7,184.34,5,0.1851824541232578,0
521,282,M,30s,electronics,pc,20,405.84,5,0.18629629695948402,0
99,441,F,20s,sports,pc,16,272.74,4,0.04823862304103638,0
20,293,F,50s,book,mobile,16,123.18,4,0.22935527922767796,0
890,226,F,20s,food,pc,23,151.92,4,0.2649700740774173,0
753,7,M,30s,sports,tablet,20,236.6,3,0.18427300696538257,0
573,127,F,50s,book,tablet,14,382.6,3,0.10428375618644216,0
891,424,M,40s,food,pc,0,498.73,5,0.18660634580149088,0
490,92,F,20s,book,tablet,1,96.95,5,0.12070944557305585,0
419,423,F,40s,food,mobile,19,378.69,3,0.15821300803914912,1
690,190,M,20s,food,mobile,9,310.52,4,0.17547547501472444,0
850,359,F,10s,sports,pc,15,267.94,3,0.3176884745119295,0
62,476,M,10s,electronics,mobile,22,483.4,6,0.15061162701372482,1
145,462,M,30s,sports,mobile,3,164.76,7,0.09762173061496725,0
216,53,F,10s,fashion,tablet,7,92.6,5,0.250705838047347,0
3,242,F,50s,book,mobile,15,439.41,9,0.08952141672172047,0
160,486,M,50s,fashion,mobile,6,39.0,7,0.0822654061124315,0
739,132,M,20s,food,tablet,4,409.47,4,0.28505420554909966,0
998,490,F,40s,sports,pc,22,296.67,7,0.20799529651920595,0
781,466,F,50s,fashion,pc,7,86.18,3,0.38596466722734624,0
120,364,F,20s,fashion,tablet,2,117.54,2,0.3130881917815213,0
893,112,M,40s,fashion,tablet,2,82.14,6,0.2774486564972604,0
89,409,F,10s,food,mobile,17,360.58,3,0.30341849564183315,0
329,7,M,20s,food,mobile,3,77.92,3,0.07305719607936931,0
580,230,F,40s,food,pc,3,342.28,6,0.22678084848336358,0
910,156,M,30s,fashion,pc,14,68.43,8,0.44880281575088177,0
357,197,M,30s,book,tablet,14,402.12,2,0.08418968037782706,0
610,323,F,50s,sports,mobile,3,460.15,5,0.16090431815568848,0
267,364,M,40s,sports,tablet,1,281.86,7,0.015190344082776027,0
617,223,M,30s,food,pc,22,483.26,6,0.24485605086233386,0
952,367,M,50s,fashion,pc,2,198.24,1,0.12277089783078092,0
323,490,M,20s,book,tablet,9,126.08,2,0.2824544291748294,0
635,250,M,20s,electronics,mobile,0,92.76,5,0.15111298294797174,0
988,404,F,40s,food,mobile,17,242.09,4,0.11662714011311018,1
541,83,F,40s,electronics,tablet,4,69.72,3,0.10131299523300794,0
649,240,M,40s,sports,pc,8,438.52,4,0.29085960007099243,0
195,380,F,40s,sports,tablet,19,393.46,4,0.055204824337834454,0
921,395,M,30s,book,tablet,5,283.25,6,0.11666105445268787,1
738,360,M,30s,book,mobile,18,362.12,4,0.08817976203759784,0
332,323,F,50s,electronics,pc,8,29.75,10,0.3127868107151858,0
170,471,M,30s,sports,pc,17,105.74,4,0.24290864491835826,0
521,263,M,20s,book,mobile,23,312.5,8,0.12942987764079497,0
463,407,M,50s,book,pc,14,241.35,6,0.17236488215364712,0
40,189,F,30s,sports,pc,14,304.29,2,0.13615263902051028,0
537,455,F,40s,sports,mobile,13,49.04,9,0.3020881159246287,0
261,366,M,30s,fashion,pc,2,327.95,1,0.16537705473477624,0
395,290,M,10s,book,pc,7,402.79,3,0.3071485541254095,0
955,362,M,50s,electronics,tablet,18,275.41,7,0.20819416586631856,1
226,403,M,30s,food,pc,10,181.92,8,0.05893571089272897,0
984,58,M,30s,food,tablet,3,91.45,8,0.043408104551355305,0
124,9,F,20s,sports,tablet,14,136.35,4,0.24616825310812177,0
975,304,F,40s,electronics,tablet,23,263.65,4,0.25202244378156285,1
38,115,F,40s,fashion,mobile,9,131.48,5,0.05044856696750819,0
328,210,F,20s,book,mobile,19,390.08,5,0.18293310880591213,0
251,41,M,20s,fashion,pc,10,70.21,5,0.09623137131597428,0
901,304,M,10s,electronics,tablet,8,260.63,4,0.22002473569684536,0
176,173,F,50s,fashion,pc,21,250.5,4,0.5618333675101083,0
602,234,F,40s,sports,pc,16,73.75,6,0.11730463730938377,1
914,281,M,20s,food,pc,8,497.52,4,0.12063979014602298,0
454,372,F,20s,sports,pc,22,412.45,3,0.11026662162031313,1
37,78,M,50s,book,pc,8,196.33,5,0.27613959832228696,0
316,108,M,20s,sports,tablet,23,344.03,5,0.059100585466191444,0
688,281,M,10s,electronics,tablet,8,359.71,2,0.23149679350569546,0
973,403,F,50s,electronics,tablet,22,327.32,9,0.36402227291419176,1
796,39,F,10s,book,tablet,21,219.08,3,0.2642102122901483,0
965,119,F,30s,book,mobile,1,443.13,7,0.20641688097409147,0
973,335,F,40s,food,tablet,12,386.92,1,0.19362744080252142,0
593,336,F,20s,fashion,tablet,22,273.3,6,0.08761176463411564,0
114,27,M,50s,food,tablet,0,6.27,8,0.14473170471472965,1
40,104,F,10s,sports,mobile,5,115.57,10,0.11847350244994834,0
301,74,M,40s,fashion,pc,5,256.87,3,0.11410395059958134,0
224,191,M,40s,book,mobile,15,449.97,3,0.14746208679270942,0
318,324,M,20s,electronics,tablet,11,316.17,6,0.15913647281958,0
349,499,F,40s,sports,tablet,14,211.84,3,0.32301513125091313,1
115,147,F,20s,food,mobile,6,28.72,4,0.022938219679581175,0
698,255,F,30s,book,pc,1,300.65,4,0.15541786190088688,0
323,284,F,20s,fashion,mobile,11,178.62,4,0.1043261537739905,0
568,213,F,10s,fashion,mobile,19,271.0,7,0.2951006376390887,0
40,123,F,40s,electronics,tablet,1,384.39,4,0.05397169243228085,0
866,495,F,40s,book,mobile,3,402.85,6,0.17260126723561894,0
40,206,F,40s,book,mobile,2,432.82,4,0.05850166872471823,0
859,417,M,20s,sports,mobile,1,319.84,4,0.022993440636550337,0
973,240,F,50s,sports,mobile,17,453.28,5,0.20653952269131476,0
749,394,M,20s,fashion,mobile,2,346.86,8,0.2470044828534752,0
289,339,M,10s,food,mobile,9,393.04,3,0.20036648252126757,1
262,286,M,20s,fashion,tablet,11,344.31,7,0.30088665144191007,1
216,22,M,40s,sports,tablet,3,436.57,7,0.4087110785375437,0
147,259,F,30s,sports,tablet,22,115.33,4,0.3135882466173919,1
336,357,F,10s,sports,tablet,19,381.14,6,0.3456311713627028,0
168,105,M,30s,fashion,mobile,6,62.99,6,0.10682210560301593,0
92,466,M,10s,book,mobile,19,50.54,5,0.11735109126907596,0
353,459,M,10s,food,mobile,18,248.35,3,0.10733221525459168,1
571,432,F,40s,food,mobile,7,153.62,4,0.28966885222501726,0
571,258,M,20s,sports,tablet,2,283.86,6,0.14140435054760847,1
816,204,M,40s,electronics,tablet,14,340.48,3,0.21431582042665961,1
681,310,F,40s,fashion,mobile,7,117.15,3,0.3067111125864208,0
781,262,M,40s,book,mobile,17,351.46,4,0.09407266700138366,0
363,107,F,30s,sports,mobile,13,497.75,6,0.2284466345006606,1
557,251,F,10s,electronics,mobile,18,381.18,5,0.16424691991738433,0
345,424,M,50s,sports,pc,3,91.02,5,0.018453639185141885,1
693,492,M,20s,electronics,pc,2,318.68,4,0.09683790216835747,0
170,221,M,40s,food,pc,21,9.69,3,0.2179106910934794,0
356,379,F,10s,electronics,pc,8,237.51,5,0.07088596792189088,0
191,222,F,20s,food,mobile,9,268.99,3,0.19374446134521575,0
667,258,F,50s,food,mobile,7,486.33,3,0.20833297553380886,0
422,201,M,50s,fashion,mobile,19,369.92,6,0.270541107905205,0
700,367,M,40s,electronics,pc,1,354.45,8,0.07281764131089224,0
7,258,M,50s,book,pc,0,268.54,8,0.08459736579829656,1
133,349,M,50s,book,mobile,3,259.02,5,0.19086330383610678,0
747,225,M,20s,electronics,pc,15,496.08,7,0.2639917470260703,0
557,202,M,20s,fashion,tablet,4,15.53,5,0.017238722451414723,1
826,226,F,40s,book,pc,17,155.09,3,0.04292642077955604,0
761,236,F,10s,sports,pc,13,71.22,5,0.2252049610560291,1
31,183,F,40s,book,pc,12,160.91,4,0.0988416784122278,0
535,200,M,30s,fashion,pc,15,234.49,4,0.03356527454525912,0
426,357,F,50s,food,mobile,14,174.26,6,0.33118627911673176,0
394,246,F,10s,food,tablet,18,481.54,6,0.22101312161692796,0
672,444,F,20s,food,mobile,3,341.89,6,0.20966658204744898,0
363,353,M,30s,fashion,pc,18,365.38,2,0.3385432297896683,0
437,111,M,30s,food,pc,23,372.43,6,0.17446441914432517,0
670,6,F,50s,food,pc,12,450.12,3,0.05513740899382122,0
551,236,M,20s,fashion,pc,10,385.17,6,0.2790810443898927,0
927,127,M,10s,sports,pc,17,13.02,5,0.27146955539996837,0
82,104,M,20s,book,tablet,10,134.39,6,0.25770904118394533,0
356,237,M,50s,fashion,mobile,21,494.61,8,0.5263952933153536,0
258,403,F,30s,fashion,pc,0,327.8,3,0.09840992680127535,0
718,480,M,50s,electronics,tablet,14,38.72,3,0.43095406882897896,0
589,155,F,40s,food,mobile,23,235.99,4,0.16252307604541555,0
989,257,F,30s,sports,mobile,9,490.51,4,0.13882042055531563,0
524,235,M,50s,electronics,mobile,21,496.45,6,0.23687057711266118,1
295,500,M,10s,sports,pc,3,219.06,5,0.24643196888555338,0
962,289,M,10s,food,pc,5,447.06,3,0.32015373365880667,0
224,40,F,10s,food,tablet,1,298.04,2,0.04660641523998279,0
525,288,F,40s,food,tablet,16,257.17,8,0.0890677857315684,0
46,197,F,20s,book,mobile,11,208.91,4,0.2614332828826617,0
667,273,F,10s,sports,pc,21,446.6,3,0.4951736783674146,0
113,382,F,40s,sports,mobile,23,312.46,3,0.07343464380115927,0
233,264,F,10s,electronics,mobile,4,170.23,1,0.29002925172471916,1
17,57,F,40s,fashion,tablet,23,248.51,6,0.1355096256717117,0
360,298,M,10s,food,pc,18,224.82,8,0.2768748159913178,1
223,98,F,20s,food,tablet,5,228.32,3,0.44747793773941796,0
866,137,F,50s,electronics,pc,16,159.25,6,0.1820038011118125,1
700,376,F,10s,sports,mobile,18,318.31,4,0.1876888973449595,0
448,87,F,50s,book,mobile,19,30.86,11,0.017518492029143504,0
856,419,M,10s,sports,mobile,20,443.65,4,0.30350214445401946,0
365,242,F,20s,book,pc,2,210.62,3,0.04106188172146307,1
675,199,F,50s,book,mobile,7,401.43,9,0.2931026675442995,0
326,463,M,40s,sports,pc,4,366.1,7,0.14070427167212898,0
467,437,M,10s,food,pc,22,238.57,6,0.18828447500414613,0
414,310,F,10s,book,tablet,4,103.36,4,0.16037784582519243,0
455,84,F,40s,electronics,mobile,23,283.29,4,0.11297243611782286,1
586,242,F,20s,electronics,tablet,16,474.3,8,0.030181776474328605,0
233,281,F,30s,book,pc,18,96.96,2,0.036540470476417806,0
224,323,F,10s,food,mobile,18,131.73,5,0.15209954672959664,0
994,252,F,40s,book,mobile,9,496.54,7,0.21613026618450681,0
831,190,M,30s,electronics,pc,2,446.82,8,0.10894016375309379,0
412,439,M,10s,electronics,mobile,21,277.03,7,0.1235668399923566,0
572,430,F,50s,sports,pc,12,348.9,6,0.07525889548824151,0
335,152,F,40s,food,mobile,15,224.32,10,0.10144447332017997,1
222,482,F,50s,sports,mobile,11,205.03,3,0.5616948556778367,0
37,302,M,20s,fashion,pc,21,224.38,7,0.03414602848777721,0
989,278,F,30s,book,tablet,20,210.14,5,0.04969699645343967,0
278,139,M,40s,sports,pc,16,339.4,5,0.18689960706381245,0
196,176,M,10s,food,mobile,1,168.58,3,0.08030566197178961,0
916,8,F,10s,book,pc,15,89.53,8,0.18555001683629693,0
864,295,M,30s,book,pc,10,354.75,5,0.13185211804825925,0
484,235,F,50s,book,pc,0,20.49,2,0.3113909677268913,0
242,163,M,50s,book,mobile,11,360.78,3,0.21790513799007719,0
324,49,F,40s,book,tablet,5,135.31,5,0.033489307735295265,0
731,302,F,40s,food,tablet,18,99.18,6,0.32767502656976016,0
192,38,M,50s,fashion,mobile,4,192.58,4,0.0807927828818127,1
17,136,M,40s,electronics,tablet,21,63.16,6,0.4596279188001349,0
524,310,M,50s,fashion,pc,20,195.32,5,0.34211864061017117,0
918,421,F,30s,electronics,pc,2,55.65,4,0.13518671389924503,0
401,219,M,40s,sports,tablet,17,244.33,3,0.07127322343029106,0
906,348,M,50s,book,tablet,17,92.2,7,0.09830104630203018,0
886,296,F,40s,sports,tablet,11,69.35,5,0.03820150255235352,1
705,34,F,10s,sports,pc,17,291.66,8,0.08358791806577842,0
22,352,M,10s,electronics,pc,9,314.5,3,0.32652041331044496,0
474,79,M,20s,food,mobile,3,7.73,4,0.12943528415194658,0
120,236,M,50s,book,mobile,19,196.9,5,0.0945847386504038,0
210,383,F,20s,sports,pc,18,43.59,5,0.3188050422344776,0
306,273,F,50s,fashion,pc,23,370.63,1,0.2528719885793545,0
270,161,M,40s,book,mobile,3,342.35,7,0.32111508724820786,1
704,175,F,50s,food,mobile,23,29.62,7,0.1707820710223386,1
687,366,M,10s,book,pc,10,470.92,3,0.38361139492104707,0
285,308,M,40s,sports,tablet,2,480.18,6,0.18863585814186928,1
716,374,F,10s,fashion,pc,14,170.66,4,0.16835751398495571,0
676,464,M,40s,sports,tablet,15,69.65,3,0.25377562564308964,0
763,221,M,50s,food,pc,11,61.6,5,0.32491433578999346,0
227,9,F,50s,electronics,mobile,17,421.16,6,0.3207120361724335,0
948,289,M,10s,fashion,mobile,23,232.29,4,0.3620136551367758,0
381,444,M,30s,food,mobile,5,9.71,5,0.17253263139231956,1
460,113,F,50s,food,pc,14,463.05,11,0.24836730309038282,0
7,477,M,30s,sports,pc,1,298.4,5,0.24848455120522076,0
29,205,M,40s,sports,pc,22,346.75,5,0.20396680967654787,0
907,405,F,30s,sports,tablet,11,412.66,8,0.0982861227722831,0
33,186,F,10s,electronics,pc,9,410.2,6,0.033191620177640296,0
646,341,F,20s,book,tablet,22,42.52,7,0.19495168685598097,1
879,197,M,20s,book,tablet,3,289.13,6,0.20926316341074086,0
79,266,F,10s,sports,tablet,7,349.64,5,0.10488633787835838,1
928,262,M,20s,sports,mobile,14,47.38,4,0.5003929767094866,1
947,248,F,10s,electronics,tablet,18,115.09,7,0.13157054618425668,0
459,115,M,50s,book,tablet,15,200.93,5,0.13384771522093356,0
570,121,M,30s,electronics,mobile,12,443.83,6,0.3322516977073555,0
983,141,F,20s,food,tablet,14,426.06,4,0.26308294578184366,0
538,65,M,50s,book,pc,13,392.14,6,0.1516186667594802,0
482,276,M,20s,sports,pc,14,495.19,5,0.1704187248813716,0
430,313,F,40s,fashion,mobile,11,125.12,3,0.12006693441591822,1
738,239,M,10s,food,mobile,10,236.57,4,0.0950504337446079,0
285,302,M,10s,fashion,tablet,20,226.13,8,0.22919251343115596,0
516,392,M,50s,electronics,tablet,2,341.07,4,0.2927522813444648,0
977,10,F,40s,electronics,tablet,13,425.83,10,0.07319450031750696,0
99,457,F,30s,electronics,mobile,1,248.38,1,0.22550239914764014,0
397,369,F,40s,sports,tablet,17,248.31,10,0.13950155009024692,0
489,233,F,40s,electronics,pc,2,306.12,7,0.1302177170240282,0
39,195,F,30s,fashion,pc,8,372.52,4,0.06285455820985646,0
271,395,F,30s,food,tablet,10,104.64,3,0.1896230434853649,0
887,12,F,40s,sports,mobile,2,481.12,4,0.16188135087601738,0
797,394,F,20s,food,pc,4,50.57,6,0.07715752400032269,0
157,409,M,20s,electronics,mobile,8,16.43,4,0.12633787424584336,0
75,177,M,40s,book,pc,9,182.6,5,0.12528369113122473,0
884,177,M,20s,sports,tablet,5,352.21,3,0.07368646466399695,0
800,217,M,30s,electronics,tablet,5,489.15,5,0.1904754621210009,1
130,11,F,30s,sports,mobile,10,466.72,7,0.44770034301739237,0
687,446,M,20s,book,tablet,16,345.8,6,0.28990025893899246,0
974,118,M,30s,fashion,mobile,1,221.09,6,0.08400486468642095,0
84,164,M,10s,fashion,mobile,8,299.92,7,0.28942137654452316,0
22,39,M,30s,fashion,pc,23,484.49,1,0.12153700921491993,0
459,53,M,40s,book,pc,17,136.42,4,0.2728527344262916,0
539,218,F,50s,food,tablet,4,241.75,4,0.1605319006876312,0
707,206,F,20s,book,mobile,20,347.99,7,0.22727247748575696,1
849,487,M,20s,book,pc,5,10.1,3,0.3393748649331098,0
382,312,M,30s,electronics,tablet,3,193.72,7,0.15887935811395792,0
748,360,M,30s,fashion,tablet,8,286.12,5,0.37176709723980034,1
440,385,M,50s,sports,pc,4,450.95,7,0.19473438181965338,0
604,56,F,50s,food,tablet,3,496.04,6,0.08913676151225679,0
989,118,M,40s,sports,pc,8,280.38,3,0.055452850857780595,0
21,388,F,10s,electronics,mobile,17,472.57,7,0.3512811427750588,0
303,253,M,40s,electronics,tablet,10,54.14,6,0.06576838294840734,0
976,286,F,20s,food,mobile,15,352.13,6,0.2575871272286468,0
869,268,F,30s,sports,pc,1,203.27,5,0.18919984372883764,0
955,291,F,40s,food,mobile,15,376.73,6,0.30231264590009876,0
84,333,M,30s,food,pc,18,434.52,5,0.11170919754615764,0
774,180,M,30s,fashion,tablet,9,31.59,2,0.21469818632818796,0
659,415,F,40s,sports,tablet,3,468.06,3,0.05938381005617179,0
953,358,M,40s,fashion,tablet,11,38.74,9,0.04526305533901873,0
453,235,M,50s,fashion,mobile,8,377.93,5,0.23340362958998523,1
387,343,F,10s,fashion,mobile,12,39.19,5,0.05973593436844889,0
507,196,M,50s,book,mobile,4,431.53,4,0.22491084622071067,0
257,308,F,10s,electronics,pc,1,106.47,5,0.08457470937856265,0
570,80,M,40s,electronics,tablet,2,219.86,5,0.16343919353014708,0
892,135,M,10s,book,mobile,7,466.65,4,0.2624461023307396,0
934,22,F,20s,food,pc,5,397.07,4,0.2271793565559908,1
527,477,F,50s,sports,mobile,4,393.96,7,0.3032121917507687,0
162,331,F,50s,sports,pc,3,382.85,8,0.10916696406678635,0
957,440,F,50s,sports,tablet,19,286.87,3,0.2341806874953713,0
163,225,M,30s,fashion,mobile,15,475.96,2,0.10138632581250785,0
832,58,M,30s,sports,tablet,7,416.66,1,0.05612851309095203,0
793,93,M,40s,sports,mobile,11,222.94,10,0.14760514654906143,0
792,192,F,40s,sports,pc,21,372.57,2,0.16333450149999273,0
524,103,M,30s,electronics,tablet,4,499.06,5,0.2371710529801918,0
786,396,M,50s,book,mobile,4,436.15,1,0.13035402033787571,0
271,7,M,30s,food,mobile,21,5.61,7,0.46887540862573956,0
492,128,F,10s,book,tablet,12,370.25,5,0.2792893608190385,0
208,55,F,50s,sports,pc,10,449.45,6,0.16377193781707364,1
539,231,M,30s,food,tablet,10,167.24,4,0.2285152539656427,0
584,362,M,40s,food,mobile,18,488.86,5,0.3035518176299279,0
60,62,F,30s,book,tablet,6,203.64,3,0.13835425547494032,0
430,240,F,20s,book,tablet,16,213.48,4,0.06470007880514947,0
985,90,F,30s,book,pc,4,84.63,6,0.04825012361474677,1
657,232,F,50s,book,pc,5,52.81,3,0.11654866495186787,0
605,457,M,30s,fashion,tablet,17,270.61,4,0.22094612952891415,0
309,233,F,40s,electronics,pc,17,303.37,4,0.16315589137348635,0
520,354,M,10s,electronics,pc,8,186.61,3,0.11558840411087971,0
591,493,F,20s,sports,mobile,17,305.27,6,0.22716058831507333,0
27,333,M,50s,fashion,pc,18,200.36,4,0.07196445980348436,1
686,439,M,40s,food,tablet,16,434.75,5,0.22123873471116412,0
562,375,F,20s,book,tablet,8,477.14,6,0.26647063403926097,0
199,292,M,30s,sports,mobile,0,298.8,4,0.2808875426738019,1
387,345,M,20s,food,mobile,19,421.93,4,0.4164625941592546,1
349,152,M,10s,electronics,mobile,22,427.6,8,0.03704102714782391,0
960,428,F,20s,food,tablet,17,358.31,2,0.082764833554607,0
940,145,F,20s,book,tablet,23,100.04,6,0.05324341964824689,0
693,130,F,30s,book,pc,12,81.69,5,0.08761754855050362,0
536,141,M,30s,electronics,mobile,7,460.14,5,0.18627586976411012,1
828,415,M,50s,book,pc,13,136.21,7,0.2959992407628015,0
378,93,M,30s,fashion,pc,2,126.93,6,0.23497261761866728,0
899,114,M,20s,sports,tablet,3,87.23,4,0.14197036314141814,0
916,284,F,10s,electronics,pc,10,266.09,6,0.07705697653108068,0
558,444,M,30s,electronics,mobile,6,340.11,8,0.21750779653477453,0
527,411,M,50s,food,mobile,20,339.7,3,0.11427067962824332,0
153,143,M,50s,electronics,tablet,4,134.22,3,0.03629167835635653,0
734,223,F,20s,sports,tablet,1,51.92,9,0.030089634933190137,0
206,232,M,30s,fashion,tablet,5,158.55,6,0.13374712646995393,1
455,463,F,30s,food,mobile,19,254.2,6,0.16355001319797313,0
273,33,F,50s,sports,tablet,4,308.16,3,0.2506615295543427,0
894,276,M,30s,electronics,mobile,14,138.95,6,0.10625794937389542,0
236,170,M,20s,book,pc,10,95.66,7,0.11670647596784256,0
852,140,M,10s,book,tablet,4,421.58,1,0.060359775671870446,0
740,357,M,20s,sports,tablet,17,429.67,1,0.2621090074738426,0
521,201,F,30s,fashion,tablet,7,143.58,1,0.3002000837902768,0
678,23,F,20s,book,mobile,10,282.26,5,0.13099047088739996,0
944,456,F,40s,sports,pc,16,222.71,3,0.07246341285557804,0
956,224,F,40s,food,tablet,13,75.27,1,0.08118299890833625,0
831,368,F,30s,electronics,pc,1,470.59,5,0.02021215315771431,0
726,270,F,30s,fashion,tablet,6,9.84,11,0.24656142821242852,0
501,347,F,10s,fashion,mobile,22,97.85,5,0.02910123425787341,0
117,153,F,20s,food,pc,17,176.05,9,0.04939248545277134,0
386,333,F,10s,fashion,pc,0,428.95,6,0.5325544622218441,0
344,85,F,30s,sports,tablet,14,395.38,6,0.5177782984065901,0
584,109,M,30s,fashion,pc,0,292.04,3,0.19299560748731073,0
395,31,M,50s,fashion,mobile,16,349.04,2,0.18798656652622153,0
64,229,M,10s,fashion,pc,21,173.75,6,0.09023193113131481,0
717,240,F,30s,sports,pc,6,470.57,5,0.41758939546487456,0
721,378,M,40s,electronics,pc,15,18.26,5,0.17615644065907546,0
72,363,F,50s,book,pc,1,54.96,7,0.32081588804066286,0
789,310,F,20s,fashion,tablet,14,463.15,6,0.09816858973487443,0
274,389,M,50s,food,tablet,21,472.8,6,0.290036539952029,1
990,141,F,20s,food,pc,19,247.83,4,0.28278990357798606,0
320,156,M,40s,sports,pc,10,290.35,5,0.0733511367304567,0
338,299,F,20s,electronics,mobile,23,451.76,3,0.09958328012463663,0
366,345,F,10s,fashion,tablet,23,427.45,3,0.06449550419648001,0
495,371,M,20s,sports,tablet,1,431.67,9,0.20086875499642023,0
607,99,M,20s,book,tablet,10,189.03,6,0.13547612312764318,0
166,47,M,50s,electronics,pc,20,416.12,7,0.2323804661784762,0
544,487,M,40s,electronics,tablet,15,39.31,6,0.35251691311510985,0
11,327,M,20s,sports,mobile,1,246.05,6,0.3524619703926499,0
301,422,M,10s,food,mobile,18,122.52,6,0.04068425476840982,0
729,480,F,50s,electronics,mobile,15,22.72,4,0.1736050001661233,0
801,67,F,40s,food,mobile,7,310.52,5,0.11985848180577052,0
102,62,F,40s,electronics,mobile,20,42.71,7,0.19927147009201554,1
425,109,F,30s,electronics,tablet,19,64.48,4,0.27413790840905866,0
392,167,M,10s,electronics,pc,4,45.46,6,0.41700079751663405,1
779,37,F,50s,book,pc,7,487.65,8,0.16377252536542383,0
214,119,F,50s,food,pc,13,24.42,4,0.25952647283362823,0
691,498,M,10s,book,pc,13,138.53,3,0.2025900596651849,0
88,86,F,40s,food,tablet,22,327.74,5,0.2943851924642535,0
553,382,M,20s,book,tablet,21,412.57,7,0.1716988342007675,0
401,392,M,10s,book,tablet,17,306.06,2,0.13694858769067267,0
588,465,M,50s,book,mobile,4,488.37,3,0.27306491540975303,0
889,52,F,10s,sports,pc,9,172.17,4,0.4063267140626053,0
46,91,M,40s,book,tablet,14,238.64,10,0.09142916416298773,0
672,289,F,30s,electronics,tablet,12,411.54,7,0.4760944081986685,0
463,494,F,30s,fashion,tablet,8,342.44,6,0.3458293334675817,0
592,337,F,20s,book,pc,8,110.96,1,0.31695797464661335,0
310,298,M,20s,fashion,pc,18,251.84,7,0.14869876342580415,1
86,204,M,40s,fashion,mobile,8,488.1,4,0.11174530579548778,0
92,368,M,20s,electronics,mobile,4,432.2,3,0.024029006421041187,0
660,238,F,30s,fashion,mobile,5,99.94,2,0.1996737322591724,0
673,382,F,40s,fashion,pc,22,93.99,5,0.15893721862702964,1
714,155,M,40s,fashion,mobile,9,415.06,2,0.13383309011956054,0
936,240,F,40s,food,mobile,9,103.45,6,0.18442181384865183,0
928,136,M,10s,book,tablet,5,229.13,3,0.23559406664362728,0
242,407,M,20s,book,pc,20,94.48,10,0.11425850596104264,0
865,362,F,50s,fashion,mobile,0,12.26,4,0.11429467433229501,0
2,381,F,30s,electronics,mobile,19,438.32,4,0.3463283873723031,0
225,369,M,20s,food,pc,12,390.61,3,0.3224363464698853,0
801,64,F,30s,electronics,mobile,7,237.94,3,0.22409099856722542,0
745,123,M,20s,electronics,pc,23,83.99,5,0.10546410716986256,0
973,254,M,50s,fashion,pc,12,404.18,2,0.11581718703478965,0
926,477,F,30s,sports,pc,5,182.89,5,0.07301253511401662,0
929,114,M,50s,fashion,mobile,18,332.66,5,0.4680845600891113,0
589,20,F,30s,sports,mobile,11,161.76,5,0.17444421675244381,0
116,16,M,10s,food,mobile,14,218.98,1,0.07629499979034919,0
666,145,F,10s,sports,pc,7,270.06,11,0.2893650600275869,0
918,208,F,30s,fashion,mobile,22,382.2,6,0.3193404993086875,0
103,19,M,30s,fashion,tablet,10,416.87,5,0.20234717617722744,0
194,376,F,50s,electronics,pc,8,224.56,4,0.12506357480229924,0
166,392,F,40s,fashion,mobile,18,120.35,2,0.2854087395927202,0
871,166,M,30s,fashion,pc,10,81.06,8,0.15469232648459136,0
90,38,F,20s,book,mobile,5,173.67,7,0.2553537279710408,0
686,181,M,20s,book,pc,14,401.88,2,0.3061836727594075,0
122,349,F,20s,electronics,tablet,16,140.62,4,0.10697143388290432,0
143,105,M,10s,sports,pc,11,28.52,10,0.16623535369995404,0
994,100,M,50s,sports,pc,23,284.32,6,0.12002007967880564,0
106,90,M,10s,book,pc,1,21.64,6,0.1739406114275264,0
887,415,M,20s,food,mobile,20,443.04,4,0.020918102920001114,1
428,300,F,30s,book,pc,21,340.64,10,0.11291844746330539,0
305,444,M,20s,food,mobile,3,132.14,5,0.22328508560868404,0
872,332,F,30s,sports,pc,2,237.2,4,0.1888241779750933,0
971,401,M,50s,book,mobile,1,370.91,2,0.1697373023577169,0
317,79,F,40s,fashion,mobile,18,458.26,2,0.10875336200063745,0
963,73,M,30s,food,mobile,4,437.85,7,0.07879357585182306,0
635,423,F,10s,food,mobile,16,39.42,5,0.3290386023191538,0
902,426,F,20s,food,pc,15,45.16,4,0.07029322663739365,0
9,176,M,20s,sports,pc,15,300.87,4,0.18278939745190786,0
774,396,M,20s,electronics,mobile,11,250.77,2,0.0947396758747451,0
73,96,M,30s,fashion,mobile,3,150.0,1,0.02474823926066269,0
359,345,F,50s,book,mobile,16,488.21,3,0.4784754159733797,0
223,103,F,30s,food,tablet,18,374.4,6,0.06387180422889743,0
416,402,F,10s,sports,tablet,1,345.22,6,0.20595942825184177,0
553,463,F,20s,food,pc,4,94.76,5,0.12072142615633119,0
370,224,M,30s,book,tablet,0,145.55,6,0.2797063046569919,0
716,6,M,20s,fashion,tablet,13,304.48,7,0.37121338765150885,0
264,122,M,10s,food,mobile,22,398.82,6,0.06139188683336452,0
840,236,M,40s,sports,mobile,8,465.87,8,0.20585747777028182,0
690,427,F,40s,sports,tablet,16,350.37,7,0.15485008633977815,0
860,116,F,40s,electronics,tablet,11,212.23,10,0.21853203269345364,0
318,163,M,20s,sports,tablet,23,347.08,9,0.04085283925490359,0
84,226,F,30s,electronics,mobile,23,39.24,3,0.10840213603513166,0
318,230,M,20s,fashion,pc,22,302.04,3,0.24737499743129174,1
111,182,F,50s,book,tablet,19,447.84,4,0.045865757838823885,0
251,249,F,30s,electronics,pc,11,320.29,3,0.3190454283983668,0
383,318,F,10s,food,pc,14,8.73,4,0.5028211967482041,0
7,453,F,40s,food,tablet,15,348.79,5,0.08465782506853711,0
459,210,F,30s,book,pc,22,364.59,6,0.2883514557750926,1
84,144,F,30s,sports,mobile,17,272.91,3,0.057177294607816176,0
208,392,M,40s,food,tablet,21,408.96,4,0.2379642250556878,0
900,345,F,10s,electronics,tablet,13,105.13,4,0.4180573591941598,1
390,96,M,20s,book,tablet,11,207.44,4,0.16280328597979532,0
314,382,M,20s,food,tablet,10,404.76,7,0.19938204798625234,0
22,346,M,30s,sports,mobile,14,303.83,2,0.31360443375433456,0
410,244,M,40s,sports,mobile,20,497.21,3,0.40103187449164485,0
895,86,M,50s,food,pc,20,39.29,2,0.0636669161261989,0
515,415,M,10s,book,tablet,7,125.93,7,0.20424196252911392,0
127,491,F,20s,fashion,tablet,16,103.57,6,0.35811336278309497,1
809,394,F,10s,food,pc,7,488.31,8,0.20900835510618027,0
700,184,F,10s,sports,mobile,3,435.29,8,0.1794459487152688,0
874,121,M,10s,fashion,tablet,9,70.9,2,0.09200500489726296,0
14,332,M,40s,book,pc,5,180.13,8,0.2797319557636457,0
971,92,M,40s,sports,mobile,5,31.04,4,0.09146992860479858,0
978,70,F,40s,book,pc,16,318.12,5,0.27736690669646785,0
12,404,F,30s,food,pc,7,168.94,4,0.25008924293291923,0
87,133,F,40s,book,mobile,12,132.49,2,0.13898154997544934,0
524,279,M,30s,sports,tablet,14,263.94,9,0.36169893585015367,0
909,137,M,20s,food,mobile,3,398.8,4,0.19317777167568015,0
537,314,M,20s,sports,tablet,14,204.94,3,0.2617850946442655,0
301,187,F,20s,sports,mobile,22,379.94,2,0.30596976506945067,0
243,221,M,20s,fashion,tablet,13,225.84,6,0.1641973698193683,0
122,464,M,20s,electronics,tablet,10,111.19,3,0.38589554457106473,0
147,438,M,40s,book,pc,19,225.87,5,0.18947289770495704,1
567,46,M,50s,book,pc,16,271.34,6,0.37878225172220203,0
750,278,F,40s,fashion,tablet,9,233.48,7,0.16834262658682592,0
356,192,F,50s,book,mobile,5,140.79,6,0.1639040538353193,1
685,8,M,40s,fashion,tablet,5,96.63,3,0.16337107088078145,0
904,379,M,20s,book,mobile,0,473.74,7,0.11016620499033833,0
733,276,F,10s,book,tablet,4,152.26,6,0.4851270638393111,0
631,179,F,50s,sports,mobile,3,354.16,7,0.06447625821886245,1
309,334,M,10s,fashion,pc,10,173.64,7,0.14061572037020206,0
695,39,F,20s,book,mobile,16,484.97,5,0.42605157967923035,0
288,293,F,50s,electronics,pc,6,494.2,2,0.03486397746751469,0
307,178,M,10s,fashion,mobile,19,413.42,3,0.17175864310786765,0
812,162,F,40s,fashion,pc,2,292.83,4,0.32626259157756554,0
594,331,F,20s,fashion,mobile,1,273.32,3,0.22863090301260924,0
966,374,F,40s,sports,tablet,7,167.84,9,0.07731729477962357,0
914,104,F,40s,fashion,mobile,4,65.4,6,0.46306248643912523,0
723,161,M,20s,sports,pc,4,44.14,5,0.4180438173412563,0
662,287,F,50s,electronics,pc,9,235.4,3,0.1412165142851664,0
549,123,F,30s,food,mobile,11,489.5,3,0.1535928146046619,1
352,54,M,30s,sports,tablet,16,127.2,5,0.40920340878500194,0
312,428,F,20s,book,mobile,13,208.42,7,0.01479098546935258,0
873,34,M,30s,fashion,mobile,4,322.5,2,0.16492273761700663,0
59,242,M,10s,food,pc,4,178.78,7,0.44182954627960297,1
643,455,F,50s,sports,tablet,23,6.8,2,0.26091862703530444,0
924,378,F,40s,book,tablet,5,201.13,6,0.15602570594574425,0
714,113,F,40s,food,tablet,14,403.3,1,0.08359728627943071,0
755,318,F,20s,electronics,tablet,4,472.26,2,0.0657788763072972,0
35,23,F,40s,sports,mobile,7,141.17,3,0.02260863352613006,0
445,46,M,10s,sports,tablet,0,461.21,11,0.16598861918360336,0
93,312,F,10s,electronics,tablet,20,434.24,2,0.05774356499585884,0
950,135,M,20s,sports,tablet,2,206.33,9,0.09128569278626576,1
959,118,F,40s,fashion,pc,20,7.32,2,0.4835002125218096,0
207,473,M,30s,sports,pc,18,423.21,5,0.034673474893078295,0
353,189,F,30s,fashion,pc,14,146.95,5,0.2830738700961169,0
903,131,F,50s,sports,tablet,3,379.16,4,0.5610425556869459,0
332,422,F,20s,book,mobile,1,287.9,3,0.11156371873457717,1
817,212,F,50s,book,mobile,16,114.72,3,0.056080157941486776,0
862,418,F,30s,food,pc,11,325.86,6,0.2529215706424433,0
725,113,M,30s,book,pc,19,383.6,3,0.18242858400337691,0
159,44,F,30s,electronics,tablet,7,239.85,5,0.19118331503496303,0
954,128,F,50s,food,pc,4,375.22,4,0.04287425844951166,0
957,364,F,20s,book,pc,9,205.46,8,0.32795081890393935,0
24,158,M,10s,fashion,pc,18,490.22,3,0.07859803352226703,0
404,273,F,10s,sports,pc,8,123.71,5,0.2548677176735542,1
805,315,M,30s,book,mobile,15,390.04,4,0.2012860161746033,1
516,394,F,20s,fashion,tablet,0,376.05,3,0.10309752849280464,0
732,355,M,20s,food,mobile,14,267.07,5,0.20482835671886576,0
364,340,F,40s,sports,pc,1,178.42,4,0.2885781533444695,0
382,402,F,40s,book,tablet,13,225.65,7,0.18977167404580655,0
532,45,M,50s,food,tablet,20,316.6,7,0.37468906337314256,0
956,108,F,40s,book,mobile,15,267.52,6,0.023746454740326054,0
152,219,M,50s,food,mobile,9,381.96,6,0.4348187409522241,0
562,443,F,10s,book,pc,11,183.54,6,0.10515194671868056,0
689,318,F,30s,fashion,mobile,12,58.09,3,0.1356461824693432,0
947,315,M,20s,electronics,pc,19,255.27,10,0.3939625299424536,1
608,177,F,10s,fashion,pc,8,133.21,4,0.05270649365748036,0
617,228,M,10s,sports,pc,1,310.24,8,0.3391318126059585,0
420,191,M,50s,book,tablet,18,262.56,4,0.18548249696361377,0
250,471,F,30s,electronics,tablet,14,390.48,6,0.04938910069604762,0
117,160,F,50s,electronics,mobile,14,289.74,6,0.030667746909936847,0
866,394,F,10s,sports,mobile,23,218.23,3,0.4347554494059778,0
512,267,M,20s,sports,tablet,0,64.33,5,0.2289675507659498,0
740,358,M,40s,electronics,mobile,17,64.47,4,0.24408483318019333,0
578,326,F,50s,sports,pc,20,321.97,6,0.03823579761551748,0
335,379,M,10s,sports,pc,6,440.97,5,0.1957522969632793,0
418,489,M,40s,book,tablet,9,210.32,1,0.3273019599310148,0
932,190,M,40s,fashion,mobile,8,267.74,2,0.20051257896212277,0
774,175,M,10s,food,mobile,18,297.65,4,0.1359306873233829,0
295,290,F,30s,electronics,tablet,10,241.26,3,0.13781862006446272,0
938,484,F,10s,food,pc,3,34.48,8,0.12480280125131595,0
755,357,F,20s,electronics,pc,0,296.62,11,0.318346875173226,1
371,145,M,40s,electronics,mobile,11,72.87,5,0.19909729362166517,1
186,232,M,20s,fashion,tablet,0,280.12,4,0.14908030898274724,0
246,360,M,50s,electronics,tablet,16,388.81,4,0.13489448883120123,0
637,438,M,40s,electronics,pc,19,7.7,7,0.1417882180950768,0
268,204,F,30s,fashion,pc,8,218.09,4,0.3175654734554899,0
643,213,M,10s,sports,mobile,7,374.12,5,0.2892226504496973,0
237,40,M,50s,food,tablet,3,266.63,4,0.02963961947634955,0
530,275,F,20s,electronics,mobile,7,121.48,11,0.28609733858468533,0
552,323,F,50s,fashion,mobile,22,350.3,7,0.2672008415258654,0
21,82,F,30s,electronics,tablet,21,392.82,8,0.19318578343403062,0
911,181,M,10s,fashion,tablet,9,184.45,8,0.1558842034387576,1
737,499,M,50s,food,pc,17,152.21,2,0.31955388438887405,0
867,320,M,20s,book,tablet,14,274.84,3,0.1976488634534157,0
794,83,M,50s,sports,mobile,18,185.88,5,0.029203743689024703,1
520,303,M,10s,book,mobile,19,418.79,2,0.14015421593957372,1
100,262,M,50s,fashion,tablet,22,390.63,5,0.05354605985466713,0
752,272,F,20s,electronics,mobile,23,159.38,4,0.3520573219118874,1
478,200,M,10s,sports,tablet,10,231.2,9,0.27713651312877574,0
599,240,F,30s,food,pc,23,445.3,9,0.11032410845896976,0
298,402,F,30s,sports,pc,3,77.95,6,0.4011531221662332,0
940,180,F,40s,electronics,tablet,8,378.34,5,0.058120738064749274,0
526,432,M,50s,book,mobile,7,161.82,6,0.21139020440547454,0
334,171,M,20s,fashion,tablet,15,64.14,7,0.22758746842141736,0
2,295,F,50s,book,tablet,12,62.9,11,0.23587733445284986,0
375,177,M,10s,sports,pc,4,141.76,5,0.08459007318102957,0
293,369,M,40s,electronics,tablet,12,276.3,8,0.1686104478956732,1
837,396,F,20s,fashion,pc,18,454.41,3,0.16818863198871928,0
934,237,M,50s,electronics,pc,1,154.98,2,0.11391342292895858,1
553,138,M,20s,electronics,tablet,11,103.62,4,0.31059613391018903,1
318,327,M,10s,sports,tablet,8,241.93,5,0.13908232943176882,0
502,366,M,40s,book,tablet,0,82.53,4,0.3971206621831341,0
828,311,F,20s,electronics,tablet,22,139.49,4,0.33843215392713316,0
381,129,F,10s,electronics,pc,13,493.38,2,0.5297691562536375,0
623,49,M,30s,electronics,tablet,6,281.24,5,0.19818071539512827,0
14,164,M,20s,fashion,pc,16,393.04,11,0.20239095298294135,0
504,277,M,40s,electronics,pc,22,109.85,7,0.21946288447732212,1
231,293,F,20s,electronics,mobile,13,262.43,2,0.29600074754279765,1
985,116,M,20s,sports,pc,16,257.71,7,0.1409287142736408,0
84,24,M,10s,electronics,mobile,1,407.27,6,0.4052633129096306,0
130,311,F,50s,electronics,tablet,8,15.68,6,0.3144003249822839,1
743,25,M,50s,sports,mobile,14,430.94,11,0.3537262595512362,0
838,391,F,20s,fashion,tablet,23,44.4,4,0.03939308402722182,0
145,127,M,40s,book,pc,15,458.72,3,0.13857438595072583,0
891,234,F,40s,sports,mobile,8,75.71,4,0.17336632798719093,0
857,209,M,10s,fashion,tablet,3,268.46,1,0.380364538417049,0
28,93,M,20s,book,tablet,14,54.2,6,0.3578442861592678,0
66,94,F,20s,electronics,mobile,20,226.36,4,0.16883266991268361,0
163,327,F,50s,sports,mobile,9,153.14,3,0.1666835196167722,0
229,225,F,10s,electronics,tablet,6,212.95,7,0.3156857888928422,0
261,455,F,30s,sports,tablet,5,274.79,5,0.4125703040341491,0
449,378,F,40s,book,pc,14,232.42,4,0.3688281040927039,0
424,280,M,40s,fashion,tablet,1,16.47,3,0.21351868589014375,0
460,11,F,20s,sports,mobile,23,432.41,0,0.22483077250832423,0
952,329,F,10s,fashion,tablet,14,52.0,4,0.19701519622974817,0
676,12,F,30s,electronics,tablet,17,490.41,4,0.14262477937895432,1
301,35,F,40s,electronics,mobile,13,426.4,2,0.28547713530196034,1
919,447,M,10s,book,pc,17,282.88,5,0.28714931260987153,0
303,452,M,30s,book,tablet,2,126.37,4,0.1916834775780517,0
287,228,M,20s,food,mobile,19,47.69,6,0.3673091521470736,1
395,220,M,50s,food,mobile,21,337.56,4,0.3829558191716871,1
10,441,M,40s,book,mobile,13,104.75,4,0.4724845356983718,0
707,141,F,40s,electronics,mobile,5,367.94,2,0.06322809378899506,0
630,23,M,30s,fashion,pc,13,417.09,2,0.293283265404656,0
270,83,M,50s,book,mobile,1,494.54,5,0.3411489148333564,0
592,490,F,10s,fashion,tablet,21,254.59,2,0.21569536356459598,0
970,229,F,20s,food,pc,15,487.46,6,0.24353794528237743,1
605,423,M,10s,fashion,mobile,23,78.91,1,0.08896429391688042,0
778,344,M,30s,book,tablet,15,418.94,1,0.0846263030225936,0
844,80,F,40s,electronics,pc,20,183.1,2,0.15059999298527443,1
862,353,M,40s,book,tablet,16,185.58,5,0.11255266985303108,1
361,396,F,10s,sports,pc,15,137.98,5,0.23785813048957044,0
257,290,F,20s,sports,mobile,15,90.84,9,0.11770777914233468,0
133,455,M,30s,sports,tablet,7,223.9,2,0.12460606102272018,0
276,331,M,20s,electronics,mobile,5,493.71,3,0.2379838237905058,0
776,159,M,30s,book,pc,17,168.3,3,0.2026435027265957,0
683,477,F,20s,sports,mobile,22,233.24,8,0.2427055047228261,1
972,128,F,10s,book,mobile,13,118.11,6,0.35603889369634995,0
513,190,M,50s,food,tablet,15,171.87,5,0.11191637385819342,0
313,397,M,30s,sports,mobile,7,32.29,3,0.42995220340462253,1
576,31,M,10s,sports,mobile,17,478.24,7,0.3580360316583354,0
886,386,F,40s,electronics,mobile,13,257.35,3,0.14124729588870272,0
980,359,F,40s,book,pc,16,367.81,4,0.15345526758363434,0
284,15,F,20s,electronics,tablet,21,259.08,5,0.0610225452376242,0
121,313,M,40s,electronics,tablet,21,386.25,1,0.06921608065885723,0
107,75,F,50s,book,mobile,7,269.37,3,0.252607912084348,0
933,34,F,30s,food,tablet,15,352.26,3,0.028072175113648134,0
687,359,M,20s,book,pc,22,343.98,1,0.047063232991979655,1
997,196,F,30s,food,pc,23,269.11,4,0.30161811162399976,0
204,331,M,30s,electronics,mobile,9,119.14,4,0.11899942333811392,0
165,29,F,10s,food,mobile,9,109.86,4,0.2258084223417772,1
305,194,M,40s,food,pc,20,437.78,4,0.15671433370599513,0
497,16,M,30s,food,pc,17,64.74,4,0.4717463869944874,0
632,423,F,50s,sports,pc,20,281.82,5,0.32420999894086133,0
556,77,M,50s,sports,mobile,17,253.75,0,0.043301843283699015,0
824,293,F,40s,electronics,pc,8,400.21,5,0.398005686605578,1
156,81,M,40s,book,mobile,20,72.02,0,0.2274046606552299,0
367,405,M,20s,food,pc,0,345.21,8,0.15375497781229497,0
719,428,M,20s,sports,pc,15,304.9,4,0.10539420678944468,1
902,124,F,20s,book,tablet,9,352.09,4,0.14450322255910283,0
620,19,M,40s,food,pc,14,312.51,1,0.0898538001689297,0
251,455,M,30s,book,mobile,4,283.46,4,0.16037153975154164,0
957,102,F,10s,fashion,pc,16,463.5,2,0.10276797363447243,0
916,392,M,20s,food,tablet,8,177.59,6,0.3533549819736822,0
882,77,M,10s,book,pc,5,96.42,2,0.32893695699896475,0
334,229,M,50s,food,pc,1,398.73,7,0.2512169003912079,0
642,450,M,40s,food,pc,12,69.2,5,0.206907215695024,0
969,297,F,50s,fashion,mobile,22,341.46,2,0.16930460485450188,1
511,203,M,20s,book,pc,17,277.03,7,0.14243980699796374,0
293,472,M,30s,electronics,pc,19,5.64,3,0.2040490986287877,0
20,454,F,20s,sports,pc,3,123.73,4,0.1230330385708011,0
282,61,M,10s,food,tablet,9,250.47,6,0.3163642250135084,0
797,26,M,20s,food,mobile,22,168.21,6,0.17954349306043943,0
1,71,F,30s,food,mobile,21,216.31,3,0.4079879322904469,0
119,103,F,30s,food,tablet,10,302.63,5,0.17459582780540225,0
35,467,F,40s,sports,mobile,12,366.76,1,0.2397445316521504,0
198,326,F,40s,electronics,tablet,22,79.85,4,0.13671851709525681,0
485,363,M,30s,fashion,pc,21,145.04,7,0.3271912232929605,1
757,157,F,30s,electronics,mobile,16,320.06,4,0.20274878338033694,1
59,363,M,10s,sports,pc,10,296.28,6,0.20182177161795645,0
837,359,F,20s,book,pc,3,369.74,7,0.14540676417921192,0
161,194,M,40s,fashion,mobile,13,322.05,6,0.031951530115168256,0
691,275,F,10s,fashion,pc,2,168.42,3,0.12203549968246266,0
206,324,F,20s,book,pc,22,252.12,8,0.5375630957968964,0
12,186,M,40s,food,tablet,22,442.95,7,0.36142413002660023,0
490,326,F,10s,sports,mobile,11,97.11,2,0.028691384931950767,0
276,113,F,50s,book,pc,3,191.49,7,0.3824072816481186,0
693,313,F,50s,electronics,tablet,15,421.66,5,0.08624562666940735,0
242,165,M,40s,electronics,mobile,6,185.28,6,0.22826956806289117,1
216,61,F,10s,book,pc,19,209.05,0,0.047130707643690345,0
251,92,F,20s,sports,pc,18,163.02,7,0.19717020339628238,0
811,286,M,20s,fashion,pc,17,450.27,3,0.48479841934251333,1
126,455,M,10s,fashion,pc,20,333.35,5,0.3044353308567833,1
994,457,F,50s,food,pc,8,108.35,5,0.5399179335529605,1
217,153,M,10s,sports,mobile,10,376.07,6,0.12638619387392375,0
306,225,M,50s,electronics,mobile,18,24.07,3,0.13960388605129206,0
797,127,M,50s,electronics,tablet,16,201.22,4,0.13518767100633308,1
185,193,F,20s,food,tablet,20,455.34,3,0.08757218188424802,0
39,115,F,40s,electronics,tablet,17,346.44,3,0.1731163163447638,0
223,262,M,30s,food,mobile,5,397.58,9,0.10834528072817635,0
184,18,F,10s,food,mobile,2,466.0,7,0.21038110507984145,0
495,10,M,50s,book,mobile,13,388.4,6,0.2251188308921693,0
427,92,F,10s,fashion,pc,8,48.85,5,0.01615009713126036,0
178,139,M,40s,sports,mobile,2,119.17,8,0.2650650364526548,0
919,481,F,40s,sports,mobile,1,252.5,4,0.10571139867054365,0
428,449,M,30s,fashion,pc,18,11.86,6,0.16701109830514574,0
294,333,F,30s,sports,tablet,5,314.18,3,0.13013041751574464,0
852,357,F,50s,electronics,tablet,2,330.34,3,0.09199313731038232,0
151,340,M,30s,electronics,tablet,8,349.74,4,0.30797389783345125,1
384,449,F,50s,sports,pc,17,280.08,1,0.044310142862729635,0
638,52,F,20s,book,pc,6,228.93,4,0.24764107950911177,0
813,195,F,50s,sports,pc,1,428.5,3,0.09128574479566445,0
308,466,F,30s,food,mobile,0,384.83,4,0.2597053555065407,1
336,489,F,10s,food,tablet,4,308.12,3,0.03799174718610608,0
946,206,F,30s,fashion,pc,23,27.78,5,0.2869424832023448,1
746,287,F,40s,electronics,pc,2,348.49,9,0.2528242134514931,0
892,475,F,30s,book,tablet,6,281.29,7,0.07281646168211556,0
375,401,M,20s,sports,tablet,5,348.28,6,0.06235173186951602,0
8,439,F,50s,food,mobile,0,159.15,4,0.09120178024609882,0
341,366,M,40s,electronics,tablet,22,389.61,5,0.017367207283285523,0
129,93,F,50s,electronics,pc,18,211.88,4,0.019444346645147593,0
776,420,M,50s,book,mobile,19,447.76,5,0.3230103508123012,0
669,485,F,30s,book,tablet,13,56.49,4,0.11535603334889155,0
352,410,M,10s,book,mobile,9,244.85,5,0.17687946755395156,0
358,309,M,40s,book,pc,1,106.84,2,0.4863891464151227,0
517,145,F,20s,food,pc,10,229.47,9,0.2835612418551781,0
495,86,M,20s,book,pc,15,180.11,7,0.21760274620413003,0
86,153,F,10s,electronics,pc,16,402.7,5,0.0902929861188786,0
175,2,F,10s,electronics,mobile,4,87.75,5,0.28417069772055614,1
802,342,M,30s,sports,mobile,21,301.37,4,0.23525652837409095,0
193,389,F,20s,electronics,pc,17,206.21,6,0.12555880715076612,1
311,260,M,40s,electronics,mobile,15,261.45,3,0.6183175426239971,1
119,164,M,10s,food,pc,9,358.63,2,0.09881873555670583,0
218,6,F,10s,electronics,pc,5,181.77,4,0.06963015718802665,0
427,500,F,10s,fashion,tablet,21,186.69,10,0.3321385456759746,0
970,149,F,40s,electronics,mobile,23,43.02,6,0.21769280879641031,1
414,205,F,20s,sports,tablet,7,278.21,3,0.20624907331054768,0
114,118,F,40s,sports,pc,5,211.37,5,0.2735654769398253,0
978,485,M,40s,book,tablet,22,407.08,2,0.08568415213812537,0
145,89,M,30s,food,pc,3,222.44,3,0.29817355971609855,0
538,154,F,10s,sports,pc,4,485.54,9,0.043516406147166876,0
648,439,F,20s,fashion,pc,5,90.03,4,0.10885835421637237,0
303,167,F,30s,fashion,mobile,14,137.2,1,0.015442948034448472,0
744,468,M,30s,book,pc,5,199.0,3,0.08060793723938407,0
881,161,M,50s,food,pc,18,89.36,4,0.24069109957483226,1
588,270,M,10s,food,mobile,19,486.3,4,0.13335930933704992,0
987,56,F,20s,electronics,mobile,7,322.28,6,0.09926175744058542,0
840,228,F,20s,fashion,pc,12,10.54,4,0.42693389497352335,0
345,337,M,20s,fashion,mobile,3,291.36,1,0.19105312340139222,0
814,149,F,10s,fashion,pc,21,391.72,7,0.147428615285581,1
964,46,F,20s,fashion,tablet,16,30.39,5,0.14925218590588715,0
801,144,M,40s,sports,mobile,13,291.07,2,0.20650031496409943,0
1,238,M,40s,food,tablet,17,190.28,4,0.11884638017220761,0
147,272,F,10s,electronics,pc,14,292.83,6,0.31542740293400956,1
287,120,M,20s,sports,mobile,21,130.04,3,0.2919446274342283,1
976,340,F,50s,food,mobile,18,334.68,4,0.18649404180726364,1
654,413,M,50s,book,pc,10,337.31,8,0.1807887964611274,0
53,220,M,50s,fashion,mobile,6,272.06,6,0.03208710246956122,0
304,8,F,40s,electronics,mobile,0,462.26,9,0.24602569610605032,0
69,344,F,50s,food,mobile,2,455.19,6,0.4617594099622619,0
361,387,M,20s,book,tablet,18,28.53,6,0.15635740063149794,0
602,473,F,20s,fashion,pc,0,148.5,4,0.03896365584181241,0
958,275,M,50s,book,pc,3,185.31,14,0.21404688199287591,1
220,353,F,30s,book,pc,23,32.36,4,0.12423944395087579,0
962,66,M,50s,sports,mobile,10,264.2,3,0.09521498866072571,0
704,79,M,30s,book,mobile,6,17.17,8,0.13653391915034094,0
966,86,M,10s,sports,mobile,6,340.64,3,0.22736568940414892,0
575,124,F,10s,sports,pc,13,6.33,0,0.10159724255539053,0
585,202,M,20s,book,tablet,14,20.81,6,0.10898839805165397,0
161,466,M,40s,food,pc,4,417.71,6,0.07254445396181282,0
681,150,M,20s,book,pc,13,130.04,3,0.176236495572435,0
89,46,M,20s,book,tablet,12,45.21,5,0.07346499982319638,0
688,113,F,40s,food,mobile,19,202.74,4,0.28007066166879424,0
781,91,F,20s,fashion,mobile,21,30.22,3,0.11958054908939186,0
585,141,M,40s,electronics,pc,17,376.45,4,0.21343388634210902,0
757,289,M,20s,fashion,tablet,0,249.6,6,0.16996713893754228,1
589,389,F,10s,book,pc,12,278.21,7,0.3723498807891618,0
159,218,M,30s,fashion,pc,22,377.74,4,0.27694879670454925,0
489,77,F,20s,electronics,tablet,19,393.31,5,0.44086720243079,0
971,411,M,30s,fashion,tablet,6,72.45,3,0.3809049861816557,0
324,377,F,50s,electronics,mobile,5,143.74,9,0.06228008092462704,1
610,384,M,20s,fashion,pc,8,91.95,6,0.11257462217681609,0
381,334,F,10s,sports,tablet,9,31.75,2,0.03476893518856849,0
102,152,F,40s,book,tablet,21,271.07,3,0.12232904563196412,0
494,323,F,10s,electronics,tablet,2,128.65,7,0.3305554117407221,0
644,239,M,30s,book,tablet,6,81.22,3,0.2798286528569691,0
614,115,F,40s,sports,pc,10,257.52,3,0.416270876164869,0
19,319,F,10s,fashion,pc,11,318.84,5,0.11273825223600732,0
454,369,M,10s,book,pc,11,387.19,4,0.05554517471301377,0
482,94,M,10s,fashion,tablet,12,13.66,2,0.2612127907934698,0
594,483,M,40s,fashion,mobile,21,265.51,0,0.21746083453178117,0
397,48,M,10s,book,tablet,22,137.2,6,0.37399436332396235,0
279,191,F,10s,electronics,pc,7,495.84,6,0.0672766138679355,0
851,462,M,30s,electronics,pc,3,82.68,2,0.11164742055214151,0
365,12,M,10s,book,pc,20,221.73,3,0.06233242450438155,0
331,156,M,10s,electronics,mobile,19,485.16,5,0.2141407499208691,0
641,172,M,50s,food,mobile,0,110.48,7,0.16406870007321112,1
344,477,M,40s,fashion,pc,5,404.41,4,0.175083332960582,0
822,427,M,50s,book,tablet,22,125.3,3,0.28821027642505526,0
455,401,M,30s,sports,pc,1,42.26,5,0.32776076952527294,0
601,296,F,50s,book,pc,21,26.16,7,0.19553858776154298,0
725,177,F,20s,book,mobile,13,474.63,6,0.18117629002799673,0
655,341,F,40s,fashion,mobile,17,110.38,6,0.08099116395757502,0
65,57,F,10s,sports,mobile,9,149.52,9,0.1637869460766799,1
76,343,F,50s,fashion,mobile,20,483.62,6,0.3010785662293805,0
711,340,M,50s,electronics,pc,0,330.41,4,0.2606482810880809,1
143,448,M,10s,book,tablet,2,246.62,3,0.14132260755544962,1
917,203,M,10s,fashion,pc,19,220.53,3,0.1999027730100633,0
915,185,M,30s,food,pc,3,29.04,4,0.26838938985216854,1
828,121,F,50s,book,tablet,17,420.28,6,0.20448762081956132,0
605,226,F,50s,electronics,pc,7,382.21,3,0.07321673917828991,0
473,202,M,20s,fashion,tablet,21,49.9,5,0.2099208365291803,0
417,330,M,20s,fashion,mobile,8,179.96,5,0.2443182622185846,0
305,363,F,50s,food,mobile,21,443.28,1,0.1630934687227561,0
736,380,F,20s,electronics,mobile,18,122.04,6,0.16716741106198926,0
497,454,F,50s,food,tablet,1,307.56,5,0.051192761255555275,1
291,356,M,40s,book,pc,8,246.53,7,0.15574651678039397,1
940,216,M,30s,sports,mobile,2,410.17,4,0.2531490921723489,0
102,460,F,20s,fashion,mobile,21,22.85,3,0.13881100427300724,0
986,43,F,50s,food,pc,1,408.99,7,0.17575244632331272,0
267,375,M,20s,fashion,mobile,6,72.18,5,0.03550561964115902,0
867,23,M,30s,fashion,mobile,16,12.46,7,0.28085827474484937,1
968,155,M,40s,food,tablet,16,299.77,2,0.10072284571951645,0
622,186,M,10s,fashion,pc,8,133.03,6,0.0571062400032309,0
974,249,F,10s,electronics,tablet,0,356.09,4,0.16086872506748578,0
842,237,F,20s,electronics,mobile,0,237.54,1,0.3484150064858451,0
962,293,F,50s,sports,mobile,7,304.73,4,0.1008653597610979,0
942,134,M,30s,electronics,pc,16,346.4,7,0.2914187493466056,0
777,321,M,40s,food,mobile,7,463.83,9,0.08446937662376544,0
3,390,M,40s,electronics,tablet,18,412.44,3,0.38587884503785774,1
85,434,F,40s,sports,tablet,3,250.08,7,0.28644266332154206,1
794,22,F,10s,book,pc,17,221.82,3,0.1748330766612176,0
328,361,F,30s,book,pc,12,329.06,2,0.05546259319193196,0
816,88,M,10s,food,mobile,21,368.1,5,0.05715008445181586,0
450,153,M,20s,sports,pc,6,90.46,4,0.3262745530229282,1
454,125,F,40s,electronics,pc,2,21.1,6,0.05297379777335664,0
924,79,M,30s,sports,mobile,13,230.05,6,0.2146853170489046,0
629,346,F,40s,fashion,mobile,8,54.23,2,0.028982685829493426,0
221,456,F,10s,sports,tablet,2,140.0,4,0.05696539723809888,0
154,51,F,10s,electronics,tablet,6,294.45,3,0.09546824504264885,1
665,216,F,10s,food,pc,14,79.97,4,0.252361919797811,0
12,176,M,40s,fashion,mobile,3,19.1,2,0.09632225589148752,0
133,358,M,30s,sports,pc,4,279.53,6,0.5585783252932253,1
994,253,M,30s,book,tablet,8,235.78,4,0.2972055237926414,0
304,454,M,20s,electronics,pc,2,156.62,9,0.14766995582899653,0
293,246,M,40s,food,tablet,15,237.05,1,0.08362928114739222,0
975,227,M,20s,electronics,tablet,15,343.34,3,0.5385714907971351,0
300,106,F,20s,sports,pc,18,58.96,10,0.23782409931106463,0
740,193,M,20s,food,tablet,8,131.57,4,0.19580283621009523,0
783,316,M,20s,book,tablet,19,398.51,6,0.1658508721896405,1
43,302,M,10s,fashion,mobile,0,336.71,4,0.12317863466833448,0
944,36,F,20s,sports,pc,16,136.8,4,0.3823231302262549,0
343,442,M,30s,food,pc,11,202.08,8,0.26530001647190254,0
326,204,F,20s,fashion,pc,8,64.28,5,0.10176770351727896,0
814,422,M,10s,food,tablet,21,130.3,7,0.08533952311219635,0
498,267,M,50s,sports,tablet,4,421.37,4,0.2183583523582761,0
364,268,M,50s,food,tablet,14,223.0,8,0.21883700261961442,0
891,170,F,50s,book,pc,12,321.94,4,0.29739919889538136,0
427,498,F,40s,food,mobile,18,84.07,6,0.13511266649872614,0
21,39,M,30s,sports,pc,2,95.74,5,0.12351266802658288,0
407,455,M,10s,food,pc,1,470.76,8,0.06346231310821275,0
619,139,M,50s,fashion,pc,12,421.51,1,0.2336574627448455,0
336,292,F,10s,fashion,mobile,6,396.21,6,0.2310330237836486,0
815,52,F,10s,electronics,pc,8,168.15,3,0.2675581793011763,0
117,287,M,40s,electronics,mobile,21,283.56,5,0.3681187780465415,0
124,289,F,50s,book,mobile,9,248.71,5,0.25680077052043127,0
399,141,F,20s,fashion,pc,0,478.33,4,0.14003451536453304,0
793,146,F,10s,electronics,pc,21,123.62,7,0.009838381586985025,1
804,425,F,50s,food,pc,15,473.88,6,0.08048301830117413,0
715,314,M,10s,book,tablet,10,354.89,8,0.08069054895929302,0
51,184,M,40s,sports,mobile,23,209.78,4,0.02425588536312873,1
783,152,F,40s,electronics,pc,7,136.85,6,0.1441188800427345,0
324,201,F,20s,electronics,mobile,12,379.89,7,0.027872987035799407,0
789,128,F,40s,fashion,tablet,15,412.35,1,0.5022563586011601,0
141,287,M,50s,book,tablet,2,181.98,5,0.2032486335513988,0
470,311,M,40s,fashion,pc,12,90.08,6,0.1680152160244997,0
787,253,F,20s,fashion,mobile,16,248.66,2,0.184104656240511,0
802,489,F,30s,book,tablet,20,236.91,4,0.17689147814705591,0
334,266,F,10s,food,tablet,5,364.07,3,0.1761581097217576,0
893,188,F,10s,electronics,mobile,9,486.73,3,0.14061788888448998,0
964,386,M,50s,fashion,tablet,8,267.98,1,0.4062411145029019,0
373,230,M,20s,electronics,mobile,17,367.2,4,0.3035065350508701,1
564,271,M,20s,book,pc,16,178.54,9,0.27401723582765164,1
494,259,M,20s,food,mobile,6,301.79,4,0.15890825138748738,0
539,299,M,10s,sports,pc,1,62.09,8,0.237671681914011,0
669,415,M,40s,food,mobile,10,408.39,7,0.397693337428289,0
751,198,F,10s,book,tablet,17,175.44,7,0.009488829535970014,0
156,323,F,10s,food,pc,2,44.62,5,0.21357976483549965,0
291,56,M,10s,sports,mobile,13,495.33,3,0.43998538594689246,0
648,319,M,40s,fashion,pc,19,451.39,8,0.018058972722949224,0
144,203,M,30s,food,mobile,12,102.73,6,0.14858305748995654,0
106,271,F,50s,book,mobile,22,184.78,6,0.3470040163085922,1
420,109,F,30s,food,pc,16,468.68,4,0.1443760274546762,0
670,116,F,30s,sports,pc,21,399.18,5,0.3071412619588956,0
658,92,F,10s,book,pc,10,453.67,6,0.26590754776822195,0
2,138,M,30s,food,tablet,6,283.46,3,0.10371020459823824,0
945,422,F,10s,book,mobile,2,125.34,5,0.2578081403771963,1
589,303,M,10s,sports,mobile,2,117.39,3,0.07506214651512828,0
644,57,F,50s,fashion,pc,1,265.21,5,0.11142650491243687,0
90,50,F,20s,sports,mobile,20,462.38,1,0.28316039680049393,0
345,498,F,10s,fashion,mobile,15,317.64,4,0.19449989837445605,0
350,71,F,30s,electronics,mobile,22,22.02,5,0.1787919140901812,0
459,399,M,50s,sports,pc,10,282.44,1,0.18487936765410326,0
263,402,M,30s,fashion,mobile,13,306.18,8,0.29486006010432453,0
351,82,M,20s,electronics,mobile,2,292.87,4,0.19554844885014086,0
108,372,M,40s,electronics,tablet,6,347.08,6,0.07216974658860285,0
586,105,M,20s,electronics,tablet,7,150.29,8,0.17636014204685635,0
39,88,M,50s,book,pc,12,76.16,3,0.1483537777226217,0
909,2,M,20s,sports,mobile,18,376.27,1,0.42680899985904897,0
159,360,F,20s,sports,mobile,10,102.19,4,0.07420951826296653,0
583,84,M,50s,sports,tablet,0,61.51,7,0.24868910548195053,1
959,482,F,50s,sports,pc,18,182.89,6,0.18675848509231271,0
312,43,M,30s,book,pc,12,417.21,6,0.05944175427455367,0
241,154,F,10s,sports,mobile,21,45.64,2,0.13085328363842472,0
938,327,M,40s,fashion,tablet,16,101.8,4,0.06719011744252949,0
445,422,F,40s,electronics,tablet,8,240.25,3,0.23742172021115515,0
298,94,M,40s,book,tablet,18,147.39,9,0.3177990428374011,0
952,298,M,20s,book,mobile,18,362.22,8,0.1293509221818612,1
36,133,M,50s,sports,mobile,22,339.08,7,0.3233633627347266,0
84,395,M,50s,electronics,mobile,22,422.05,6,0.0905387755630818,1
452,65,F,50s,fashion,tablet,5,105.9,3,0.22794989288267575,0
886,290,M,10s,electronics,pc,6,326.21,7,0.1236382375422592,0
775,376,M,50s,food,mobile,4,388.49,3,0.3117628783165682,0
822,257,F,50s,electronics,mobile,7,36.02,5,0.0702309024372947,0
385,467,M,20s,fashion,pc,13,23.23,5,0.12175077698990795,1
172,386,F,30s,fashion,pc,17,281.83,7,0.2192069174760137,0
376,213,F,40s,fashion,tablet,20,295.99,7,0.06404973071802399,0
685,148,M,20s,book,mobile,19,199.44,1,0.22617888167807412,0
362,61,M,20s,book,tablet,23,22.86,1,0.40696990574603514,1
559,471,F,20s,food,mobile,2,203.95,5,0.14172117774198154,1
891,149,M,40s,electronics,tablet,21,322.83,5,0.05837916506607955,0
141,88,F,20s,sports,tablet,7,352.43,5,0.18581463221178543,0
887,324,M,30s,food,pc,13,248.93,5,0.02400698904986464,0
918,383,M,50s,sports,mobile,13,264.89,7,0.1195847127785203,0
118,396,F,30s,sports,pc,6,337.97,5,0.3327346895226062,0
277,278,M,50s,food,pc,5,227.4,6,0.3976507526129778,0
726,404,M,50s,electronics,pc,5,135.44,9,0.2645143973656225,1
220,82,M,20s,sports,mobile,11,115.37,8,0.38236856806686986,1
905,129,F,20s,book,tablet,21,377.61,8,0.3556622168935216,0
26,286,M,40s,book,tablet,14,246.34,1,0.39940363982739147,0
521,382,F,10s,food,mobile,18,313.92,5,0.2324679676681191,0
783,353,M,30s,sports,mobile,3,238.2,3,0.1958410729260311,0
10,280,F,40s,food,tablet,2,410.32,5,0.17780549767166381,0
984,270,M,40s,book,tablet,12,250.94,6,0.05536655393489046,0
378,292,M,30s,food,pc,15,494.09,4,0.4287088673961382,0
633,453,F,30s,sports,tablet,12,125.09,3,0.17843103143086045,0
637,203,M,50s,sports,pc,20,73.57,3,0.13989774043707698,1
682,24,F,10s,book,tablet,9,189.93,8,0.1698715298166902,0
584,444,M,20s,fashion,tablet,12,459.74,3,0.08741262315149276,0
152,351,F,10s,fashion,tablet,7,426.89,6,0.3899734105500136,0
720,311,M,10s,electronics,pc,11,127.44,3,0.1339354214844592,0
49,461,F,20s,book,pc,7,301.85,8,0.1618595855399195,1
154,208,M,10s,electronics,tablet,8,296.53,5,0.09056975854679837,0
859,280,F,40s,book,pc,9,150.23,7,0.1416524775813557,0
293,205,F,40s,sports,pc,6,121.51,11,0.1560244744064075,0
580,152,M,20s,book,pc,2,198.07,6,0.12067410112169719,1
50,438,F,20s,food,pc,4,395.37,4,0.08251739264446052,0
664,26,F,30s,electronics,mobile,2,99.9,4,0.27352354434574766,1
531,194,M,30s,book,pc,17,225.63,6,0.19768973140408813,0
612,336,M,10s,electronics,tablet,18,243.44,6,0.24935325379535087,0
60,422,M,10s,book,pc,9,469.87,11,0.16557417117941772,0
167,238,M,20s,fashion,tablet,8,155.24,2,0.18713218477400972,0
202,321,M,10s,electronics,pc,23,14.73,6,0.12234325363135641,0
857,497,M,50s,sports,tablet,6,348.4,7,0.08020458541034334,0
146,75,F,40s,sports,mobile,0,379.12,8,0.5416218310810992,1
915,435,F,10s,book,tablet,9,353.0,7,0.12949027908200433,0
676,163,F,10s,sports,pc,1,351.87,5,0.39071748247624494,0
970,299,M,30s,sports,pc,5,244.2,3,0.1777320304314768,0
993,29,M,50s,electronics,tablet,20,14.24,4,0.4675903945106579,0
439,165,F,10s,book,mobile,5,366.31,10,0.0778488013221424,0
242,337,F,40s,electronics,pc,23,468.58,4,0.1416972542989846,0
581,186,M,10s,book,pc,7,82.91,9,0.28513159751323447,0
687,54,F,20s,sports,tablet,17,38.62,7,0.13585437635126546,0
561,295,M,50s,book,tablet,6,136.28,7,0.4114601828472561,1
483,42,M,10s,book,mobile,17,425.65,3,0.16732597501167312,1
108,412,F,50s,food,tablet,0,57.54,5,0.06575118946503712,0
226,285,M,10s,book,pc,23,359.01,6,0.30068281182768186,0
673,427,M,40s,food,tablet,13,36.16,3,0.09876122831427722,0
631,387,M,40s,electronics,mobile,22,21.23,4,0.44484636208751627,0
661,500,M,50s,food,mobile,19,446.19,3,0.16517663589414938,0
977,138,F,30s,electronics,pc,6,386.43,8,0.20168065012250633,0
662,187,M,30s,book,tablet,19,301.3,4,0.2060711416771682,0
432,490,M,20s,electronics,pc,6,90.14,4,0.224172142760145,0
805,398,F,30s,sports,mobile,3,143.03,5,0.21770129037146485,0
655,204,M,50s,book,mobile,4,29.06,5,0.09339940689266883,0
419,431,M,30s,food,tablet,22,324.45,5,0.3701162863715603,0
988,42,F,20s,fashion,tablet,23,344.61,4,0.06957141983858524,0
455,350,F,10s,book,pc,20,166.77,3,0.1314798519803959,0
160,416,M,30s,sports,mobile,0,172.52,3,0.15783234796099466,0
523,288,M,50s,electronics,pc,19,316.34,2,0.10530476957415245,0
650,426,F,50s,food,pc,2,473.1,4,0.07818096139198791,0
969,416,M,20s,food,pc,12,200.38,5,0.3440068590380497,1
590,26,M,20s,sports,mobile,6,249.33,1,0.35221256830268943,1
77,371,M,40s,sports,tablet,5,350.65,8,0.0613043171929593,0
509,385,F,40s,book,mobile,5,174.45,4,0.20453759345171488,0
441,56,M,40s,fashion,pc,1,435.08,5,0.2518736226676672,1
254,253,F,10s,fashion,mobile,15,423.86,6,0.05914240553664246,0
921,122,F,50s,electronics,pc,5,338.77,5,0.20026975198336347,0
770,106,F,40s,food,pc,7,270.78,3,0.17834591452052093,1
320,130,F,50s,book,tablet,20,491.84,5,0.3987183695752615,0
803,337,M,20s,food,pc,10,352.68,2,0.03950245477709828,1
263,158,F,10s,book,mobile,17,323.4,6,0.23933207197019746,0
597,376,M,20s,sports,tablet,22,439.02,7,0.23607668059072218,0
658,231,F,50s,electronics,tablet,5,279.72,11,0.3195264456036413,1
835,455,F,40s,sports,tablet,13,125.25,5,0.1349969223746445,0
554,308,M,20s,food,tablet,14,73.2,6,0.1718399974874213,0
374,91,F,30s,electronics,tablet,10,238.16,1,0.21946980480730183,1
637,393,F,10s,book,mobile,14,260.25,3,0.09860154212084657,0
167,22,M,50s,book,pc,12,414.71,7,0.489662178117294,0
937,290,F,40s,electronics,pc,5,74.04,3,0.2805762292719487,0
753,110,F,20s,sports,pc,3,342.21,6,0.0826976321573861,0
459,49,F,10s,electronics,pc,13,155.54,3,0.46917287838181865,0
999,129,M,40s,sports,tablet,12,469.82,5,0.11077353289226446,0
280,73,F,20s,electronics,pc,9,237.86,8,0.08402514111185659,0
700,340,M,50s,sports,pc,21,313.09,7,0.24104954319925678,0
302,53,M,30s,fashion,tablet,11,326.8,3,0.24220598366907037,0
531,467,M,30s,electronics,tablet,23,50.05,4,0.09944063935420966,1
580,356,F,50s,sports,tablet,7,426.84,6,0.13117232355753067,1
218,380,F,10s,food,pc,19,86.3,8,0.36825641919008667,0
102,168,F,50s,food,tablet,4,201.72,5,0.4003059723354339,1
554,45,F,20s,electronics,tablet,1,337.92,2,0.4030136896708918,0
288,452,M,10s,electronics,mobile,19,32.33,3,0.10226186881741486,0
167,393,M,30s,book,mobile,11,292.31,3,0.08713086358099925,0
621,105,F,20s,sports,pc,5,207.91,4,0.17805886032580104,0
36,150,F,40s,electronics,tablet,14,36.61,7,0.25807350951317,1
744,146,M,40s,food,pc,17,364.56,3,0.1373750737131083,0
741,204,F,40s,food,mobile,17,253.16,5,0.5012833816980137,0
353,362,F,30s,food,mobile,9,155.2,4,0.11864987845929298,0
676,299,F,50s,sports,tablet,6,46.74,8,0.1097682779304524,0
899,167,F,10s,fashion,pc,9,276.0,9,0.11271387375051978,1
73,201,F,30s,electronics,mobile,4,156.45,9,0.26997259638958054,1
648,134,F,20s,fashion,tablet,15,473.61,5,0.2768837042552587,0
353,211,M,20s,sports,pc,18,297.8,8,0.0892691901700639,0
891,48,M,40s,electronics,tablet,2,146.11,7,0.3265109177279092,1
70,126,M,10s,book,tablet,6,266.67,5,0.12166274484215993,0
425,239,M,40s,electronics,mobile,18,272.05,4,0.3114938832022622,1
999,7,F,20s,electronics,pc,11,364.75,6,0.31470823759341077,0
708,464,F,20s,electronics,mobile,9,451.59,6,0.36576620168461244,0
781,453,M,50s,electronics,pc,4,481.48,4,0.19938076878389935,0
561,272,M,50s,electronics,pc,1,360.36,4,0.08212321788071597,0
828,385,M,50s,sports,tablet,2,275.23,5,0.37756746299495325,0
642,371,M,40s,electronics,tablet,13,116.34,5,0.3781016218157503,0
956,37,M,10s,sports,pc,14,204.5,10,0.15070162682178784,1
517,487,F,50s,electronics,tablet,19,246.95,3,0.16964344674325743,0
428,211,F,30s,electronics,mobile,12,68.54,3,0.33940903136379774,1
539,165,M,50s,sports,pc,16,131.92,3,0.14321256012772565,0
160,125,M,40s,electronics,mobile,19,492.3,3,0.33045207254927894,1
149,337,F,10s,food,tablet,3,379.56,8,0.10600924556700181,0
776,192,F,50s,electronics,pc,18,243.59,4,0.30916890053059054,1
230,218,F,10s,book,tablet,14,116.89,3,0.08873446777761905,0
712,214,M,30s,sports,mobile,14,288.86,7,0.33325687846408286,0
562,62,F,20s,electronics,pc,8,119.78,3,0.09580228640839933,0
67,328,M,10s,electronics,tablet,2,100.59,9,0.2397367398497376,0
812,445,M,50s,sports,mobile,1,51.41,6,0.18961790079915675,1
381,381,F,40s,fashion,mobile,6,176.2,6,0.11493016962611752,0
58,161,F,40s,food,tablet,8,273.15,2,0.12534112633862954,0
259,66,F,40s,food,pc,21,83.87,7,0.09797612181731763,0
342,286,M,40s,electronics,tablet,4,104.22,8,0.03778390789226952,0
838,239,F,10s,sports,pc,16,198.61,4,0.11436242683736375,0
130,20,F,40s,book,mobile,2,247.32,2,0.264641414029848,0
727,188,M,20s,electronics,mobile,8,382.33,7,0.28079499788522716,0
172,82,F,30s,food,mobile,7,285.48,2,0.1500168152212025,0
770,363,F,10s,electronics,tablet,8,310.76,6,0.07299542686598974,0
614,202,M,10s,sports,tablet,23,349.62,5,0.14007809804785804,0
209,408,M,40s,book,tablet,16,228.24,6,0.04642960349419487,0
803,132,M,40s,fashion,mobile,23,174.85,3,0.19553663877769706,1
354,37,M,10s,book,pc,7,401.21,5,0.10671883258686342,0
471,132,M,40s,electronics,tablet,20,415.02,6,0.13405083605522314,0
798,77,F,40s,food,tablet,13,81.22,6,0.18141308835283929,0
116,89,F,40s,sports,tablet,21,476.92,3,0.34245505468639337,0
264,461,M,40s,electronics,mobile,15,465.31,3,0.3988704037958236,0
662,402,F,40s,fashion,pc,17,436.08,5,0.3422672329829343,0
812,253,F,50s,sports,pc,16,214.22,2,0.36465745227814533,0
442,344,M,50s,sports,pc,23,421.88,10,0.10492449492905238,0
548,194,M,50s,sports,tablet,6,315.89,4,0.5161079871032683,0
453,176,M,10s,electronics,tablet,19,106.67,2,0.4937870730750054,0
845,33,F,30s,fashion,pc,14,388.57,5,0.13034437362711312,0
477,58,M,10s,electronics,mobile,6,206.02,4,0.13795715890556437,1
287,467,F,50s,sports,pc,1,149.62,2,0.18204218647326806,0
303,201,F,10s,sports,tablet,1,439.75,8,0.008137254335871112,0
311,28,F,30s,food,pc,6,431.83,3,0.28769477013160294,0
208,35,F,40s,book,pc,18,432.86,1,0.3637623451896882,0
618,487,M,20s,electronics,pc,5,430.46,6,0.10804993014420074,0
446,125,F,50s,fashion,mobile,11,279.34,3,0.15758371310584426,0
670,394,M,50s,sports,tablet,14,310.38,10,0.21628098690953684,0
633,321,F,30s,electronics,tablet,12,474.69,3,0.11671202863174375,0
55,42,M,40s,book,pc,6,69.02,3,0.11317543214189339,0
912,85,M,40s,electronics,tablet,6,404.1,4,0.39284703267344523,0
12,393,M,20s,book,mobile,14,265.5,5,0.26278613729337663,0
657,188,F,40s,electronics,pc,3,489.31,6,0.19050892013985396,1
400,111,F,30s,food,mobile,2,321.42,8,0.09494722266635923,1
908,271,F,40s,electronics,pc,0,85.46,5,0.1796132200244205,0
648,483,M,30s,food,pc,6,408.67,6,0.2908478627961716,0
980,441,F,50s,book,pc,8,337.97,5,0.22030919685362924,1
515,325,F,50s,sports,mobile,0,78.72,6,0.04702589065118415,0
656,105,F,50s,sports,tablet,4,9.45,10,0.16519188802982912,1
542,406,M,10s,electronics,tablet,14,274.11,4,0.04743304383196232,0
237,320,F,50s,fashion,tablet,3,124.54,2,0.19712572479772525,0
279,41,F,30s,electronics,tablet,9,434.28,5,0.15851640692568347,0
348,215,M,20s,food,mobile,1,129.21,6,0.11523953514214222,0
627,71,M,40s,food,tablet,22,333.11,6,0.1695741310867983,0
104,56,M,50s,book,tablet,6,175.84,3,0.14643215351335562,0
630,407,M,10s,electronics,pc,23,178.41,2,0.36120668566774716,0
517,236,M,10s,book,mobile,18,95.0,4,0.21580412426884688,1
980,281,M,30s,fashion,pc,5,253.85,1,0.22356166758910684,0
872,475,F,20s,sports,tablet,14,291.74,6,0.07587472402103998,0
248,105,F,50s,sports,pc,19,292.6,7,0.42253988581233337,0
364,390,M,50s,electronics,tablet,11,429.02,4,0.06690016518039395,0
321,375,F,10s,book,pc,10,327.91,6,0.17451404480547644,0
633,162,M,30s,book,mobile,2,371.42,5,0.1935238880008478,0
286,191,F,10s,fashion,pc,19,165.11,2,0.3164295250956851,0
149,9,M,10s,book,pc,16,213.24,0,0.09479227402358886,0
84,60,M,20s,food,pc,6,14.05,5,0.2990944605764117,0
966,381,F,30s,food,pc,22,44.16,9,0.3309868267662579,0
406,305,F,20s,food,tablet,22,195.63,5,0.27996415833202304,0
978,225,F,30s,electronics,pc,17,108.82,6,0.14370147888391788,0
456,307,F,50s,food,mobile,16,407.41,6,0.11577985651024966,0
743,188,F,40s,food,pc,15,339.86,8,0.27380613604186466,0
800,70,F,40s,sports,mobile,1,485.3,7,0.2619185965152277,0
161,293,F,30s,electronics,pc,4,444.08,5,0.3610801538882869,0
784,287,F,40s,food,tablet,20,488.94,8,0.4026581349353694,1
460,482,M,10s,fashion,mobile,12,185.81,7,0.48768810862272943,1
550,169,F,50s,food,mobile,10,244.77,5,0.22822518411628145,0
500,62,F,50s,electronics,pc,23,189.45,2,0.21302707187731035,1
738,349,M,40s,book,tablet,0,482.33,4,0.2067589595862491,0
509,442,M,30s,sports,tablet,22,204.34,6,0.11826653313397342,0
654,14,M,10s,sports,mobile,2,62.8,4,0.2301655992212745,0
804,164,M,30s,electronics,pc,17,129.0,5,0.18926962315609674,0
481,420,F,40s,food,tablet,20,215.29,3,0.3490959812531052,0
663,245,F,50s,fashion,tablet,3,303.48,2,0.15048651793011508,0
114,335,M,50s,food,tablet,8,310.95,5,0.011727558561138964,0
749,8,M,30s,food,pc,10,380.6,7,0.2638035737978575,0
578,154,F,20s,fashion,pc,16,325.69,5,0.1829317697763568,0
361,36,F,30s,sports,mobile,10,248.31,8,0.5114133995468738,0
341,48,F,20s,food,pc,2,19.93,3,0.2839366777397899,0
770,85,F,30s,book,tablet,18,349.04,2,0.07390957440760522,0
987,28,M,20s,book,mobile,19,47.3,5,0.1528375018266796,0
761,196,F,20s,electronics,pc,22,237.06,7,0.04627918758911796,0
969,446,M,20s,electronics,tablet,20,448.72,6,0.1400036423462849,0
449,208,M,20s,fashion,tablet,10,300.46,4,0.3234887057706786,0
843,470,M,10s,fashion,mobile,13,103.49,4,0.09323686601376599,0
835,204,F,20s,electronics,mobile,5,404.94,8,0.1883387217022154,1
180,464,M,20s,food,pc,18,153.7,7,0.16325280733766742,0
702,307,F,50s,sports,pc,20,290.75,2,0.36996572144640155,0
407,104,M,10s,book,mobile,14,319.75,3,0.13379256516364055,0
666,230,F,20s,fashion,mobile,10,366.91,9,0.0660526969240723,0
196,426,M,40s,electronics,tablet,17,37.17,6,0.36349009486087386,0
466,101,M,10s,book,pc,3,427.86,6,0.2702560112862154,0
311,29,F,50s,fashion,tablet,18,61.36,6,0.15451791539297557,0
262,127,F,30s,fashion,mobile,2,51.79,4,0.13892996634931148,0
419,338,M,50s,food,mobile,11,231.16,5,0.12095407376615526,0
406,10,M,50s,fashion,mobile,3,189.23,5,0.4824327863543121,1
939,106,F,10s,sports,pc,23,32.03,6,0.045028719050283605,0
143,167,M,10s,fashion,mobile,11,87.17,1,0.16012231999602156,1
342,466,F,40s,sports,mobile,23,222.41,3,0.20112124615162377,0
316,257,F,40s,food,pc,0,415.39,9,0.21288704469070083,0
101,295,M,10s,sports,mobile,15,65.05,0,0.22959863407240313,0
244,277,F,10s,book,pc,20,56.74,7,0.1704088405770748,1
490,65,M,10s,fashion,mobile,1,403.39,4,0.3245843237317437,0
12,271,F,30s,electronics,pc,21,248.7,7,0.295832904412163,0
239,388,F,50s,electronics,pc,2,183.32,3,0.04678981914743283,0
561,188,M,40s,sports,pc,15,233.37,5,0.4427217192708353,0
42,317,F,40s,food,pc,9,208.37,4,0.14526663748396784,0
678,404,M,20s,sports,tablet,8,392.04,5,0.1062512852289106,0
594,138,F,30s,sports,pc,13,9.62,2,0.34459901946677873,1
429,343,F,10s,sports,pc,7,219.41,6,0.4239515088450046,0
803,105,F,10s,book,pc,1,83.63,8,0.12454401162350098,0
158,34,F,30s,book,pc,10,157.6,1,0.4621990319318708,0
216,380,M,40s,sports,mobile,1,60.52,7,0.13617283990664913,1
670,110,F,10s,food,mobile,14,216.36,5,0.06705772687577455,0
462,432,F,20s,fashion,pc,17,323.43,8,0.09953588013117322,0
134,33,F,40s,electronics,pc,4,332.49,3,0.14027888279245118,0
67,354,M,50s,book,tablet,6,399.39,5,0.28739491799288763,0
848,231,M,30s,fashion,pc,22,408.43,5,0.058531428076508865,0
7,317,M,40s,book,pc,18,300.88,6,0.2283908245529598,0
948,266,M,50s,book,pc,18,179.81,7,0.17758227983657743,0
526,182,F,20s,book,mobile,15,30.4,3,0.23249752271535615,1
73,340,F,30s,sports,pc,18,22.76,4,0.06086994418521269,0
399,65,F,10s,sports,pc,16,61.07,5,0.0698364113270743,0
405,333,M,10s,book,tablet,12,492.0,2,0.26944418805823833,0
675,1,M,50s,book,mobile,7,394.06,6,0.17839024006354567,0
578,133,F,40s,electronics,tablet,10,205.41,7,0.16752625700911628,1
859,80,F,20s,fashion,pc,17,235.77,5,0.2922759355989516,0
130,271,F,50s,fashion,tablet,10,370.0,2,0.031131209877664646,0
931,241,M,20s,food,pc,22,259.63,2,0.16767741383518162,0
466,28,F,20s,food,pc,8,183.41,6,0.09891427242114473,0
206,223,F,20s,food,mobile,13,178.03,7,0.3414136639633005,0
788,23,M,30s,sports,tablet,1,108.77,6,0.148012852608355,0
978,496,M,50s,sports,pc,16,443.38,4,0.26255379392993256,0
768,109,F,30s,electronics,tablet,20,210.01,5,0.41141887247498876,0
266,107,M,40s,sports,mobile,15,377.42,7,0.09341489256640338,0
537,145,F,40s,food,pc,4,289.01,0,0.2816190448435172,0
962,369,F,10s,book,mobile,0,378.28,7,0.23046589928801436,0
793,354,F,10s,food,tablet,8,163.85,5,0.2369059960103163,0
253,397,F,10s,electronics,tablet,2,377.24,4,0.40313668826038856,0
822,398,M,40s,book,tablet,13,396.03,7,0.18105022055580763,0
289,139,M,20s,sports,pc,17,56.62,7,0.29425018390105523,1
164,284,M,20s,book,pc,11,50.27,7,0.034868679538421765,0
95,298,F,50s,electronics,pc,22,492.82,2,0.1824239325838084,0
782,480,F,40s,sports,mobile,13,63.39,5,0.22212507488783795,0
833,99,F,10s,fashion,tablet,15,344.0,5,0.2702219900190278,0
110,317,M,40s,food,tablet,4,375.17,4,0.06710643693446265,0
336,123,M,20s,food,tablet,19,36.44,7,0.1237917813290465,0
822,320,F,20s,electronics,mobile,19,374.52,5,0.10750906312177635,0
238,287,M,30s,electronics,pc,14,212.66,3,0.04473638745168524,1
381,81,M,30s,food,mobile,8,140.96,3,0.45331017176495414,1
436,495,M,50s,book,tablet,16,334.34,6,0.11701929309120845,0
899,457,M,40s,fashion,tablet,11,417.4,4,0.21668196073682744,0
483,10,F,30s,fashion,mobile,12,288.53,4,0.23242452915349301,0
937,8,M,30s,electronics,pc,9,435.96,9,0.23867130006883458,0
902,405,F,40s,electronics,pc,6,16.07,3,0.005353821611861132,0
25,205,M,20s,book,tablet,23,370.61,5,0.38081304896095264,0
653,315,F,50s,electronics,mobile,20,88.85,7,0.09960828533444081,0
117,434,F,50s,fashion,pc,6,146.61,5,0.19149786880886177,0
482,197,M,50s,food,mobile,7,288.26,3,0.3270214837738163,0
392,198,F,30s,fashion,tablet,23,140.85,3,0.06198931501675653,0
917,30,F,20s,book,tablet,14,88.24,6,0.2631526052325078,0
994,479,M,50s,food,tablet,20,443.32,4,0.19716592841950834,0
964,401,F,40s,food,tablet,17,453.83,10,0.288482023887589,0
537,459,M,50s,fashion,pc,21,23.0,7,0.3615819473512624,0
79,20,F,10s,food,tablet,0,252.56,2,0.12168803786957763,0
580,48,M,20s,food,pc,9,105.82,9,0.07774759791232302,1
173,457,M,10s,electronics,pc,21,432.39,4,0.217996881695703,1
956,130,M,20s,food,mobile,18,233.95,5,0.290869086294839,0
12,293,M,40s,book,tablet,2,241.84,3,0.16587106532728188,0
800,385,M,30s,food,pc,6,315.6,4,0.3470346589052261,0
128,132,F,30s,electronics,mobile,3,32.53,5,0.12014430356370286,0
608,356,F,20s,sports,mobile,4,68.01,5,0.45411509437957387,1
92,54,M,50s,sports,tablet,5,251.7,5,0.15052862803927658,0
653,378,F,10s,book,tablet,9,483.52,6,0.219769188245679,0
543,281,F,40s,book,mobile,11,422.58,7,0.2281365195790742,0
846,387,F,50s,food,pc,13,445.23,3,0.038499797526058845,0
532,265,M,30s,food,tablet,21,72.89,4,0.0891994458677995,0
658,470,M,50s,sports,mobile,1,479.52,5,0.08437038284351613,1
989,215,F,10s,sports,mobile,2,366.35,7,0.4903423414032282,0
828,460,M,30s,fashion,pc,0,166.21,4,0.16497478113347439,0
447,458,M,20s,sports,pc,2,432.91,3,0.05644908639908361,0
390,290,F,40s,sports,mobile,23,374.92,4,0.2756044628084936,0
672,43,M,40s,book,pc,14,369.57,5,0.20053291425394423,0
861,74,M,30s,fashion,tablet,15,368.64,6,0.07619537407809321,0
43,350,M,20s,fashion,mobile,19,401.42,3,0.0843971847093693,0
254,278,M,10s,food,pc,1,474.52,6,0.4724097273895601,0
130,326,M,40s,food,pc,19,72.75,9,0.23714482661062347,0
60,242,F,30s,fashion,pc,15,499.76,5,0.27919231828272567,0
663,130,M,40s,fashion,pc,14,436.81,3,0.04099425548119853,0
467,350,M,20s,food,mobile,6,223.61,6,0.1817291453952207,0
287,194,F,10s,book,pc,4,82.93,2,0.32577813595385635,1
517,32,F,20s,book,tablet,4,229.63,6,0.13797826437542554,0
467,106,M,50s,book,tablet,20,390.41,6,0.15141768285757984,0
930,400,F,20s,book,mobile,8,303.21,6,0.16533921849885852,0
778,204,M,20s,food,mobile,22,143.38,8,0.1306458087806899,0
345,1,F,40s,electronics,tablet,13,206.36,2,0.15845729787414956,1
642,245,M,20s,sports,tablet,18,477.38,6,0.1846823945361884,1
382,72,F,30s,sports,mobile,17,402.89,5,0.2389267818565108,0
779,432,M,40s,sports,tablet,8,66.41,6,0.0936003125634424,1
690,306,F,40s,sports,tablet,2,274.97,2,0.1506611694095594,0
253,397,M,50s,food,mobile,10,465.84,8,0.2867695561086239,1
927,15,M,30s,electronics,mobile,23,21.98,7,0.15082822128608664,1
56,53,M,20s,food,pc,14,26.06,9,0.22298255602750194,1
463,428,F,50s,electronics,pc,3,359.78,3,0.22061331551738614,1
457,8,F,30s,food,tablet,20,289.9,4,0.2485720498117892,1
983,330,M,50s,fashion,mobile,23,27.77,4,0.15075844119532758,0
83,46,M,10s,electronics,pc,4,498.03,1,0.09533822905679562,0
905,325,M,20s,sports,tablet,17,292.15,4,0.1830056645777079,0
99,114,M,50s,electronics,tablet,21,248.51,6,0.2236075034317718,0
149,147,F,10s,book,tablet,22,226.61,7,0.2165574967971643,1
329,495,F,20s,electronics,tablet,11,351.84,4,0.32810085943938905,1
156,166,F,50s,book,mobile,0,231.89,5,0.12981475701975487,0
190,379,M,50s,book,tablet,21,331.24,8,0.3026124343608827,0
494,139,M,50s,fashion,pc,19,246.73,5,0.0824239176537471,0
883,117,F,50s,electronics,mobile,1,307.31,4,0.29694585889434855,0
263,299,F,40s,fashion,tablet,8,403.57,6,0.11853441934554275,0
80,276,F,50s,sports,pc,21,409.5,4,0.39317916870473846,1
400,404,F,40s,electronics,pc,17,425.28,4,0.08941627691892345,0
764,277,M,40s,food,mobile,4,105.47,5,0.11434044838517758,0
609,338,M,10s,food,mobile,21,35.25,6,0.2485557998592789,0
260,313,M,20s,food,mobile,13,418.89,6,0.18558804235317752,0
772,178,F,40s,book,pc,10,25.94,3,0.16617767849221676,0
615,330,M,30s,food,pc,20,110.68,4,0.28562574090810183,0
552,354,F,40s,sports,tablet,21,265.47,7,0.4247457881599615,0
785,154,F,30s,electronics,mobile,2,428.44,3,0.10402915719826689,0
101,414,F,10s,electronics,mobile,8,448.91,2,0.08240656669405552,0
359,201,F,30s,book,mobile,1,315.89,5,0.05885958954812222,0
380,366,F,10s,book,mobile,13,483.55,6,0.04859429259439723,0
820,115,M,10s,book,pc,1,366.32,3,0.06751815883371326,0
221,159,M,10s,sports,mobile,20,266.22,8,0.13062327555302242,0
820,42,M,30s,electronics,pc,9,71.51,10,0.15057018567515396,0
420,247,F,30s,fashion,pc,18,217.25,2,0.3693940219951734,0
124,68,M,10s,book,mobile,1,412.06,4,0.3655696742758326,0
422,445,F,10s,food,pc,15,145.41,7,0.24627229765302208,0
231,445,M,20s,fashion,pc,5,291.24,4,0.24504112662225877,0
690,326,F,10s,fashion,mobile,11,491.8,5,0.019564410224196152,0
63,334,F,50s,book,mobile,21,91.34,6,0.20779485129607517,0
485,196,M,20s,food,tablet,6,55.22,3,0.19801171051087524,0
628,90,F,20s,book,pc,3,398.82,2,0.030353499220395524,0
703,111,M,20s,book,pc,7,17.34,8,0.015463809219768077,0
574,368,M,50s,food,tablet,18,323.41,7,0.19958426129556056,0
768,359,M,20s,fashion,tablet,9,171.19,8,0.13057956254497494,0
483,145,F,20s,fashion,mobile,0,363.29,6,0.10770080533184456,0
519,275,F,30s,food,tablet,4,64.53,7,0.13344577039700453,0
155,179,F,30s,fashion,mobile,5,168.37,3,0.10117198376848038,0
92,241,F,10s,sports,mobile,18,13.43,7,0.381298161084358,0
982,326,M,10s,book,mobile,17,121.37,4,0.11310096733745903,0
526,319,F,40s,sports,pc,18,244.21,2,0.3324124687232234,1
455,477,M,50s,sports,pc,18,92.92,5,0.389007898047708,0
741,331,M,30s,sports,mobile,22,301.83,4,0.1910495096179647,0
598,464,F,10s,electronics,tablet,0,63.48,6,0.020372788186467657,0
645,414,F,50s,electronics,pc,19,373.89,5,0.45708722134141183,1
510,153,M,20s,sports,pc,10,461.22,5,0.09821706124360387,0
183,104,F,50s,book,tablet,2,196.03,4,0.24961868698535764,0
386,75,M,30s,sports,pc,9,266.46,10,0.2175088594355057,0
574,128,F,40s,sports,tablet,6,246.81,6,0.03735891535015098,0
731,199,F,30s,electronics,tablet,16,393.77,1,0.3732767983701145,1
405,154,M,10s,sports,pc,23,497.12,4,0.06682090407922803,0
246,56,M,10s,book,tablet,15,369.16,3,0.16340794748218662,0
742,278,M,50s,book,tablet,6,111.19,6,0.17007895092955266,1
591,345,F,30s,sports,mobile,12,349.56,5,0.06221302903873127,0
661,19,F,10s,book,mobile,11,309.8,9,0.2055104100349191,0
650,159,F,20s,sports,pc,11,109.01,4,0.46565944721968805,0
471,26,M,20s,electronics,tablet,7,124.28,2,0.4823875808112615,1
826,426,M,40s,sports,pc,7,328.13,1,0.10721147287348858,1
888,169,F,50s,fashion,pc,12,404.87,2,0.14233023054011612,0
423,484,M,10s,electronics,mobile,10,382.39,4,0.06522217473680587,0
901,23,F,40s,book,tablet,0,305.17,7,0.1384309620567903,0
65,47,M,20s,book,pc,16,469.08,3,0.1901684186908942,0
13,13,F,40s,electronics,pc,18,366.87,4,0.2994394815957374,0
213,217,F,40s,fashion,mobile,12,273.25,2,0.18279383211858605,1
986,322,F,10s,electronics,mobile,22,409.02,8,0.1727974741622284,1
242,194,M,10s,food,mobile,14,148.79,6,0.19590600030826388,0
493,144,M,10s,fashion,pc,23,135.43,6,0.15056718763358015,0
213,73,F,50s,electronics,tablet,11,485.87,3,0.16755705048182812,0
693,156,F,40s,food,mobile,20,475.16,2,0.31890810992618013,0
338,77,F,40s,sports,mobile,16,440.86,6,0.3280737199974681,0
997,419,F,50s,fashion,tablet,2,111.11,8,0.0247771014738878,0
173,169,F,20s,sports,pc,6,295.91,11,0.13122073450692154,0
672,461,F,30s,food,pc,1,269.85,3,0.3321351537474356,0
164,287,M,20s,book,tablet,1,105.54,4,0.19168162769326852,0
465,85,M,50s,book,mobile,5,226.66,5,0.20223957924440192,0
995,416,M,40s,book,tablet,3,235.25,6,0.10635095992150773,1
497,182,M,40s,sports,pc,15,124.11,5,0.12727173273932615,0
700,482,F,10s,fashion,pc,14,477.67,3,0.39400193208346357,0
395,456,F,10s,sports,mobile,9,248.89,5,0.07884517975028175,0
703,315,F,40s,sports,mobile,13,264.82,4,0.35305132150829227,0
917,297,M,40s,book,tablet,8,301.3,8,0.2167337725760154,0
308,112,M,10s,sports,pc,14,444.04,8,0.09580241956178007,0
768,450,F,10s,food,pc,6,268.99,5,0.18839115650992994,0
183,230,M,20s,electronics,tablet,6,272.78,7,0.335702922847788,0
629,96,M,40s,electronics,mobile,7,123.9,1,0.1189196999211688,0
794,438,F,40s,electronics,pc,18,303.39,4,0.09631696033912703,0
510,168,F,50s,book,pc,17,193.67,3,0.2338089888611258,0
708,378,F,20s,book,mobile,16,325.16,8,0.512132106339054,0
546,156,M,30s,electronics,pc,17,153.87,4,0.6741311404353344,1
564,421,F,30s,fashion,mobile,18,359.29,3,0.04183037006984454,1
624,105,F,30s,electronics,tablet,20,311.36,5,0.10164934197399773,0
764,193,F,10s,sports,mobile,7,239.87,5,0.3788984699508062,0
594,489,M,30s,electronics,mobile,12,52.85,2,0.12050074593224684,0
744,330,M,50s,electronics,tablet,10,315.35,4,0.1776799500828739,0
227,439,F,10s,fashion,pc,18,430.34,5,0.27230159349563116,0
745,132,F,10s,book,pc,6,89.68,2,0.13307151427274877,0
733,355,M,30s,book,mobile,4,46.94,6,0.23130612741383602,1
436,382,M,10s,sports,mobile,4,24.59,4,0.03713218440877007,0
925,138,F,20s,electronics,tablet,7,20.75,4,0.0938143603896071,1
422,431,M,20s,food,tablet,9,421.82,5,0.20524536562463927,1
554,331,F,30s,sports,pc,4,365.17,5,0.12368879025140311,0
21,270,F,50s,book,pc,14,105.14,6,0.1877060816053632,0
554,38,M,10s,fashion,tablet,22,458.97,7,0.46642672321626233,0
397,396,F,40s,book,mobile,15,71.99,7,0.1407878271825848,0
625,45,F,30s,book,tablet,9,190.21,5,0.288227014797985,0
105,401,M,10s,fashion,pc,23,228.79,0,0.04896807255079956,0
192,464,F,30s,electronics,mobile,7,42.57,5,0.2178304181424093,1
17,163,M,30s,electronics,tablet,18,177.0,6,0.10019768992477425,1
120,450,F,50s,book,pc,3,55.43,1,0.7029172453964069,1
393,331,F,40s,sports,mobile,13,395.94,5,0.12027728630205521,0
425,253,M,10s,food,mobile,7,28.18,4,0.4480433031489592,0
129,169,M,30s,sports,mobile,20,13.48,8,0.20172391296312295,0
130,451,M,30s,sports,mobile,13,367.59,6,0.14627188030677907,0
572,285,M,10s,book,mobile,11,391.52,2,0.20585187195952606,0
560,274,M,30s,book,tablet,0,250.34,7,0.3826639119224241,0
29,20,M,30s,food,mobile,22,162.35,5,0.07123711657454426,0
97,239,F,30s,food,tablet,18,122.04,3,0.18203099956894694,1
10,270,M,20s,food,mobile,17,62.93,6,0.31882544715884004,0
242,418,F,20s,book,pc,11,244.69,6,0.11177993557898894,0
826,433,M,40s,book,mobile,9,248.09,12,0.2885212260275696,0
956,310,F,50s,sports,tablet,20,230.7,4,0.556305125322951,0
232,31,F,10s,book,pc,0,390.24,5,0.11834236135755911,0
789,314,M,50s,electronics,pc,13,54.39,4,0.10468493006070773,0
284,104,F,50s,electronics,tablet,8,336.65,3,0.06661624218664483,0
715,170,F,20s,food,pc,14,203.78,8,0.21234263770644085,0
759,186,F,40s,book,tablet,20,124.27,7,0.13625934827754832,0
802,128,M,50s,electronics,mobile,21,342.39,2,0.10189547823030475,0
776,210,M,50s,sports,mobile,22,102.85,10,0.09378115022092524,0
955,414,F,30s,fashion,tablet,13,119.3,6,0.031932205193350396,0
726,281,M,10s,sports,mobile,8,499.28,4,0.2659908492529129,0
200,447,M,40s,fashion,pc,10,444.89,3,0.3320508372752675,0
945,253,F,10s,sports,mobile,4,350.08,4,0.11811392967557592,0
79,19,F,20s,electronics,mobile,11,161.3,4,0.04540058136424699,1
913,200,M,50s,book,pc,15,270.68,4,0.029278853447905342,0
956,220,M,50s,fashion,pc,19,67.67,6,0.3471064669334272,0
855,136,M,10s,book,mobile,2,170.31,3,0.1556863712790183,0
856,223,F,20s,book,mobile,4,38.65,7,0.13476260747108562,0
173,3,M,30s,electronics,mobile,18,307.11,7,0.16686093151890005,1
467,451,M,30s,food,tablet,4,429.46,5,0.15246826244294162,0
581,236,M,50s,food,tablet,23,405.73,4,0.07345796374689119,0
416,342,F,50s,fashion,mobile,17,428.76,6,0.2617187819698981,0
940,465,F,40s,electronics,mobile,3,91.43,3,0.30374703338173564,1
449,228,F,10s,book,pc,23,326.79,6,0.13889665825214423,0
87,401,M,50s,sports,mobile,14,478.59,3,0.038756689196528214,0
101,142,M,20s,sports,mobile,4,392.71,2,0.15476562858727605,0
8,499,F,10s,fashion,tablet,7,6.68,3,0.17714206917026964,0
845,9,M,40s,fashion,tablet,15,441.74,3,0.14940322395646372,0
200,190,M,30s,fashion,tablet,21,354.36,0,0.27183455589258676,0
505,350,M,40s,electronics,pc,0,65.42,4,0.1848949799274678,0
87,405,F,10s,sports,mobile,4,160.34,5,0.09391072355403073,0
43,460,M,30s,electronics,tablet,17,63.17,3,0.07626463390140553,0
385,165,M,20s,electronics,pc,15,366.26,4,0.24134588822798428,0
621,480,F,30s,book,mobile,22,6.74,11,0.26792142106384603,1
435,139,M,30s,electronics,mobile,9,234.94,5,0.29023463382298875,1
408,276,F,20s,electronics,pc,3,499.91,9,0.039776684640206054,0
483,291,M,50s,book,mobile,17,426.31,1,0.0956191137246915,0
664,53,F,50s,food,pc,16,295.67,3,0.39256991942878877,0
17,175,F,30s,book,pc,20,348.5,4,0.42941535714986495,0
645,110,M,30s,fashion,tablet,12,303.8,3,0.4028819889781082,0
148,203,M,40s,food,pc,7,406.37,0,0.24865439423637556,0
277,436,F,50s,sports,tablet,7,443.56,6,0.21579371127521743,0
232,136,M,20s,electronics,mobile,11,384.46,4,0.21439891477311293,0
826,4,F,30s,food,tablet,17,95.07,5,0.4316142424064525,0
927,155,M,30s,sports,pc,5,189.4,6,0.3502910738028882,0
366,172,M,40s,book,tablet,6,393.28,7,0.18351539440174097,0
228,424,M,40s,book,mobile,16,412.47,6,0.0973131106943346,0
651,358,M,40s,fashion,tablet,4,316.26,2,0.5244570256509282,0
436,47,F,10s,fashion,mobile,21,358.5,5,0.30999958015538814,0
399,94,F,20s,food,pc,22,91.38,4,0.30104032089047733,0
211,428,M,10s,electronics,tablet,18,189.47,12,0.09032261436393615,1
391,48,M,30s,book,mobile,7,269.64,4,0.6620293519388314,0
499,240,M,40s,food,mobile,18,491.94,7,0.15625383619146352,0
540,347,M,40s,food,tablet,7,400.61,5,0.3821868076063574,1
563,213,M,40s,food,tablet,20,100.35,8,0.18580792704816093,0
491,436,F,50s,fashion,tablet,18,179.44,6,0.4430984553684633,0
442,340,F,20s,book,tablet,6,112.36,7,0.6404075385955174,0
261,324,M,10s,fashion,tablet,2,80.37,4,0.17968322613024568,1
773,139,F,20s,fashion,mobile,5,64.39,5,0.1493194466719236,0
350,205,F,40s,food,pc,7,483.02,3,0.29809942531658645,0
352,381,M,30s,sports,mobile,17,453.78,2,0.19551468004640288,0
520,73,F,50s,sports,tablet,14,244.21,3,0.1880466842648534,0
320,4,F,20s,sports,tablet,23,276.53,4,0.06918590424953222,0
138,76,F,30s,food,pc,16,420.12,6,0.0698460717669899,0
550,329,F,40s,electronics,tablet,3,326.17,6,0.2962819978305695,0
623,77,M,40s,book,pc,6,367.67,9,0.17522362773108208,0
992,304,F,40s,food,tablet,16,396.62,8,0.10142069021227255,0
368,256,F,40s,food,mobile,21,244.1,5,0.09395578957211143,0
220,410,F,50s,fashion,pc,5,487.52,3,0.2464890999290992,0
337,102,M,50s,sports,mobile,12,316.04,4,0.019316728909383702,0
223,106,F,20s,food,tablet,6,318.58,5,0.20546663452971148,0
648,333,F,40s,electronics,mobile,8,74.82,6,0.01375662359118831,0
768,39,F,50s,book,mobile,22,493.93,4,0.3389242043302561,0
360,476,M,30s,electronics,mobile,18,40.03,5,0.1694295945604302,1
921,314,M,50s,food,pc,19,492.89,0,0.19440739226634876,0
329,275,M,50s,food,pc,12,455.73,7,0.38709128230441964,0
962,88,M,20s,fashion,pc,14,428.93,8,0.5097707106854101,1
463,211,M,50s,electronics,mobile,16,338.43,5,0.1012111654280456,0
946,369,F,30s,fashion,mobile,4,306.38,5,0.11836707285518142,0
963,77,M,40s,electronics,tablet,22,498.33,3,0.194332757800832,0
561,77,F,10s,sports,pc,18,487.13,4,0.7009466374208532,0
804,442,M,20s,sports,tablet,5,406.86,5,0.17282730977152844,0
382,28,M,30s,electronics,mobile,11,48.0,0,0.20923123719498476,0
836,245,M,20s,fashion,pc,14,189.22,4,0.11477173505112526,0
590,66,F,40s,sports,tablet,14,433.63,6,0.22371637091446012,1
617,266,F,50s,food,mobile,2,352.75,6,0.2027770346692159,0
169,382,F,50s,book,mobile,3,65.39,3,0.2625173223850728,0
217,470,M,30s,fashion,mobile,4,177.38,5,0.28743371936248246,0
378,205,M,40s,electronics,pc,5,14.62,10,0.4754660104375167,0
119,58,M,10s,book,pc,5,446.94,3,0.18133660510529592,0
190,201,M,10s,book,tablet,16,374.77,7,0.022197464567334957,0
767,225,M,50s,food,mobile,7,220.75,1,0.3494887933625414,0
370,142,M,40s,fashion,pc,18,381.39,5,0.3624232474694808,1
778,381,F,40s,book,pc,19,467.04,6,0.11502759416246906,0
149,368,F,30s,fashion,mobile,23,143.55,7,0.16749530642342297,0
676,84,M,10s,food,mobile,20,146.48,4,0.1474005886141509,0
652,143,F,30s,electronics,tablet,21,243.91,3,0.15735116407779334,0
859,352,F,20s,book,tablet,12,354.92,6,0.387848252465554,0
488,33,F,40s,book,tablet,14,496.55,6,0.27756989378711117,0
770,401,M,10s,book,pc,16,85.65,3,0.18410385066054574,0
374,152,M,30s,fashion,pc,23,174.36,4,0.079519187990253,0
781,158,M,50s,book,pc,20,184.9,7,0.32878987364028583,1
693,446,M,20s,fashion,pc,16,364.28,10,0.06878544866253354,0
160,141,F,30s,sports,pc,22,443.87,8,0.3897957871104076,0
351,446,M,50s,sports,mobile,1,95.98,6,0.1514952717249262,1
912,251,M,10s,fashion,tablet,21,358.26,4,0.24695237395641847,1
288,303,M,10s,sports,tablet,2,455.26,3,0.2870562268484715,0
288,112,F,20s,food,tablet,21,65.04,7,0.17246211418878732,0
892,144,F,50s,food,tablet,8,319.35,6,0.06508629173842694,0
226,450,F,40s,sports,mobile,5,105.18,3,0.4446712480607513,0
523,209,F,10s,electronics,pc,0,223.36,5,0.1295925064024671,0
522,224,F,40s,fashion,pc,21,67.77,5,0.24652563999658314,0
783,43,M,40s,sports,pc,18,343.39,7,0.2675376557204331,0
273,264,F,30s,fashion,tablet,3,203.68,5,0.23775166418269056,0
936,244,F,30s,sports,tablet,12,285.79,6,0.10658975975738898,0
402,3,M,10s,food,mobile,19,264.15,4,0.12452387763121023,0
183,125,M,40s,electronics,mobile,7,348.52,8,0.08852213210536727,0
969,268,M,30s,fashion,pc,22,448.31,5,0.3874929748584751,0
665,84,F,50s,electronics,pc,4,143.48,5,0.1937041990809366,0
488,16,M,50s,food,pc,9,299.61,2,0.21874403592676933,0
827,334,F,50s,book,pc,19,289.01,2,0.12358349859885326,0
846,464,M,50s,book,pc,18,161.0,2,0.24834329033488,0
124,59,F,40s,fashion,pc,11,252.3,3,0.2648795675492975,0
985,177,F,50s,food,tablet,0,25.02,2,0.1610895956857264,0
626,63,F,40s,fashion,mobile,8,216.33,3,0.01756856644226542,0
790,446,F,10s,fashion,mobile,23,138.91,8,0.2404459721299452,0
414,491,M,10s,fashion,tablet,15,432.67,3,0.0939896430655832,0
980,49,M,50s,electronics,pc,16,182.11,6,0.3398439292727928,0
725,307,F,50s,sports,pc,17,100.14,0,0.1434271388944296,0
172,246,M,50s,food,pc,13,267.19,1,0.41106448662387707,0
288,289,F,10s,electronics,mobile,16,406.43,4,0.31901969549559167,0
435,286,M,30s,sports,mobile,0,180.25,2,0.11238783877376912,1
686,443,M,10s,fashion,pc,20,424.18,3,0.20977172522468407,1
113,332,F,50s,book,pc,14,166.43,7,0.27762610122919446,0
888,15,F,30s,electronics,tablet,18,369.12,7,0.22252413482105998,1
917,338,M,30s,food,pc,1,62.05,4,0.18923937108926914,0
995,255,F,20s,food,tablet,23,35.79,1,0.18580191115476272,0
122,92,M,40s,sports,pc,23,370.1,9,0.1593536742882411,0
544,279,M,50s,electronics,pc,13,187.36,4,0.15166896480507577,0
222,206,M,40s,fashion,pc,21,199.53,6,0.3386119403591529,0
631,94,F,20s,sports,tablet,1,289.21,2,0.044240821593210106,0
39,225,F,40s,food,tablet,14,493.5,6,0.22020008625466692,0
497,301,M,50s,electronics,tablet,0,89.9,2,0.15830145532150353,1
780,318,F,20s,book,mobile,21,153.43,5,0.2744514571255189,0
233,463,F,40s,fashion,mobile,0,326.11,4,0.12555725174138266,0
943,199,M,10s,food,pc,11,351.98,1,0.22633041740504925,0
530,271,F,30s,electronics,tablet,21,354.54,6,0.12465337599619264,0
149,500,F,20s,book,tablet,14,299.73,8,0.07015382849992931,0
397,234,M,10s,food,pc,17,296.2,3,0.09803079054678794,0
661,46,F,50s,book,pc,14,78.31,8,0.10396739251341232,0
638,64,M,30s,food,pc,6,418.14,2,0.11766364897919024,0
904,230,F,20s,sports,pc,11,9.4,4,0.25572983712090835,0
302,430,F,30s,sports,tablet,9,211.7,7,0.18907015124344648,1
360,440,M,20s,sports,mobile,1,111.63,4,0.14374138379930987,1
238,249,M,20s,electronics,tablet,1,56.65,5,0.15805537086337612,1
647,246,F,40s,sports,mobile,5,163.15,11,0.2863648197584969,0
663,428,M,30s,electronics,pc,19,330.31,8,0.3122497172895589,0
236,75,M,30s,fashion,mobile,5,251.06,4,0.28785897725898707,0
736,157,F,10s,sports,tablet,23,437.4,3,0.1675475629112855,0
203,223,M,50s,electronics,tablet,9,301.84,3,0.1828508814182031,1
256,190,F,10s,food,tablet,2,130.3,5,0.049871059006820574,0
598,473,F,40s,electronics,tablet,15,260.03,5,0.08638836685230529,1
662,52,M,20s,electronics,tablet,4,117.56,6,0.21032009977065536,1
235,438,F,40s,food,tablet,4,93.43,4,0.12732066726080724,0
345,88,M,40s,electronics,pc,9,477.74,2,0.055016889576934194,0
534,313,F,10s,food,mobile,22,236.68,4,0.05293824393988254,1
860,339,M,20s,book,pc,12,327.35,4,0.41000913777427206,0
797,66,M,50s,sports,mobile,23,437.35,2,0.3743490970896224,0
781,150,F,40s,fashion,mobile,2,164.48,5,0.40025654757432566,0
466,20,M,50s,electronics,mobile,17,395.57,4,0.06832197708951326,0
770,33,M,20s,food,tablet,18,395.47,3,0.23070406966887705,0
541,328,M,20s,sports,tablet,5,412.89,7,0.21211467845854,0
213,281,F,10s,electronics,tablet,19,98.78,5,0.11108650915321208,0
463,46,F,30s,sports,mobile,0,481.61,3,0.06897520737246858,1
436,73,M,10s,book,mobile,9,141.02,6,0.07583953120987524,1
283,354,M,50s,electronics,mobile,9,389.52,4,0.0691290971363651,0
562,313,F,10s,food,pc,21,85.34,8,0.10723560800626974,1
607,343,F,20s,book,tablet,0,462.49,4,0.3615986899952667,0
463,133,F,40s,electronics,tablet,18,216.78,5,0.17075504636194092,0
407,55,M,30s,sports,tablet,10,335.98,3,0.1471853317844943,0
88,61,F,20s,book,pc,12,425.84,5,0.12888959159107954,0
44,345,M,40s,food,pc,16,144.78,3,0.278468816217464,1
461,8,F,50s,electronics,pc,19,197.55,7,0.0586552774896535,0
278,272,M,50s,sports,mobile,17,160.13,3,0.4683872239408863,0
683,246,F,50s,sports,pc,3,145.02,3,0.45832958682386216,1
421,176,M,10s,book,mobile,14,257.6,7,0.45961587804581966,0
701,493,F,50s,electronics,mobile,1,275.64,2,0.09501989786186059,1
353,116,F,50s,sports,tablet,5,43.03,4,0.13888545732897864,0
696,317,M,10s,book,tablet,21,338.28,6,0.16942329814505772,1
515,271,F,40s,fashion,pc,22,212.9,6,0.4331606618531904,0
703,193,F,20s,sports,mobile,8,445.32,3,0.09747882978807668,1
630,150,F,30s,book,mobile,10,443.33,2,0.35498559473207225,1
19,131,F,50s,fashion,mobile,19,361.45,4,0.12016202720578721,0
23,102,M,50s,book,tablet,15,427.62,6,0.6257231370574967,0
413,310,M,50s,sports,tablet,7,461.64,1,0.10064852028398809,0
30,270,F,10s,fashion,tablet,16,290.78,0,0.5213641099705628,0
807,292,M,10s,book,tablet,22,486.09,4,0.494068170477146,0
108,210,M,10s,electronics,tablet,22,477.92,3,0.11366113505010979,1
367,495,M,30s,fashion,tablet,3,59.39,8,0.3033343787909482,0
281,361,M,20s,book,pc,6,263.76,7,0.32163044338068103,1
128,338,M,50s,electronics,pc,10,61.66,5,0.4418309583187268,0
229,67,F,40s,fashion,pc,10,343.65,3,0.33739062595910646,0
111,10,M,50s,book,pc,10,383.81,6,0.30042418622708367,0
136,49,F,50s,sports,mobile,20,442.92,5,0.13168762697598016,0
362,487,M,50s,fashion,tablet,20,326.75,8,0.16319759810372095,0
186,111,F,50s,fashion,tablet,14,229.73,4,0.24558743384080856,0
656,321,F,20s,electronics,pc,4,82.19,4,0.14010100271319303,0
584,219,F,40s,book,mobile,5,66.93,2,0.21875581444598557,0
129,57,M,10s,sports,pc,22,245.41,7,0.021263446636549405,0
876,283,M,40s,electronics,tablet,4,417.11,4,0.2019431643986225,0
261,459,F,50s,fashion,pc,8,376.61,6,0.3036272397968856,0
515,113,F,40s,electronics,mobile,10,441.0,7,0.20494374245608168,0
449,133,M,50s,electronics,tablet,22,406.44,0,0.13739217821482919,0
900,71,M,40s,electronics,mobile,2,106.71,9,0.3438027475729819,1
104,83,F,30s,fashion,pc,19,104.16,1,0.028094150556585817,0
483,57,M,40s,food,tablet,3,231.72,5,0.040508868180569035,0
224,376,M,10s,electronics,mobile,22,99.62,6,0.3830813970409818,1
832,349,M,10s,food,mobile,14,97.8,6,0.5071976630869975,1
874,271,M,40s,sports,mobile,17,137.55,7,0.067177861899881,1
866,483,M,40s,sports,tablet,4,16.17,4,0.10347910805430711,0
491,111,M,20s,sports,tablet,10,287.81,2,0.07036427694541283,0
473,357,F,40s,book,pc,10,201.32,3,0.5253866703442079,1
10,375,F,10s,fashion,pc,3,122.51,6,0.06301594090865696,0
405,76,F,30s,food,tablet,15,71.44,7,0.09248277165294377,0
896,158,F,10s,book,mobile,10,230.65,8,0.04048986759789604,0
302,20,F,20s,food,tablet,0,302.97,3,0.14159249198996657,0
231,421,F,40s,fashion,tablet,12,486.77,2,0.20216320732537493,0
731,131,M,30s,electronics,tablet,18,130.64,3,0.295564877803588,0
923,329,M,10s,book,tablet,5,18.04,5,0.5621353553698332,0
66,122,F,30s,fashion,pc,19,369.33,4,0.05195705864311996,0
937,41,F,50s,book,pc,18,121.41,5,0.05470961516820213,0
112,167,F,10s,sports,mobile,5,244.71,7,0.14178533526099707,0
13,410,M,50s,book,tablet,12,405.07,1,0.5545719233323826,1
393,130,M,30s,electronics,tablet,10,23.3,5,0.2537891164379716,0
500,23,M,40s,electronics,pc,18,75.05,4,0.11819692069155112,1
932,279,M,40s,food,pc,6,53.6,3,0.193936128591804,0
598,251,F,40s,book,tablet,11,120.69,5,0.1456308354283994,0
234,469,F,50s,sports,pc,15,90.65,5,0.29829797453904855,1
602,400,F,40s,electronics,tablet,0,161.72,7,0.07646724507396944,0
314,9,F,20s,food,mobile,14,374.42,8,0.36417584993346624,0
566,13,M,10s,sports,mobile,12,25.96,6,0.09698289555079666,0
12,412,M,10s,sports,mobile,9,41.51,2,0.17591925489446378,0
209,411,F,30s,sports,tablet,17,284.34,4,0.1225469063506033,0
974,307,M,50s,fashion,pc,3,262.53,8,0.1542326750257594,0
14,320,M,10s,electronics,mobile,21,239.67,4,0.2775516715662741,0
633,52,M,50s,fashion,tablet,5,260.37,5,0.02891783268142163,0
418,209,M,30s,fashion,mobile,7,372.31,4,0.40912540176020146,0
437,38,F,40s,electronics,mobile,23,290.18,4,0.10926820019137508,1
377,100,M,30s,book,pc,19,231.2,4,0.12791936587122946,0
20,193,F,20s,food,tablet,21,45.47,6,0.1715384034657654,0
587,402,M,40s,electronics,pc,8,487.51,6,0.23074161937795393,0
912,191,M,40s,food,pc,22,123.47,5,0.29144407738871936,0
755,51,F,40s,book,pc,7,435.23,6,0.2170116084650419,0
735,393,F,30s,electronics,mobile,23,192.59,7,0.42846000065014855,0
70,141,M,20s,sports,mobile,17,343.55,6,0.09928764200468297,0
824,168,M,50s,electronics,mobile,6,229.79,6,0.24163708300761164,0
211,311,F,30s,book,tablet,18,180.31,2,0.1399686427465731,0
101,109,M,10s,fashion,pc,22,309.08,7,0.09174937500406698,0
698,207,M,10s,electronics,mobile,17,270.37,7,0.23687773622457295,0
132,427,F,30s,sports,pc,0,120.05,4,0.04856290016955513,0
623,300,M,50s,electronics,pc,10,171.44,6,0.14074699641950875,0
381,110,M,10s,fashion,pc,8,22.02,5,0.5258277433688066,0
132,196,M,50s,electronics,pc,9,100.82,5,0.01197800566112035,1
20,417,M,40s,sports,pc,9,171.24,5,0.3349211139787253,0
906,152,M,30s,book,mobile,0,486.2,4,0.572376802379634,1
536,420,F,40s,sports,tablet,16,265.91,4,0.37701442082433756,0
227,243,M,10s,book,tablet,11,351.89,7,0.302777624308608,0
154,128,F,50s,sports,tablet,11,338.43,4,0.21993529028197728,0
805,105,F,40s,food,tablet,18,490.54,4,0.2674431541629013,0
742,10,M,10s,electronics,pc,16,280.05,8,0.15776464785820438,0
469,356,F,20s,electronics,mobile,6,294.82,5,0.02773840311633476,0
822,148,M,40s,fashion,mobile,22,153.53,2,0.08386987835748477,1
1000,489,F,20s,food,pc,10,314.93,4,0.11446970031475188,0
871,365,F,20s,fashion,pc,23,380.07,6,0.14028664475827898,1
405,364,F,10s,electronics,mobile,1,56.11,7,0.3062142490652146,0
202,459,M,30s,fashion,mobile,15,242.66,3,0.2871567087052992,0
38,140,F,50s,book,tablet,22,213.84,6,0.14087174803214708,1
942,190,F,10s,food,tablet,8,61.22,8,0.474889485614672,0
772,402,F,40s,sports,tablet,9,173.94,5,0.1095271781243445,0
188,94,M,50s,book,mobile,20,269.91,3,0.35069504355930603,0
57,492,M,30s,sports,tablet,9,326.69,6,0.46327510064022936,0
941,496,F,10s,fashion,mobile,2,148.0,8,0.18765651986064172,1
20,229,F,30s,electronics,mobile,16,240.77,6,0.42962639731381963,0
273,63,F,40s,book,pc,13,368.37,8,0.07131453398358821,0
119,340,F,10s,food,mobile,18,214.01,5,0.18737885279302116,0
583,25,M,40s,sports,pc,17,470.68,4,0.36817376580703937,0
516,268,M,50s,book,pc,17,20.2,3,0.09798156449383918,0
221,405,M,50s,electronics,mobile,13,133.81,4,0.1090599988667314,1
526,281,F,30s,food,mobile,2,71.03,2,0.23154016461038796,0
515,11,M,30s,food,tablet,9,272.94,4,0.0878798012426442,0
728,320,F,50s,sports,mobile,22,92.8,4,0.20309043822294998,0
741,201,F,20s,book,tablet,12,372.21,5,0.27817063652053686,1
336,126,F,50s,book,tablet,21,459.58,6,0.11516132647527791,0
698,306,M,10s,food,mobile,11,107.56,8,0.2974716426040933,1
55,190,F,40s,fashion,tablet,8,453.85,11,0.2225695463484102,0
500,89,M,50s,food,pc,9,317.72,5,0.14076822133631642,0
900,355,F,50s,electronics,pc,18,102.1,2,0.32395875050680684,0
888,116,M,40s,book,mobile,15,369.59,6,0.11725044736666729,1
766,352,F,40s,sports,mobile,20,49.98,5,0.09687758619802536,0
536,177,M,10s,book,mobile,2,347.61,3,0.2591769642985057,0
162,14,F,40s,food,pc,11,431.32,3,0.2767906018824355,1
670,257,M,30s,electronics,tablet,7,475.44,4,0.3892971908013579,1
594,209,F,50s,fashion,pc,14,31.99,4,0.3307901349809258,1
915,281,F,40s,book,tablet,10,35.66,2,0.19194111338956232,0
159,443,F,10s,food,tablet,22,465.55,5,0.16263729019361398,0
188,328,M,40s,food,mobile,12,395.85,6,0.1846539928178921,0
60,325,F,50s,food,mobile,5,388.26,7,0.19248014513451753,0
915,389,F,20s,electronics,mobile,12,372.6,8,0.0639985247428171,0
817,105,F,40s,food,pc,10,360.08,8,0.4679616307651073,0
319,483,M,30s,food,pc,5,308.55,8,0.41997199365298343,0
878,147,F,50s,food,pc,5,407.31,3,0.42618118656634035,0
211,279,F,10s,book,mobile,4,21.92,3,0.17220991234308106,1
406,9,M,50s,food,mobile,6,371.45,7,0.07713853786922462,1
664,118,F,20s,electronics,tablet,22,293.54,5,0.07727707712125431,1
109,94,M,10s,book,tablet,22,454.19,5,0.31411556318398576,0
76,434,F,20s,food,mobile,18,468.51,7,0.13890901501185718,1
542,144,M,20s,fashion,pc,10,124.46,8,0.209990403322373,0
314,289,M,30s,electronics,mobile,5,395.78,4,0.1978712582215444,0
998,386,M,40s,fashion,pc,8,478.71,6,0.27494647228057656,0
117,14,F,30s,electronics,mobile,19,136.99,1,0.04579581481094126,1
927,494,F,30s,fashion,mobile,17,426.29,3,0.13272750199989372,0
868,257,M,30s,food,tablet,7,295.33,8,0.37477493210682933,1
704,346,F,10s,fashion,pc,17,200.52,2,0.03776506492397234,1
19,186,F,40s,fashion,pc,4,412.69,6,0.03891952805444801,0
432,345,M,40s,electronics,mobile,5,435.8,5,0.26499724877857744,0
685,400,M,10s,food,tablet,1,144.91,7,0.04235150169763427,0
740,207,M,30s,electronics,mobile,21,398.26,5,0.32613015316905825,0
350,346,M,30s,food,mobile,23,29.58,5,0.09392480550671799,0
183,431,F,20s,sports,pc,3,211.74,5,0.47026117595154143,0
113,172,F,20s,book,mobile,18,39.54,7,0.4210434312839882,1
183,464,F,50s,book,tablet,3,150.45,6,0.24588977675312548,0
481,270,F,20s,electronics,mobile,15,475.43,2,0.3181129805021996,0
146,221,F,40s,food,tablet,0,368.7,4,0.13133783755560297,1
831,152,F,10s,fashion,pc,15,379.02,2,0.1950478626722343,0
628,111,M,30s,book,pc,0,71.57,8,0.4447527680300215,0
113,183,F,50s,electronics,mobile,23,291.45,4,0.039593075005193795,0
763,399,F,20s,electronics,tablet,16,197.47,8,0.22760296170123112,0
476,339,F,50s,electronics,pc,4,368.42,7,0.49771711940778235,0
763,72,M,10s,food,tablet,15,82.76,2,0.1018982248434781,0
303,418,M,10s,electronics,pc,2,144.55,9,0.018232289778079842,0
971,386,F,50s,sports,pc,9,449.79,6,0.08588685266477937,0
825,283,M,50s,fashion,tablet,17,89.04,5,0.064050743664475,0
118,74,M,50s,electronics,tablet,20,318.04,3,0.08762287018600115,0
813,355,F,30s,food,tablet,17,161.0,9,0.24610418133976114,0
161,215,F,40s,fashion,pc,16,45.53,8,0.07059496087323364,0
401,497,F,20s,fashion,tablet,10,115.72,9,0.14008182981216435,1
198,328,M,20s,book,mobile,8,435.36,8,0.19377788233028526,0
260,476,M,20s,electronics,tablet,10,455.72,4,0.07902091768896864,0
660,23,F,50s,electronics,pc,8,212.82,5,0.11444105221669833,1
752,68,M,50s,food,tablet,16,312.35,10,0.1644833020511574,0
47,398,M,50s,sports,tablet,19,262.65,8,0.14563316282964744,0
987,447,M,30s,sports,tablet,4,143.45,7,0.14961378273216752,1
399,373,F,30s,book,mobile,11,175.67,7,0.1648194928274233,0
710,362,F,30s,sports,pc,17,265.78,6,0.3800814299828863,0
559,93,F,30s,food,mobile,15,349.2,5,0.07537046805483764,0
78,321,F,10s,book,mobile,8,178.18,5,0.24859347388474462,0
124,324,F,30s,electronics,pc,7,350.96,4,0.20573717865301655,0
75,384,M,30s,sports,pc,5,480.69,3,0.21816794374290613,0
871,63,M,30s,food,tablet,16,17.16,8,0.3910378373770236,0
137,224,M,20s,food,pc,13,86.1,5,0.4892925709588402,0
602,225,M,20s,electronics,tablet,20,458.55,4,0.14806242970626632,0
400,369,M,20s,food,mobile,23,40.43,3,0.14878591720239062,0
837,346,M,40s,book,tablet,13,383.7,4,0.2696719570199603,0
505,337,F,10s,book,pc,3,313.87,6,0.43243591851680774,0
500,103,F,50s,fashion,tablet,7,28.61,6,0.19575937423861173,0
573,215,M,30s,electronics,mobile,21,5.36,1,0.39872613422056236,0
138,192,F,20s,food,pc,16,253.49,7,0.11656388203259384,0
50,160,M,10s,sports,pc,0,63.09,2,0.079228672495091,0
771,372,M,30s,book,tablet,2,436.75,3,0.10027095491971906,0
973,207,F,40s,electronics,tablet,16,242.98,2,0.28453746990879053,1
619,269,F,50s,electronics,tablet,19,121.05,3,0.45770986056313956,0
625,194,M,30s,book,mobile,2,88.26,5,0.39251256619554153,0
862,380,F,50s,fashion,mobile,6,418.71,4,0.3143404946795951,0
254,403,M,30s,electronics,pc,10,360.78,13,0.326938880933599,1
630,152,M,40s,food,pc,14,360.39,7,0.38704783690586386,0
710,237,M,10s,sports,mobile,6,47.23,4,0.06767275774701795,0
849,88,M,50s,sports,tablet,4,314.14,3,0.06354771135963229,0
877,11,M,50s,book,tablet,16,435.39,4,0.10944063642348278,1
563,187,F,10s,electronics,mobile,4,384.12,5,0.23434573091403813,0
757,214,M,50s,sports,tablet,0,63.49,6,0.15659127959266106,0
915,15,F,20s,electronics,mobile,21,474.89,4,0.4032919554591181,0
426,266,M,10s,book,tablet,23,39.52,6,0.15110724425948702,0
547,297,F,40s,fashion,tablet,6,280.67,1,0.09166291501234901,0
302,411,M,30s,sports,pc,16,472.78,3,0.28768523373600596,0
922,444,F,30s,food,tablet,7,412.02,3,0.1817831066595546,0
581,73,M,10s,book,tablet,11,342.01,11,0.29944171421793175,0
349,52,M,20s,fashion,mobile,1,428.89,11,0.16646006409115102,0
832,128,F,40s,food,mobile,16,338.27,6,0.374597836016282,0
933,28,F,30s,food,mobile,21,32.2,3,0.09757840319818178,1
980,65,F,30s,sports,mobile,19,178.68,7,0.10163073451595223,1
49,17,F,20s,electronics,tablet,13,216.43,4,0.1536052151068661,0
917,351,F,50s,book,mobile,22,275.46,9,0.1546007845343035,0
74,428,F,10s,food,pc,2,118.67,5,0.07804357783047046,0
704,138,M,20s,sports,mobile,18,441.18,7,0.2605913152107764,0
261,319,M,20s,fashion,tablet,13,118.21,4,0.296364377623997,1
356,229,M,20s,food,pc,7,330.51,5,0.23556415048407914,0
582,254,F,20s,fashion,tablet,6,438.92,6,0.23817602568334562,0
602,477,F,50s,book,pc,4,367.74,3,0.2607451486913243,0
260,210,F,40s,sports,pc,2,72.33,3,0.20933105783343595,0
638,431,M,20s,fashion,pc,0,475.94,4,0.27243138406845724,0
743,294,F,20s,electronics,tablet,18,50.5,3,0.4459784400296117,0
295,231,M,10s,fashion,pc,14,104.03,2,0.13059399935054045,0
931,241,F,30s,fashion,tablet,0,73.93,3,0.18298273960337566,0
641,70,F,50s,sports,pc,4,335.12,7,0.025212633719776528,0
792,104,F,20s,sports,mobile,19,404.67,11,0.20320524368226098,0
313,204,M,40s,food,mobile,10,122.82,4,0.05350994916871907,0
612,53,F,40s,fashion,pc,13,489.73,1,0.26398879989859025,0
838,462,M,40s,fashion,pc,21,73.93,4,0.3810960059287795,0
809,428,F,10s,sports,mobile,17,161.35,6,0.09617656462769932,1
182,375,F,40s,electronics,mobile,19,247.7,3,0.2159712512250846,0
686,330,F,10s,sports,tablet,8,405.38,5,0.33904724755881654,0
828,54,F,50s,electronics,mobile,14,191.39,4,0.06239864413281857,0
364,276,M,40s,sports,tablet,10,94.05,10,0.12896942869101236,0
188,335,F,30s,book,pc,4,235.14,4,0.23053318818376198,1
569,31,M,20s,fashion,tablet,14,240.87,7,0.025023880469929684,0
543,135,F,50s,electronics,pc,23,13.02,5,0.049317881659049496,0
596,58,F,30s,book,tablet,1,15.34,6,0.1739219052790665,0
664,105,F,50s,electronics,tablet,11,142.43,3,0.2675701068810299,0
985,266,M,40s,food,tablet,22,371.9,6,0.19177665924198728,0
548,10,F,50s,food,pc,6,186.17,6,0.03960897155722633,0
725,496,M,50s,fashion,pc,1,109.55,5,0.18379791443297316,0
926,253,M,50s,book,tablet,7,60.92,7,0.17789882196988646,1
408,295,F,10s,book,pc,8,143.86,6,0.21069296896486908,1
876,156,M,30s,food,tablet,4,243.31,7,0.11390410485115025,1
618,158,F,40s,fashion,pc,14,51.22,8,0.15678027014207843,1
414,37,M,20s,food,tablet,18,12.39,3,0.2107809514513407,0
342,119,M,40s,book,mobile,18,68.02,6,0.05633585557662048,0
220,67,M,40s,electronics,mobile,12,370.3,0,0.10825385135350607,1
903,242,M,10s,book,tablet,12,235.82,4,0.16225705157927314,0
163,299,F,10s,fashion,pc,5,225.36,7,0.1542078231583237,1
951,463,M,50s,book,tablet,0,14.78,3,0.06971683984007063,0
220,213,F,40s,sports,mobile,9,356.92,3,0.36433113861037947,1
270,308,M,30s,book,mobile,5,104.94,7,0.061227510128719714,1
632,101,F,10s,sports,tablet,2,49.98,4,0.20213364046106655,0
906,56,F,10s,food,mobile,12,421.81,3,0.08266755755097717,0
848,332,M,30s,sports,tablet,18,245.38,3,0.37371665407520227,1
400,324,M,10s,book,mobile,9,375.72,3,0.4572532275284465,0
182,239,F,30s,book,pc,12,411.83,7,0.3788123768500262,0
991,393,M,20s,book,pc,6,482.49,5,0.1992964669079273,0
618,231,M,30s,fashion,pc,14,313.73,5,0.12230887297573093,1
729,362,M,20s,food,tablet,22,38.8,8,0.18414001745824357,0
205,381,M,50s,sports,tablet,3,281.06,6,0.4056946320484032,0
582,92,M,50s,electronics,pc,10,257.21,4,0.12256124490752421,1
556,279,M,10s,sports,pc,7,33.49,6,0.3442263955273251,0
841,447,M,30s,book,pc,1,156.62,6,0.09602699672824155,0
813,109,M,10s,electronics,mobile,0,209.03,7,0.1905297472621842,1
228,317,M,30s,electronics,pc,0,84.68,7,0.08922383391806425,0
696,168,F,10s,sports,mobile,15,9.34,7,0.18976909672048317,0
619,300,M,50s,sports,pc,17,379.7,8,0.18481380210740816,0
596,470,M,50s,sports,tablet,10,426.56,4,0.1197839583020407,0
850,408,M,10s,sports,pc,21,118.41,4,0.043645585269735575,0
250,435,M,30s,food,mobile,7,6.88,7,0.23749509378157296,1
875,442,M,40s,fashion,pc,18,445.52,4,0.1517943910069357,0
441,218,F,30s,fashion,mobile,11,71.31,5,0.2132402413820721,0
533,222,F,10s,sports,pc,5,204.6,0,0.3257210714599778,0
196,161,M,30s,fashion,mobile,23,186.15,5,0.21042917614350395,0
690,16,F,20s,sports,mobile,15,86.31,6,0.06939586528365065,0
929,278,M,30s,sports,pc,7,301.41,7,0.20291130894362566,0
987,497,M,50s,sports,pc,6,459.68,6,0.30098564588234566,0
519,57,F,50s,food,tablet,19,259.29,6,0.20814258263897414,0
70,62,F,20s,book,tablet,2,486.59,4,0.4808866262894333,0
639,498,F,30s,fashion,tablet,22,99.43,2,0.25223640753200294,0
399,363,F,40s,fashion,mobile,0,425.01,5,0.3407856881858466,0
978,466,F,30s,food,mobile,22,132.17,5,0.22574970395683816,0
672,327,M,50s,food,tablet,5,129.02,4,0.2925126004230847,0
760,242,M,50s,sports,tablet,2,63.26,4,0.23117578249357693,0
203,90,M,10s,sports,pc,18,432.5,5,0.07670714197494935,0
148,72,F,50s,book,tablet,1,363.9,6,0.491837991652763,0
472,326,M,10s,fashion,mobile,16,174.12,2,0.2872658196787792,0
655,30,F,50s,food,pc,15,177.96,4,0.12801616297211663,0
944,359,M,50s,book,tablet,20,423.17,5,0.26725733803092555,0
199,407,F,40s,fashion,tablet,6,464.15,6,0.12043213336195961,0
917,288,F,10s,book,tablet,22,303.2,5,0.10968624710541316,0
426,86,M,10s,book,pc,5,206.39,2,0.022194914257105625,0
666,234,M,50s,sports,pc,10,31.31,7,0.07427532112446053,0
492,235,M,10s,book,pc,14,67.65,7,0.1455242433691239,0
888,313,M,50s,sports,tablet,21,75.18,7,0.30356096548259376,0
896,365,F,50s,fashion,pc,10,142.02,4,0.10649769990484911,0
142,265,M,30s,fashion,pc,6,132.23,5,0.2847119064212745,0
313,287,F,10s,sports,pc,14,273.73,2,0.1314487689490305,0
165,327,M,20s,electronics,pc,15,472.33,7,0.17648733420304766,1
314,393,M,10s,book,mobile,7,431.52,3,0.03788899944989261,0
21,269,M,10s,fashion,tablet,4,257.04,2,0.36491847986722253,1
82,186,M,40s,book,pc,16,13.56,5,0.13091327468591274,1
581,131,M,20s,electronics,mobile,22,38.86,5,0.061671770428019614,1
131,291,F,20s,book,mobile,1,430.87,2,0.11698469217172838,0
599,481,M,40s,electronics,tablet,20,145.4,5,0.020579949862046268,0
730,277,F,40s,food,tablet,6,162.45,7,0.39045902734089605,0
933,320,M,10s,electronics,pc,22,74.19,4,0.3004151894950374,0
984,351,F,30s,fashion,tablet,20,115.44,6,0.3727038424885998,0
305,180,M,40s,sports,tablet,5,127.36,7,0.2595489201991007,0
915,290,M,20s,sports,tablet,11,208.99,4,0.039282035905900105,0
371,480,M,20s,book,tablet,15,313.46,4,0.1990414386044629,0
857,377,F,10s,food,pc,10,179.81,4,0.4686846907862354,0
853,163,F,30s,book,mobile,21,227.68,4,0.14777095868680426,0
384,271,M,50s,electronics,tablet,16,95.04,6,0.11875427405786779,0
908,376,M,40s,sports,mobile,9,32.91,8,0.2241952559660863,0
445,96,M,40s,electronics,mobile,22,177.38,6,0.3952563843262394,0
425,262,F,10s,sports,mobile,15,35.93,8,0.3975160188959786,0
161,365,M,30s,sports,tablet,15,153.36,5,0.1835832387399411,0
178,469,F,20s,sports,tablet,14,419.61,4,0.19936169666551726,0
629,353,M,20s,fashion,pc,14,186.63,5,0.39206450399097326,1
708,288,F,50s,electronics,tablet,22,100.66,3,0.35890294683569207,0
895,436,F,20s,book,tablet,19,451.52,6,0.173688173207618,0
490,83,F,40s,food,tablet,3,321.48,7,0.23059496221645692,0
327,225,M,50s,book,mobile,21,494.18,2,0.5311500455579791,0
598,412,F,30s,electronics,pc,2,153.62,3,0.17388394820714842,0
289,223,M,50s,food,mobile,13,104.18,4,0.057590636709774226,0
593,469,F,30s,book,pc,9,152.48,2,0.16392653596074752,0
664,118,M,20s,food,tablet,5,407.18,5,0.19385836180314742,0
573,482,F,10s,electronics,tablet,10,80.01,1,0.305148704165804,0
573,192,F,50s,sports,mobile,3,124.33,3,0.22600665981665638,0
354,79,M,50s,electronics,mobile,9,352.31,2,0.16941082936119012,0
28,78,M,40s,fashion,mobile,15,370.31,6,0.23849820104321948,0
954,147,F,40s,food,pc,23,479.63,3,0.29585532955638594,1
43,107,F,30s,electronics,mobile,20,490.18,3,0.48431650185119224,0
681,382,M,10s,sports,tablet,7,333.45,7,0.42722545675169804,0
423,271,F,40s,sports,pc,8,184.58,9,0.1040453194087136,0
598,390,F,40s,electronics,pc,3,229.24,2,0.19830382912099995,0
177,244,M,20s,book,tablet,16,222.44,4,0.26364114973914754,0
529,73,M,20s,electronics,mobile,9,196.75,5,0.29128209670265043,0
610,357,M,40s,sports,mobile,22,172.43,7,0.1618723650174218,1
966,468,F,30s,electronics,tablet,12,88.11,5,0.16332034720928088,1
494,354,F,10s,fashion,tablet,22,186.25,5,0.10737123577386493,0
198,422,F,40s,book,tablet,20,484.77,4,0.09302775637466743,0
610,26,M,30s,electronics,tablet,20,441.67,3,0.23935117065861186,0
577,210,F,30s,sports,pc,16,310.58,8,0.021465027271428162,1
842,92,M,40s,electronics,pc,18,100.44,6,0.36511913559678466,0
853,125,M,30s,electronics,mobile,16,439.94,10,0.2581392545906195,1
517,435,F,50s,food,pc,22,159.37,8,0.12083557131889203,0
514,73,M,30s,electronics,pc,20,275.13,4,0.11538828154122847,0
22,480,F,40s,fashion,pc,3,456.34,4,0.16234178531724913,0
112,123,M,30s,sports,tablet,22,170.67,6,0.10279622482359474,1
57,309,M,40s,food,pc,5,457.1,7,0.09147693153636136,0
66,184,M,20s,electronics,mobile,13,121.39,5,0.027686051958089573,0
842,187,F,40s,book,pc,8,464.71,4,0.27429547765138884,0
98,198,M,30s,fashion,tablet,5,182.54,8,0.11858018032449057,0
144,78,F,40s,fashion,pc,9,190.43,8,0.3469661032262918,0
880,348,M,10s,fashion,mobile,5,278.74,8,0.18122829622879016,0
435,186,M,40s,food,pc,8,176.78,9,0.22332701522442602,0
637,344,M,40s,electronics,mobile,12,227.74,5,0.16682069521454385,0
679,253,F,10s,fashion,tablet,15,253.16,2,0.3234127926845946,0
86,13,F,10s,electronics,mobile,15,248.05,5,0.11280146825716647,0
588,299,F,10s,book,mobile,18,480.75,2,0.22243896105065808,0
344,76,F,50s,electronics,tablet,4,144.49,8,0.2779804082283542,0
936,51,F,40s,electronics,mobile,10,145.87,2,0.34675117658628235,1
294,275,M,10s,electronics,pc,20,419.77,6,0.16366981728160762,0
956,149,M,10s,sports,pc,14,199.04,1,0.3902271666320875,0
571,219,F,20s,food,mobile,7,41.23,11,0.08197450783806605,1
650,122,F,50s,electronics,pc,14,243.22,4,0.199426261156497,0
611,211,F,40s,fashion,pc,10,277.36,6,0.08310220600123239,0
704,280,F,30s,sports,tablet,12,310.76,4,0.2173412618126781,0
243,26,M,50s,electronics,mobile,22,121.37,10,0.42037254115968836,0
831,173,F,50s,sports,pc,1,486.76,5,0.6084487758052515,0
561,156,F,20s,food,mobile,1,369.82,2,0.12009709454319858,0
960,238,F,40s,sports,mobile,22,361.47,1,0.02480656429847561,0
32,376,F,40s,fashion,pc,11,437.07,7,0.43325096942141295,0
391,82,M,10s,electronics,tablet,19,17.93,3,0.2331261655072816,0
277,492,M,10s,fashion,tablet,21,308.51,6,0.15849886069367536,0
532,356,F,50s,book,mobile,8,409.83,6,0.24230746420583732,0
154,490,M,20s,sports,tablet,19,22.02,6,0.2431673953009581,0
383,413,M,40s,sports,pc,14,379.29,5,0.19667211940511112,0
68,273,F,20s,sports,pc,6,494.9,8,0.25266013503728346,0
878,68,F,30s,food,tablet,13,298.74,4,0.16903858472806418,0
884,44,M,40s,fashion,tablet,16,215.22,4,0.23318621430808487,0
214,493,M,10s,book,mobile,1,229.54,4,0.24558671278461391,0
655,61,M,50s,food,tablet,8,341.34,6,0.05287041547718054,0
376,123,M,20s,food,mobile,12,287.13,6,0.13344231928489178,1
744,349,M,10s,electronics,pc,4,394.85,11,0.09237766285309869,0
213,196,F,50s,book,tablet,3,213.71,7,0.21499115808432395,1
79,330,M,10s,sports,mobile,22,211.58,2,0.07073535391362604,0
726,409,M,40s,sports,mobile,20,374.25,4,0.019570376386407073,0
628,479,M,20s,electronics,mobile,0,324.53,9,0.16145311400430598,1
604,323,M,30s,sports,mobile,8,390.16,2,0.22896434878024727,1
782,111,M,10s,fashion,pc,23,444.15,5,0.3634506722616987,0
923,258,M,20s,sports,tablet,15,135.39,6,0.02673785536355978,0
381,89,M,40s,fashion,mobile,18,160.94,8,0.27355595252306797,0
680,433,M,10s,electronics,tablet,2,265.84,6,0.23864381198176776,0
58,198,F,40s,electronics,tablet,2,465.57,4,0.06827681850113106,1
796,282,F,30s,fashion,pc,6,418.17,4,0.15356376956009676,0
26,200,M,30s,sports,tablet,17,236.88,2,0.1755826403149569,1
881,99,F,50s,electronics,pc,19,288.69,5,0.1552090685312717,0
447,27,F,50s,electronics,pc,6,357.59,5,0.019585281058668753,0
66,89,F,50s,fashion,mobile,23,263.73,11,0.2059748337429771,0
921,146,F,40s,electronics,pc,15,53.73,5,0.026627016777066213,1
760,182,F,50s,sports,mobile,20,179.6,3,0.15147993803888263,1
254,257,F,20s,electronics,pc,23,28.57,6,0.2973723964294771,1
899,189,M,40s,fashion,pc,3,336.58,6,0.2896233913792917,0
968,240,M,40s,sports,tablet,12,171.88,2,0.23020573364679087,0
44,359,F,50s,book,mobile,9,370.49,2,0.24880327258479512,1
97,387,M,50s,fashion,tablet,1,217.71,4,0.27361446333871714,0
554,196,F,40s,book,pc,18,27.57,8,0.11571072879934083,1
227,297,M,30s,electronics,mobile,13,192.91,3,0.24216406485660852,0
774,165,M,30s,sports,pc,5,113.25,5,0.2438162243562288,0
679,307,M,50s,electronics,pc,12,111.07,6,0.1262525667350272,0
436,271,F,30s,sports,tablet,21,191.92,7,0.16427401312857717,0
791,8,M,20s,food,mobile,11,489.27,4,0.11099116873637266,0
601,38,M,20s,electronics,mobile,11,480.23,6,0.15243990465872878,1
379,114,F,20s,electronics,mobile,22,402.71,8,0.273473513265492,0
178,339,F,40s,electronics,pc,11,126.51,3,0.24237257901204676,0
427,56,M,40s,fashion,mobile,10,383.14,1,0.13538252930992262,0
915,431,F,40s,sports,pc,13,12.6,4,0.28912744346023156,0
709,474,M,40s,sports,pc,3,32.89,5,0.28235045430264044,0
307,359,M,40s,sports,pc,12,418.69,4,0.21354410962661632,0
779,138,F,50s,fashion,mobile,7,284.3,6,0.1594436563859042,0
504,102,F,30s,sports,tablet,23,189.79,5,0.11742827772686416,0
268,334,M,50s,electronics,pc,22,371.53,5,0.2085068935231745,0
586,177,F,30s,book,tablet,2,61.61,10,0.17996090427129346,0
8,169,M,50s,food,mobile,13,146.91,9,0.311035533229444,0
920,339,F,20s,sports,mobile,18,365.17,5,0.18691657857652533,0
508,286,F,10s,fashion,mobile,17,107.55,8,0.2222421731124367,0
476,261,F,40s,fashion,mobile,10,302.32,7,0.228372077389693,0
297,375,F,10s,sports,mobile,12,226.59,2,0.29763787131324776,0
164,223,F,10s,book,tablet,22,105.17,8,0.40837044866129385,0
485,199,M,20s,sports,mobile,5,444.75,5,0.20750736501976255,0
597,211,M,10s,fashion,mobile,22,220.59,5,0.16859412909181204,0
72,287,M,10s,food,mobile,17,301.43,8,0.05141879770625913,0
567,180,F,20s,book,mobile,19,130.25,4,0.1239416915125906,0
905,250,M,30s,sports,mobile,0,176.67,3,0.20833930896123606,0
559,231,M,50s,food,pc,1,29.25,5,0.07830875735215231,0
911,472,F,10s,sports,pc,6,244.19,1,0.25938565526179375,0
944,482,F,40s,book,tablet,4,175.7,6,0.21536881421832282,0
238,23,F,20s,fashion,mobile,18,168.05,6,0.18428722014426704,1
104,48,M,10s,book,tablet,1,445.52,7,0.2667022151331532,0
210,109,M,30s,electronics,tablet,2,353.42,3,0.35720939577118643,0
554,296,F,30s,sports,mobile,19,231.36,2,0.15597996566180988,0
828,6,M,40s,food,mobile,9,101.7,7,0.26842234062543896,0
468,38,M,10s,food,pc,9,486.76,3,0.04925665519923591,0
454,169,F,40s,book,mobile,20,42.01,9,0.40437090305271006,0
268,356,M,30s,book,pc,7,72.37,5,0.1326917425154487,0
386,283,F,30s,book,tablet,8,138.81,4,0.21677970430756083,0
775,203,M,50s,food,tablet,1,477.49,7,0.17956117776819672,0
848,325,F,30s,fashion,pc,2,143.05,6,0.1030427650738596,0
387,313,M,20s,food,pc,15,248.26,8,0.1737641154021208,0
877,273,M,50s,fashion,mobile,3,381.78,4,0.09263707420937521,0
259,244,F,40s,book,pc,22,464.95,2,0.2538668071540104,0
283,327,F,30s,electronics,pc,5,304.52,3,0.11096065514294876,1
626,475,F,20s,food,mobile,12,195.22,3,0.06279667426758846,0
875,47,F,50s,book,tablet,5,492.83,6,0.2949599085776647,0
40,249,M,20s,food,pc,9,17.95,6,0.3293163996469071,0
486,79,F,50s,book,mobile,22,416.93,8,0.2663639981961035,0
929,110,F,50s,food,mobile,16,142.33,5,0.2591513146966529,0
220,13,F,50s,sports,pc,7,409.64,5,0.11539529046522363,0
129,395,F,40s,food,tablet,8,85.27,7,0.14726823973912667,0
520,380,F,50s,sports,mobile,1,176.68,5,0.588429138242218,1
613,365,M,50s,fashion,pc,16,32.71,6,0.26820093853783494,0
928,90,F,20s,food,tablet,19,103.81,9,0.49240225631581036,0
892,342,F,50s,fashion,pc,10,303.38,7,0.07850071269989857,0
688,348,F,40s,electronics,mobile,17,381.94,4,0.18409125904480755,0
619,280,M,20s,sports,mobile,21,456.06,6,0.28975950391097455,0
613,221,M,50s,food,mobile,2,64.24,3,0.020773655121842642,0
260,73,M,20s,fashion,pc,8,74.58,7,0.4372036802220595,1
990,234,F,40s,book,mobile,7,469.69,2,0.2657076961208654,0
966,260,F,20s,fashion,pc,6,384.16,3,0.08550942386628853,0
366,113,M,40s,food,tablet,6,272.18,6,0.428029121764454,1
758,46,M,30s,electronics,tablet,22,240.98,3,0.1171689312381578,0
787,274,F,50s,sports,tablet,20,83.07,3,0.37295459609488835,0
544,43,F,40s,book,tablet,7,192.75,7,0.2723918546877071,0
649,208,F,50s,fashion,mobile,19,189.44,2,0.3541986416491324,0
524,417,M,40s,food,mobile,4,325.93,2,0.1594102467316613,0
907,349,F,10s,food,pc,2,301.46,4,0.28161343776608866,0
814,103,F,10s,sports,tablet,18,34.56,5,0.15841354923055265,0
887,124,M,10s,book,tablet,1,425.0,5,0.09517450776593236,0
16,10,M,40s,fashion,pc,13,469.09,3,0.3376968833297195,0
129,329,M,50s,fashion,pc,20,391.2,5,0.045296635973184764,0
575,187,F,10s,fashion,pc,1,93.3,3,0.12484505319041952,0
109,31,M,50s,sports,pc,9,90.22,6,0.1671784150736123,0
887,156,M,40s,sports,tablet,19,364.43,5,0.10208930815792804,0
533,60,F,50s,book,mobile,9,223.23,6,0.4532902127463581,0
670,249,F,50s,fashion,tablet,16,390.51,1,0.32139856301395114,1
269,387,M,10s,fashion,pc,1,42.36,5,0.4547249513531236,1
162,374,F,20s,book,mobile,0,359.64,4,0.11094755994256085,0
260,439,M,30s,book,tablet,17,214.93,3,0.5489056261690519,0
924,270,F,40s,book,pc,3,20.34,1,0.23968096467832983,0
102,442,F,40s,food,mobile,0,274.85,6,0.03241124673902289,0
506,217,M,40s,book,mobile,21,351.02,6,0.09609727079277555,1
735,399,M,30s,electronics,pc,16,266.48,13,0.15978374440712625,0
571,2,M,20s,sports,mobile,2,65.83,6,0.0831960339848635,0
247,24,F,50s,book,tablet,1,408.88,10,0.3632557979551837,0
640,206,M,40s,food,tablet,17,161.96,5,0.34597414999977644,1
795,320,F,50s,electronics,tablet,3,461.12,3,0.39069866366320133,0
837,496,F,10s,food,mobile,2,453.9,5,0.17213901820433594,0
537,199,M,10s,food,mobile,11,104.18,3,0.1536202046717517,0
131,356,F,10s,food,pc,21,240.8,2,0.39155046254909837,0
353,114,F,40s,food,pc,15,73.0,5,0.08020714037761915,0
196,280,M,30s,fashion,mobile,10,340.48,9,0.24031467215542304,1
793,155,F,40s,sports,tablet,9,426.7,3,0.040247568880068224,0
916,165,F,10s,fashion,mobile,18,325.94,1,0.28200690846896576,0
930,486,M,10s,electronics,tablet,9,133.94,4,0.44704459650582784,0
666,222,M,40s,fashion,pc,20,42.78,7,0.1550168752382201,1
382,91,F,30s,electronics,mobile,2,39.28,2,0.19993851004533644,1
645,167,F,30s,book,mobile,23,307.41,6,0.2605946856370916,1
227,447,F,50s,electronics,mobile,5,476.9,6,0.2293610402471137,0
701,207,F,20s,fashion,tablet,13,349.16,2,0.25012285205815626,1
476,282,M,10s,fashion,pc,11,366.66,8,0.21723900956863731,0
477,65,F,30s,electronics,tablet,7,168.0,2,0.08882539950444442,0
265,376,F,10s,fashion,pc,1,295.09,4,0.14291707055123337,0
372,4,F,20s,electronics,tablet,8,161.72,4,0.5384107867697694,0
486,157,F,10s,food,pc,13,451.32,7,0.0990581009694309,0
434,249,M,30s,sports,tablet,0,70.59,5,0.49566646053700586,0
646,257,F,50s,electronics,mobile,2,317.85,9,0.38834781982727634,0
211,235,M,40s,food,tablet,19,366.77,8,0.33743115568005444,0
572,306,M,40s,food,mobile,5,350.75,8,0.532455792402582,0
940,366,M,30s,food,mobile,19,132.37,4,0.3967891533596658,1
377,470,M,30s,food,mobile,12,245.59,5,0.05686864595634424,0
395,395,M,20s,electronics,tablet,10,333.36,7,0.12049586916402336,0
450,74,F,10s,fashion,mobile,14,465.82,4,0.13472396740941592,0
943,187,M,20s,food,tablet,17,252.33,8,0.23973005687933263,0
364,62,M,40s,book,pc,18,153.75,5,0.2934260370700046,0
876,337,M,10s,food,tablet,18,196.33,5,0.08424975784686906,0
457,164,F,20s,fashion,tablet,5,272.95,6,0.21067917334433228,0
725,56,M,40s,fashion,tablet,14,488.3,6,0.20176822738862962,0
728,111,F,10s,sports,pc,20,316.02,1,0.01976224210677947,0
226,218,M,50s,sports,pc,13,81.59,13,0.4070876486442408,0
982,240,M,50s,food,pc,4,422.36,1,0.11537170504148153,0
131,21,F,20s,food,mobile,10,94.82,5,0.1695416199831091,0
588,141,F,30s,sports,tablet,19,24.18,3,0.1717314312576261,0
476,265,F,10s,food,tablet,12,54.6,6,0.14378097264373418,0
798,139,M,20s,book,mobile,12,394.13,2,0.2725367857348587,0
986,459,F,30s,electronics,mobile,3,451.44,3,0.20675290705036664,0
277,70,F,30s,sports,tablet,8,137.76,4,0.30382144167098557,1
156,385,F,10s,sports,mobile,22,251.56,4,0.05637591744041412,0
760,118,F,10s,fashion,mobile,12,300.63,4,0.14346325972570081,0
218,198,F,30s,food,pc,7,212.25,5,0.26207164579532605,0
190,205,M,40s,sports,mobile,19,37.34,12,0.2453196205526748,0
417,214,F,20s,sports,mobile,10,33.04,7,0.12256552779442459,0
981,56,M,10s,book,tablet,18,222.97,3,0.20546939985612953,0
675,287,F,30s,food,mobile,0,399.94,4,0.15837367872113564,0
692,470,F,40s,electronics,mobile,8,46.89,3,0.19982177814521357,0
546,293,M,50s,book,mobile,1,106.81,6,0.2856926090046188,1
41,175,M,30s,electronics,pc,3,138.54,3,0.1014652151696016,1
307,347,M,40s,fashion,tablet,3,281.77,4,0.299345451290498,0
943,370,M,50s,sports,pc,0,26.38,5,0.2950799575127084,0
338,500,F,40s,book,mobile,17,430.72,7,0.11272644055474682,0
314,462,M,10s,electronics,tablet,13,238.01,4,0.06495382934901596,0
75,128,F,30s,food,tablet,12,245.19,4,0.3616957139574896,0
953,431,F,50s,fashion,mobile,7,166.63,7,0.13022235932014373,0
279,378,F,40s,fashion,pc,5,109.94,6,0.11168144683235773,0
176,325,M,50s,sports,mobile,16,185.02,3,0.17404734244551873,0
896,442,M,20s,sports,pc,22,457.13,5,0.2899249396619003,0
662,292,M,30s,electronics,mobile,10,51.64,8,0.4164889418547779,0
273,288,F,10s,electronics,tablet,14,35.06,8,0.15571539679674617,0
837,226,M,50s,fashion,tablet,6,61.65,6,0.29351724850943395,0
620,64,M,40s,electronics,pc,21,389.6,6,0.1898312739556988,1
651,455,F,50s,sports,mobile,7,28.97,6,0.33275741257722724,0
862,426,M,40s,fashion,pc,10,169.92,4,0.09641168426488714,1
783,48,F,50s,fashion,tablet,20,215.31,8,0.39388582028124297,0
859,202,M,10s,food,tablet,1,256.02,2,0.45390790714427787,0
931,498,M,10s,food,pc,19,6.58,7,0.1587056183357727,0
289,337,M,30s,electronics,pc,10,245.95,5,0.0629972678001066,0
724,414,M,10s,electronics,pc,13,101.49,8,0.30128793590441955,0
893,405,M,50s,sports,pc,23,53.45,5,0.17059065381833696,0
272,60,F,50s,sports,pc,12,268.98,4,0.061856328757856,0
930,397,M,10s,food,mobile,7,373.35,7,0.2264699480871579,0
66,257,M,20s,fashion,pc,11,467.7,7,0.16198464807770768,0
483,65,M,50s,book,pc,20,456.77,7,0.06144167236019615,0
936,239,M,30s,book,tablet,21,202.5,7,0.05163067838924619,0
248,289,M,20s,electronics,tablet,8,353.51,4,0.20680599908095534,0
156,38,M,10s,book,mobile,9,349.33,4,0.3283132937743978,0
47,25,M,40s,book,pc,10,208.99,8,0.09065343205369492,0
935,410,F,50s,food,pc,10,53.61,2,0.12825165917744355,0
454,461,F,40s,fashion,tablet,15,194.09,11,0.05920930291976957,0
201,59,M,30s,sports,tablet,17,496.22,2,0.31410098991794505,0
660,476,F,20s,food,tablet,20,279.74,4,0.1468854115486735,0
124,417,M,40s,sports,pc,8,173.99,5,0.04642277267031878,1
1,357,F,30s,food,pc,2,373.19,4,0.18848708826052135,0
968,383,M,40s,food,mobile,21,344.73,4,0.39997965693934856,1
759,297,M,40s,book,tablet,3,291.51,5,0.2731751533711964,0
855,158,F,30s,sports,tablet,19,320.53,5,0.2751952679635056,0
640,57,M,50s,food,tablet,18,294.54,3,0.06702745808059435,0
191,433,F,40s,book,tablet,9,478.36,5,0.19638087961429798,0
579,48,M,30s,electronics,tablet,12,257.02,4,0.03142138283443932,0
516,328,M,40s,sports,pc,0,297.14,6,0.03512350547109728,0
442,433,M,50s,food,pc,11,238.47,3,0.12414817393344205,0
921,431,M,30s,electronics,tablet,10,302.11,1,0.09258999249267236,0
815,56,F,40s,book,tablet,23,445.96,2,0.12679041799820312,0
806,65,M,10s,food,pc,4,173.18,7,0.3253890143241021,0
143,268,F,50s,book,pc,1,250.47,7,0.45199939188280025,0
191,69,F,40s,book,mobile,16,227.06,3,0.4893848327136713,0
533,216,M,20s,book,pc,16,202.0,4,0.2185752563500744,0
227,390,M,30s,sports,mobile,19,411.41,6,0.24127729870101486,0
313,89,F,40s,electronics,tablet,14,119.81,4,0.10206203556882996,0
629,449,F,50s,electronics,tablet,3,252.46,7,0.4060131869686778,1
949,281,M,50s,fashion,tablet,21,462.69,7,0.12046297544815181,0
302,257,F,20s,food,pc,10,84.82,5,0.6678143059771863,0
654,160,F,20s,book,pc,22,7.3,4,0.05505718968924897,1
996,490,F,40s,food,tablet,0,136.29,8,0.1760742151130906,1
460,234,M,10s,electronics,tablet,9,461.54,4,0.24196788156631882,0
401,131,F,50s,electronics,mobile,17,48.37,7,0.15454577741389577,1
551,49,F,10s,book,pc,14,72.85,5,0.14014294677744735,1
393,147,F,10s,sports,pc,18,163.57,8,0.07589940291176807,0
867,316,F,40s,book,mobile,3,386.0,6,0.11677290135878259,0
764,491,M,30s,book,tablet,5,376.88,4,0.09312989635752164,1
845,413,M,30s,fashion,tablet,1,48.1,5,0.11999528643458471,0
207,434,F,30s,sports,pc,12,467.25,6,0.1845194479257174,0
210,2,F,20s,food,pc,1,123.22,5,0.15052368710451075,0
115,329,F,50s,sports,tablet,12,143.92,8,0.2030969742578538,0
737,440,M,20s,book,mobile,14,196.28,3,0.045835707752930485,0
646,145,M,50s,book,mobile,17,319.07,8,0.16881689550697898,0
251,444,F,50s,book,mobile,10,263.05,5,0.03479462079615338,0
219,366,F,50s,book,pc,4,464.66,8,0.4234360292261842,0
407,420,M,40s,book,mobile,13,284.49,3,0.29590847608411014,0
443,61,F,30s,sports,pc,21,429.23,10,0.26004419432894144,0
603,273,F,20s,book,pc,15,43.71,7,0.21564048491987448,1
354,49,M,20s,electronics,tablet,13,428.67,4,0.03836607072280586,0
888,332,M,40s,electronics,tablet,8,102.87,3,0.41924057042659096,1
558,444,M,50s,fashion,mobile,5,184.46,6,0.36857783741672273,0
550,404,M,30s,food,mobile,8,163.34,3,0.31704103094125846,0
142,434,M,10s,electronics,pc,4,171.95,1,0.3611895104341376,1
612,131,F,10s,fashion,tablet,10,459.75,5,0.042620507345315715,0
501,43,M,40s,sports,tablet,11,223.59,7,0.21519355698092058,1
840,57,M,30s,food,pc,16,137.64,4,0.331563683575017,0
702,50,M,10s,book,mobile,5,150.73,7,0.0236513435722969,0
547,452,M,10s,book,mobile,19,402.65,4,0.1633879758206353,0
659,465,M,20s,sports,pc,5,271.86,6,0.08475224918005364,0
542,178,M,30s,food,tablet,14,227.5,5,0.16158160602398264,0
846,293,F,10s,electronics,pc,16,463.77,5,0.1888153787456389,0
507,46,M,20s,food,pc,21,465.35,4,0.14265023984860284,0
596,170,F,30s,fashion,mobile,2,379.28,8,0.3670527907467538,0
881,271,F,50s,sports,tablet,18,261.41,3,0.35283188061438614,1
281,417,M,30s,electronics,mobile,22,62.72,4,0.10776581226935618,0
424,336,M,40s,food,mobile,1,355.44,2,0.4173614116021936,0
856,139,F,20s,food,tablet,8,408.48,3,0.12522414651255895,0
270,247,F,50s,electronics,mobile,8,426.76,12,0.07464916689057344,0
154,148,F,20s,fashion,pc,6,293.02,2,0.1581649929033442,1
614,230,M,20s,fashion,pc,15,310.34,4,0.19375136690795666,0
727,280,F,10s,food,tablet,5,356.1,10,0.10238330802643504,0
662,125,M,30s,book,pc,8,437.59,6,0.07032207486800449,0
944,192,M,20s,electronics,pc,12,27.48,5,0.2756132261368834,0
83,374,F,20s,fashion,pc,1,283.79,6,0.2601575553163895,0
622,80,M,40s,fashion,pc,13,187.7,6,0.3347452058391243,0
947,94,M,40s,fashion,mobile,4,417.41,4,0.18689249116289502,0
899,226,F,40s,sports,pc,10,71.24,6,0.035320319504455605,0
426,65,F,20s,book,tablet,14,455.3,5,0.14755843735850235,0
275,88,M,50s,fashion,mobile,5,66.38,7,0.23732260282691983,0
713,88,F,30s,book,pc,5,49.22,6,0.3303165576106271,1
284,201,M,20s,food,pc,15,176.52,6,0.15283571526822234,1
980,214,F,10s,food,tablet,19,497.39,6,0.33228883672760945,0
173,204,F,50s,sports,mobile,3,318.73,8,0.23773342048003615,0
327,401,F,50s,book,pc,4,18.09,3,0.27009978503236637,0
718,382,F,30s,electronics,tablet,5,128.39,7,0.2812612820752381,0
63,89,M,50s,sports,mobile,12,78.84,7,0.10720708580854621,0
73,476,F,30s,fashion,mobile,13,5.5,4,0.1476852546104258,1
763,61,M,50s,food,pc,23,259.9,10,0.22330862111488173,0
636,271,M,30s,food,tablet,12,193.65,4,0.254794278872014,0
375,94,F,40s,electronics,tablet,9,308.57,8,0.015714919316106614,0
633,307,F,40s,sports,pc,16,112.1,4,0.09926024039769982,1
508,27,F,50s,book,pc,23,416.37,2,0.11734151750661583,0
787,214,F,50s,food,pc,17,194.67,6,0.1644865731924146,0
943,74,F,30s,fashion,tablet,6,244.04,7,0.14789780155777474,0
398,61,M,30s,electronics,mobile,3,367.58,2,0.28218408286554686,1
120,186,F,20s,electronics,pc,23,87.25,1,0.3847016687716839,0
934,31,M,40s,electronics,pc,21,134.86,6,0.14527932773794702,0
437,219,M,20s,fashion,mobile,20,81.6,6,0.11723302481962691,1
829,12,M,20s,electronics,mobile,15,385.2,6,0.15860685763548987,1
676,302,M,10s,book,tablet,9,53.27,5,0.7435715348238838,1
936,415,F,30s,book,pc,20,247.06,9,0.08971999435004062,0
465,32,F,10s,sports,tablet,19,376.21,8,0.13202928383742576,0
286,160,M,10s,sports,mobile,18,256.34,4,0.09769180340649615,0
265,489,M,20s,book,pc,2,256.8,8,0.23122876527334352,0
320,237,F,10s,fashion,tablet,18,36.52,3,0.13092073740806556,1
673,227,M,30s,sports,tablet,22,392.52,4,0.017710108326852204,0
376,181,F,20s,electronics,mobile,23,303.98,10,0.21092232253172924,0
820,317,M,30s,book,pc,12,335.42,4,0.4853092116657961,0
89,46,F,50s,food,tablet,7,384.07,2,0.06106176451736136,0
654,341,M,10s,fashion,tablet,17,282.51,4,0.059151895732577495,0
203,458,M,20s,fashion,mobile,18,256.77,2,0.11101807120752635,0
821,80,M,40s,book,pc,17,333.27,5,0.24676468766511853,0
739,135,F,30s,food,mobile,21,450.5,8,0.17391230952316367,0
955,260,F,10s,fashion,tablet,18,321.06,3,0.28276854162939186,0
334,475,F,30s,sports,pc,21,395.22,4,0.34920735389554,0
222,308,M,30s,food,mobile,3,242.73,8,0.16962399858710217,0
41,247,M,50s,electronics,pc,12,296.84,8,0.119164936029214,0
708,473,M,30s,sports,pc,11,94.17,5,0.2933114033024098,0
68,159,M,50s,food,pc,14,246.82,3,0.028677535960893293,0
988,203,M,50s,book,tablet,14,78.7,3,0.07540020750027758,0
776,112,M,50s,fashion,pc,9,236.18,5,0.293502253487286,0
514,468,F,10s,sports,mobile,21,37.15,7,0.08389830013869773,0
873,292,F,30s,book,pc,18,290.22,8,0.09733939732894875,0
637,438,F,30s,food,pc,20,146.93,3,0.1230267674714184,0
622,310,M,50s,electronics,tablet,7,421.61,2,0.3624717636177139,0
598,119,F,30s,fashion,mobile,18,191.25,4,0.2682895358475814,0
937,383,M,30s,fashion,pc,8,459.3,6,0.15253669672005957,1
632,17,M,50s,sports,tablet,6,239.08,8,0.09380758558730423,0
127,493,F,40s,book,tablet,7,425.19,3,0.0910351414310937,0
255,331,M,40s,food,pc,8,152.15,4,0.12222314084342384,0
695,414,M,50s,food,pc,16,228.54,4,0.31592335377578257,0
16,227,M,10s,book,pc,14,318.66,1,0.33883457790887456,0
477,361,M,30s,fashion,tablet,15,133.03,3,0.06908912579793901,1
62,486,M,30s,book,pc,6,330.38,5,0.2454320537289238,0
881,406,F,40s,food,tablet,9,147.86,6,0.20356880708866887,0
432,117,F,50s,book,mobile,18,244.72,4,0.08965771896967308,0
670,43,M,10s,fashion,pc,5,16.57,5,0.1668665553799369,0
268,368,M,50s,sports,mobile,11,43.7,3,0.21777560906490115,0
35,115,F,40s,fashion,mobile,14,117.42,1,0.13986888370729922,0
779,283,F,40s,electronics,mobile,9,404.21,6,0.13976502122108714,0
576,37,F,30s,electronics,tablet,23,331.89,7,0.027903294950978656,1
494,302,M,20s,book,tablet,17,447.26,6,0.47345673007857986,0
562,113,F,10s,fashion,tablet,3,452.83,7,0.07168118856581582,0
469,35,F,10s,fashion,tablet,10,190.46,6,0.49308197143520077,1
767,132,M,20s,food,mobile,4,186.93,4,0.13164871749097085,1
661,336,M,40s,sports,tablet,12,418.69,7,0.2924171833892466,0
325,336,F,50s,fashion,mobile,9,216.09,5,0.053664137647541514,0
304,469,M,10s,book,mobile,21,429.31,7,0.021439366395726602,0
276,410,F,20s,food,tablet,6,255.44,8,0.49227266795849367,0
869,377,F,30s,food,mobile,10,215.23,5,0.08416424566225945,0
963,228,M,30s,book,tablet,3,143.14,7,0.2660274069021264,0
684,147,M,40s,book,mobile,3,67.61,5,0.3459681206200451,1
929,122,F,10s,fashion,pc,4,265.32,3,0.20062406221404203,0
201,81,M,50s,fashion,tablet,8,165.99,8,0.26521707344764384,0
445,173,M,10s,food,mobile,0,128.47,2,0.20052262079647787,1
905,154,M,30s,food,tablet,15,88.98,4,0.31993034049405994,0
324,150,M,10s,sports,mobile,4,197.37,2,0.2607364200872571,0
35,375,M,30s,food,tablet,4,280.16,2,0.16164200922873637,0
977,58,M,20s,book,pc,6,419.33,4,0.2552545984064399,0
482,63,M,20s,book,pc,7,410.99,7,0.05699396544136143,0
728,156,F,30s,sports,tablet,18,428.26,3,0.21324030630803434,0
480,449,M,50s,electronics,tablet,0,290.24,7,0.10017775093434693,0
65,428,F,50s,electronics,mobile,17,281.98,7,0.4192513573490842,1
8,356,M,10s,book,mobile,21,453.05,5,0.1297826172342287,0
301,427,F,30s,electronics,tablet,10,147.83,5,0.11472270348833961,0
343,421,M,40s,electronics,pc,21,77.0,5,0.07177416752092504,0
431,322,F,50s,sports,pc,15,45.97,8,0.12455929407759272,0
424,401,M,50s,food,tablet,20,441.12,6,0.04954415969327227,0
332,168,F,20s,food,mobile,10,189.03,8,0.28924845175512165,1
438,166,M,50s,electronics,tablet,20,251.87,8,0.05151641775797943,1
588,85,M,50s,fashion,tablet,8,402.51,6,0.1437494525547304,0
174,445,F,50s,sports,pc,6,189.72,6,0.10167312918361542,0
559,137,F,30s,electronics,pc,21,434.64,3,0.06609164684979166,0
527,461,M,30s,fashion,mobile,14,164.24,5,0.32636829627662095,0
873,459,F,20s,fashion,mobile,10,367.53,8,0.15838590605473465,0
659,189,F,10s,sports,tablet,22,335.35,6,0.21277919536355952,1
26,464,M,50s,food,tablet,18,104.67,7,0.20318787963544924,0
820,400,F,10s,book,tablet,6,66.63,5,0.16592413619876292,1
605,379,M,30s,fashion,tablet,15,60.22,5,0.24485103493340488,0
406,2,F,50s,book,pc,2,327.2,3,0.005541263054142141,0
232,106,M,10s,book,mobile,15,11.41,7,0.14179741708201518,0
533,364,F,10s,sports,mobile,7,332.03,3,0.333804291533238,0
819,72,M,40s,food,mobile,9,392.07,8,0.21250378912221002,0
550,427,M,30s,sports,mobile,8,154.74,6,0.3392570382390812,0
788,126,F,20s,fashion,pc,2,374.12,3,0.17135061794155984,0
505,170,F,20s,food,tablet,6,86.87,3,0.2775286264845374,0
669,205,M,40s,electronics,mobile,7,480.44,6,0.11981061331580545,0
179,313,M,10s,food,mobile,2,119.87,5,0.22630646846247413,1
132,337,F,40s,sports,tablet,15,246.74,6,0.22453815181595121,1
823,487,F,40s,sports,pc,21,490.35,6,0.01531424245145659,1
455,472,F,30s,book,pc,13,454.03,5,0.09362584672499388,0
348,195,F,50s,electronics,mobile,6,331.44,3,0.24248569464893016,0
540,158,F,10s,food,mobile,3,187.75,4,0.07808220226321155,0
772,500,F,20s,electronics,mobile,5,351.54,5,0.14213109385503805,1
406,141,M,20s,book,pc,6,232.84,6,0.3282813371200704,0
76,275,F,40s,electronics,mobile,11,58.88,6,0.21426362473544638,0
941,7,F,40s,electronics,tablet,6,399.01,7,0.07361067224791244,0
579,393,F,40s,food,pc,0,436.45,9,0.06728800174359172,0
854,467,F,10s,electronics,pc,17,206.77,1,0.19528068361943093,0
492,493,M,40s,book,tablet,10,334.53,8,0.03932190252776361,0
194,54,M,40s,fashion,tablet,10,20.03,5,0.12210705269117374,0
984,104,M,50s,fashion,pc,16,102.64,4,0.17307523700319108,0
162,342,M,10s,sports,mobile,11,287.28,6,0.03192298215188366,0
347,338,F,30s,fashion,pc,22,140.67,9,0.1526226182363381,0
951,61,M,30s,food,mobile,22,472.46,5,0.07190114452976361,0
361,87,F,50s,sports,tablet,18,419.34,8,0.155339021800284,0
769,258,F,20s,fashion,mobile,20,329.23,6,0.3758620996203391,0
584,178,M,30s,fashion,tablet,17,499.43,2,0.3107378765043232,0
87,242,M,10s,sports,mobile,20,125.41,5,0.09037711677543776,0
934,203,F,20s,food,mobile,23,459.97,6,0.3307025783831475,0
262,31,M,40s,sports,tablet,12,155.76,1,0.3533622089036142,0
214,289,M,10s,food,mobile,9,300.31,6,0.3465121051365767,0
665,462,F,20s,food,pc,18,220.01,5,0.2717451599958276,0
722,80,F,30s,book,mobile,3,224.39,4,0.03177155224588321,0
913,11,F,40s,fashion,pc,23,382.44,6,0.17789290061538118,0
573,417,F,40s,fashion,tablet,14,177.03,6,0.15600034457456938,0
780,254,F,10s,electronics,mobile,17,256.23,4,0.16447443284872465,1
262,384,M,40s,sports,mobile,0,109.8,5,0.2224399116886093,0
730,391,F,20s,book,pc,18,382.92,4,0.17471123234855807,0
283,384,F,50s,fashion,pc,1,278.21,3,0.18857727348070885,0
648,287,F,30s,electronics,tablet,9,131.26,7,0.5039029812038792,0
467,176,M,10s,book,pc,17,136.64,1,0.11774130453496691,0
380,126,F,50s,food,pc,3,150.3,4,0.28567415739580815,0
362,494,F,50s,fashion,pc,21,351.15,6,0.1784430375491834,0
449,47,M,10s,sports,mobile,9,299.57,2,0.3003418245368891,1
441,206,F,20s,book,mobile,20,412.01,2,0.1978730419416096,0
93,476,F,30s,electronics,mobile,3,287.91,3,0.08611381220246851,0
621,437,F,10s,sports,mobile,23,156.79,1,0.06172909341322324,1
753,107,M,50s,food,mobile,20,481.62,3,0.3730986860861405,0
867,464,M,50s,sports,pc,17,443.62,6,0.1054768489491283,1
424,275,F,10s,electronics,pc,19,143.02,2,0.2256236727852782,0
142,337,F,50s,food,mobile,22,456.78,6,0.06355936744343213,0
291,123,F,10s,electronics,mobile,3,361.46,6,0.107075467866021,0
432,474,M,10s,fashion,tablet,14,210.27,3,0.2420928918812322,1
749,134,M,30s,electronics,tablet,21,236.1,5,0.27978739583071527,1
852,107,M,10s,sports,pc,17,225.96,2,0.30977905271148753,1
824,305,M,50s,fashion,tablet,8,399.45,6,0.3543379979882942,0
689,329,M,40s,fashion,pc,19,91.87,4,0.09582936853263399,0
653,50,M,30s,book,tablet,16,34.04,4,0.12801443222368963,0
701,337,F,50s,sports,mobile,2,251.74,9,0.31407029389680396,0
998,95,M,50s,sports,mobile,12,148.75,4,0.17736669649351833,0
49,268,F,30s,food,pc,6,284.14,2,0.20818436334326818,0
302,23,M,30s,electronics,pc,13,489.21,1,0.2852434335567785,0
881,54,F,50s,electronics,pc,5,337.37,6,0.0819375029336975,0
190,374,M,40s,sports,pc,13,479.81,2,0.03756376750815932,0
136,254,F,20s,electronics,tablet,13,367.37,7,0.19789001522923053,0
555,453,F,50s,sports,mobile,13,42.58,6,0.2608126283235766,0
404,235,F,30s,fashion,tablet,19,445.2,3,0.06245222305868383,0
892,484,M,10s,electronics,mobile,17,103.47,5,0.1818521786451479,1
865,59,M,10s,electronics,mobile,8,433.07,6,0.29733291120178235,1
602,164,M,30s,sports,tablet,11,375.8,5,0.03683791939568923,0
807,259,F,30s,sports,pc,13,420.12,3,0.09575879758499435,0
341,314,F,20s,food,tablet,23,130.52,5,0.25180387304023805,0
757,216,F,30s,electronics,tablet,22,404.66,6,0.33312625051391115,0
945,183,M,10s,book,tablet,15,307.12,7,0.2848167787320341,0
704,57,M,40s,sports,mobile,1,45.53,6,0.3611261755340322,1
318,145,F,30s,book,pc,15,445.12,4,0.05964682483295543,0
618,423,M,20s,fashion,mobile,17,439.02,7,0.2551255193724341,0
363,90,M,40s,fashion,tablet,23,288.14,4,0.10197403635020218,0
822,452,M,20s,book,tablet,8,229.05,3,0.04204673738454348,0
382,311,M,40s,fashion,mobile,7,203.27,5,0.2823636748444482,0
233,45,F,30s,book,mobile,0,303.35,4,0.0668134682052509,1
777,460,M,10s,food,pc,4,421.64,6,0.09861434343962913,1
344,257,M,40s,food,tablet,6,285.13,9,0.11566669704639954,0
549,21,F,50s,fashion,mobile,9,69.18,8,0.028726094613022037,0
817,467,F,20s,book,mobile,21,156.55,5,0.04040552694132901,0
553,21,M,40s,book,mobile,10,335.78,5,0.27496858766433496,0
529,52,M,20s,book,mobile,11,325.18,3,0.31553764609011176,1
856,338,M,10s,fashion,tablet,0,261.85,8,0.25458136215910715,0
789,171,M,20s,book,pc,5,124.04,3,0.14525790300765565,0
819,436,F,20s,sports,mobile,3,138.94,3,0.224110088546475,1
571,67,F,50s,book,mobile,2,244.7,6,0.13401913864408938,0
935,113,F,20s,sports,pc,3,200.28,7,0.09186778415237949,0
183,300,M,40s,food,tablet,23,161.39,6,0.11591127854733764,0
41,160,M,20s,sports,mobile,5,415.58,5,0.20254039688870581,0
551,266,F,30s,food,pc,4,254.49,6,0.1212945941652743,0
397,320,M,20s,fashion,pc,8,254.02,1,0.08091857495033455,0
704,232,F,30s,food,tablet,3,216.89,6,0.1128731032030019,0
779,463,F,20s,food,pc,13,342.05,5,0.06666989777079907,0
494,325,F,20s,book,tablet,14,91.95,0,0.1998782950595589,0
659,68,F,40s,electronics,pc,3,472.08,4,0.3318815449991621,1
907,28,F,30s,food,mobile,21,56.78,4,0.07929189580336896,0
333,437,F,30s,sports,tablet,13,356.6,6,0.13674208449629266,0
127,116,F,50s,fashion,pc,9,353.63,7,0.19810010053088684,0
558,51,M,20s,sports,mobile,6,61.4,9,0.07059763752248775,0
557,181,F,20s,fashion,pc,17,496.56,5,0.03792309909936898,0
1,260,F,40s,sports,mobile,19,21.99,8,0.39328653418695697,0
168,79,M,50s,food,tablet,14,185.52,2,0.4190073073045866,1
620,273,F,50s,electronics,mobile,7,215.26,6,0.24673829807172018,1
19,108,M,40s,food,pc,8,402.39,6,0.1785335150546504,0
332,451,F,30s,book,mobile,4,19.76,4,0.4170036064089276,1
584,74,M,10s,sports,mobile,5,280.72,3,0.31557697929747525,0
456,175,M,40s,electronics,tablet,11,105.98,2,0.11552545120777569,0
957,490,M,30s,sports,mobile,6,288.43,3,0.1545516424540699,0
109,184,F,50s,book,mobile,6,324.94,4,0.20231110041410583,1
268,23,M,40s,book,pc,14,21.9,6,0.22455479886935212,0
445,274,F,10s,book,pc,18,38.39,5,0.11421386955940402,0
240,129,F,20s,food,tablet,12,47.19,5,0.12256151066258716,0
929,291,F,40s,food,tablet,17,426.88,5,0.2444134432118501,0
301,320,F,10s,electronics,tablet,9,463.7,2,0.216236492365586,0
602,186,F,10s,book,pc,7,221.67,9,0.07991439566747711,0
103,479,F,40s,food,mobile,10,438.02,2,0.09758774359913537,0
988,59,F,30s,fashion,tablet,7,240.72,3,0.44779755545466776,1
250,492,M,40s,fashion,pc,7,203.56,9,0.09287010892990329,0
453,1,F,50s,food,pc,14,267.97,8,0.28167385713335524,0
520,131,F,10s,electronics,tablet,1,396.14,2,0.4175824185902515,0
153,67,M,10s,sports,pc,19,115.76,8,0.17381511109611125,0
859,293,F,20s,book,mobile,21,154.36,1,0.3878046759730112,0
174,467,M,10s,food,pc,23,425.19,7,0.2720448872313517,1
343,285,M,20s,electronics,pc,12,458.41,6,0.11748597282750932,1
670,89,F,10s,sports,mobile,17,65.89,4,0.05461732447382691,1
431,417,F,10s,electronics,tablet,11,353.94,3,0.4423995602891114,0
727,100,M,40s,sports,pc,7,9.76,7,0.17719694320100413,0
689,189,F,40s,fashion,mobile,16,126.86,9,0.11995271395678375,1
687,477,M,50s,sports,tablet,5,38.97,5,0.08007699383890465,0
852,378,M,30s,fashion,mobile,15,260.12,4,0.12546193255262977,0
850,346,F,50s,book,pc,23,174.97,5,0.027077812724264287,1
658,388,M,10s,food,mobile,23,73.11,3,0.16277799755863928,0
962,241,F,50s,fashion,tablet,22,5.16,3,0.31824557788199215,0
324,270,F,40s,electronics,tablet,22,197.25,4,0.2050226899951645,0
990,498,M,10s,sports,tablet,13,150.76,7,0.11513541160117041,0
673,219,M,10s,electronics,mobile,9,28.11,10,0.5845435799710453,0
639,417,F,50s,fashion,mobile,1,426.63,5,0.12667000706832973,0
420,406,F,20s,electronics,tablet,12,208.34,5,0.16943555709602984,0
594,176,F,30s,sports,tablet,0,388.52,7,0.2525179942937037,0
485,387,M,50s,food,tablet,17,213.91,5,0.24963092487952196,0
659,471,F,50s,electronics,pc,13,38.42,7,0.204528547834807,0
751,341,M,30s,book,pc,2,200.16,1,0.12113830770865079,0
412,233,M,10s,sports,pc,14,443.64,10,0.29444410180167374,0
936,151,M,10s,sports,tablet,8,8.85,4,0.11504976239080064,0
84,452,F,20s,book,pc,12,448.18,8,0.025969235070938006,0
113,277,M,50s,fashion,tablet,22,330.08,7,0.030931396867980375,0
737,229,F,30s,book,mobile,4,497.84,3,0.25289651961174836,0
332,171,M,50s,fashion,tablet,4,458.48,6,0.19772399722558268,0
378,223,F,40s,food,tablet,21,435.13,7,0.3365469596920596,0
755,213,F,50s,fashion,pc,1,23.57,3,0.2562415743045576,0
655,282,M,50s,food,mobile,0,143.72,3,0.09819032730650287,0
41,41,F,40s,food,mobile,16,190.5,6,0.13479239245394461,0
935,122,M,40s,book,mobile,18,351.41,5,0.21654784954844336,0
770,227,M,30s,food,pc,16,326.08,6,0.16488633047928689,1
959,294,M,10s,fashion,pc,8,89.99,7,0.11132808670944347,0
797,88,M,20s,electronics,pc,9,369.73,3,0.0925154176836953,0
105,267,M,40s,sports,pc,14,82.04,8,0.0983169814935417,0
202,489,M,10s,sports,pc,12,230.93,4,0.31810090372206395,0
450,29,M,30s,fashion,tablet,20,291.48,3,0.318120574282938,1
819,495,F,50s,electronics,mobile,20,435.99,4,0.1921238865487176,0
843,247,M,30s,food,pc,16,317.5,10,0.13823224818182087,0
973,316,M,30s,fashion,mobile,22,477.65,3,0.17381311402199562,0
266,451,F,40s,food,pc,6,497.27,4,0.24774609888508928,0
910,449,F,20s,book,tablet,3,256.87,2,0.2854200475825199,0
210,244,M,40s,electronics,mobile,2,30.48,7,0.0899711392925956,1
563,61,M,50s,sports,pc,0,19.02,10,0.3624116044975832,0
118,147,M,40s,fashion,tablet,6,428.55,8,0.15241379681204012,0
713,174,F,50s,sports,tablet,4,252.43,7,0.09544908467254933,0
377,433,M,40s,food,mobile,16,186.56,3,0.23715493249502717,0
551,278,F,20s,food,pc,16,145.81,12,0.09948007928152558,1
540,334,M,10s,book,tablet,14,144.49,4,0.2879118192902725,0
771,369,M,20s,food,tablet,2,41.05,5,0.4909825219370352,0
84,441,F,40s,food,tablet,2,154.98,7,0.20570212303509566,0
454,379,M,30s,sports,mobile,1,324.18,5,0.21277016519196904,1
667,142,M,10s,sports,mobile,7,195.68,1,0.15038489296181906,1
629,44,M,30s,fashion,pc,12,474.17,4,0.20697740737765816,0
514,144,F,20s,fashion,pc,23,335.74,2,0.08200306011757913,0
605,353,M,10s,food,mobile,5,432.67,10,0.23138795683355054,0
678,333,M,40s,electronics,mobile,4,61.51,0,0.0018292821662568236,0
387,486,F,30s,fashion,mobile,12,228.01,4,0.2794387581948432,0
912,497,F,40s,food,tablet,21,25.51,2,0.3694269877149955,1
350,396,M,50s,sports,mobile,0,448.03,8,0.21921601347616018,0
296,55,M,10s,book,pc,17,77.7,6,0.443110848980269,0
258,307,F,30s,sports,tablet,6,403.68,4,0.18345860807742564,0
81,358,M,20s,sports,mobile,16,462.29,6,0.1923024913942523,0
937,423,M,20s,book,pc,7,223.73,5,0.14501083047073293,0
268,417,F,20s,sports,mobile,18,197.73,2,0.34912241133246025,0
419,161,M,20s,fashion,pc,15,302.06,10,0.12155565806582477,0
235,285,M,30s,sports,tablet,13,371.46,7,0.1412153747025617,0
833,325,F,50s,book,tablet,19,324.58,7,0.25434645670379685,0
311,198,M,20s,food,pc,22,5.57,4,0.07231140782256681,0
813,159,M,20s,food,pc,9,394.04,8,0.26024969001164905,1
975,80,M,20s,food,tablet,22,77.96,6,0.10091285345021363,0
986,31,F,50s,book,tablet,1,227.59,8,0.14845063462398714,0
357,473,M,10s,book,pc,20,144.77,4,0.08206501169365198,0
213,112,F,20s,fashion,pc,23,464.31,4,0.056179222080865225,0
574,46,F,20s,book,mobile,15,253.54,3,0.3880165582905626,0
49,353,M,20s,food,mobile,12,263.47,4,0.12997096974739597,0
127,205,F,10s,book,tablet,4,42.69,5,0.029108756579120185,0
223,52,M,20s,electronics,tablet,17,449.19,2,0.059989157947845526,0
921,138,M,10s,sports,mobile,19,123.32,2,0.16891115744181864,0
279,472,M,10s,fashion,mobile,10,209.91,6,0.22583295044999938,0
408,74,F,40s,food,tablet,4,492.72,6,0.09899597619523302,0
505,41,M,40s,food,tablet,21,61.38,7,0.20086449643929147,0
294,479,M,20s,electronics,pc,21,360.67,9,0.08744906817667256,0
796,77,M,30s,fashion,pc,12,133.77,3,0.10308013692284203,0
277,387,F,40s,sports,tablet,0,212.8,4,0.19186953773364385,0
438,187,F,40s,fashion,mobile,5,212.01,4,0.21494024855029092,0
107,370,M,30s,fashion,pc,10,466.46,5,0.08199114469555838,0
658,52,M,50s,food,tablet,9,10.13,4,0.09814547597504777,0
420,418,M,20s,book,mobile,0,186.77,7,0.06973059353706011,0
611,433,M,50s,sports,mobile,15,426.95,3,0.3335440902527985,0
429,412,F,50s,fashion,tablet,12,455.7,4,0.27134409309292007,0
375,467,F,10s,electronics,pc,20,159.11,6,0.13436497511578493,1
73,87,F,10s,food,pc,15,124.77,5,0.24637795172157523,1
949,109,F,20s,book,tablet,14,233.33,4,0.11498413220978758,1
998,480,F,30s,book,mobile,6,374.19,3,0.14032624199324858,0
634,397,F,10s,food,pc,13,81.25,6,0.1075009855834547,0
30,225,F,40s,fashion,tablet,23,393.31,3,0.3066154872870873,0
188,482,M,20s,food,pc,10,258.77,3,0.20375317826566006,1
364,481,M,50s,book,tablet,12,74.7,10,0.09571078996541195,0
866,248,M,20s,book,pc,4,337.52,7,0.12186079733717167,0
800,69,M,10s,electronics,pc,17,315.96,4,0.16220296695839714,0
451,120,M,30s,electronics,pc,2,313.07,10,0.5056466629925063,0
195,67,M,50s,book,tablet,11,378.62,6,0.07159936567360671,0
156,61,F,30s,electronics,tablet,6,94.71,5,0.34789289425185976,1
172,444,M,20s,electronics,mobile,19,350.26,5,0.014321430206311696,0
847,327,F,30s,electronics,pc,14,444.21,4,0.06103901690357139,0
41,408,M,30s,book,pc,0,267.5,4,0.09909579356607384,0
63,191,F,20s,fashion,tablet,18,245.58,3,0.47653386643369666,1
23,470,F,50s,fashion,pc,9,399.91,4,0.31226168956146,0
360,493,M,30s,sports,tablet,13,77.39,5,0.19213235834333864,0
75,189,M,30s,electronics,mobile,14,173.73,5,0.06018652572812525,0
560,151,M,20s,fashion,pc,1,427.62,8,0.16636887639192288,0
672,286,M,40s,sports,tablet,16,252.39,6,0.07136150497317217,0
825,444,M,30s,food,tablet,9,421.02,9,0.12159068544953897,0
118,402,F,10s,electronics,pc,4,129.67,8,0.41944490653775157,0
612,96,M,50s,fashion,mobile,5,197.84,6,0.08515302735694437,0
380,312,F,30s,fashion,tablet,5,412.69,8,0.13519176595074686,0
929,309,F,20s,fashion,pc,5,85.93,4,0.15614578740924148,0
920,263,F,10s,sports,mobile,13,447.91,6,0.6059743230198573,0
679,97,M,20s,food,tablet,12,158.38,3,0.19501628582376382,0
290,453,M,30s,electronics,mobile,12,486.48,4,0.09597207460122203,0
440,113,M,10s,fashion,tablet,9,414.73,10,0.36996682366383965,0
668,476,M,50s,book,pc,15,230.51,4,0.2392475617286344,0
933,125,M,50s,electronics,pc,6,372.41,3,0.3029771698331072,1
7,456,M,50s,book,pc,2,279.85,3,0.13991602330787803,0
196,463,F,40s,sports,mobile,14,427.36,5,0.02897674552842228,0
421,436,M,20s,fashion,mobile,22,261.46,5,0.021163078448311546,0
568,132,F,30s,electronics,pc,4,494.06,5,0.24530574226985385,0
833,418,F,10s,electronics,tablet,7,71.09,2,0.02815081141062161,0
193,453,M,20s,fashion,mobile,21,339.85,9,0.09678757298648542,0
559,417,M,30s,food,mobile,4,126.6,6,0.2481850716984214,1
148,121,M,40s,sports,tablet,1,99.66,6,0.22601863935307143,0
787,197,M,30s,fashion,tablet,18,207.08,3,0.16221637799957733,1
669,294,M,20s,electronics,pc,10,186.89,5,0.15492328574147982,1
202,482,M,30s,food,mobile,10,27.94,4,0.09112918722808395,0
444,122,F,10s,electronics,tablet,2,216.72,3,0.1474250762255099,0
914,282,F,40s,book,tablet,12,476.2,5,0.22701302704009638,0
988,385,F,10s,electronics,pc,19,236.1,6,0.24812046289818393,1
419,260,F,40s,sports,pc,18,154.4,3,0.1865684192535138,1
427,39,F,40s,fashion,mobile,22,474.79,3,0.3149142915012536,0
479,54,F,30s,electronics,tablet,14,255.33,7,0.14749248747859667,0
475,474,M,10s,book,pc,5,147.12,4,0.2058587099656523,0
126,161,M,40s,book,mobile,12,392.58,6,0.5074830963035284,0
395,289,M,40s,fashion,pc,23,115.69,1,0.47294143120227394,0
817,200,F,30s,book,mobile,17,127.64,5,0.09126864343096561,0
881,276,F,20s,fashion,tablet,17,165.54,5,0.1448786779468026,0
806,16,F,20s,sports,pc,0,200.41,7,0.14991272010026074,0
576,405,M,50s,fashion,mobile,20,293.53,1,0.2625898810233928,0
325,173,M,50s,food,mobile,22,260.07,6,0.41093841194415304,0
392,248,M,40s,book,tablet,20,373.15,3,0.022198804873554218,0
930,383,F,20s,book,pc,10,360.0,8,0.27257916840415625,0
688,218,F,40s,electronics,mobile,15,27.55,7,0.24128073146773438,1
628,87,F,10s,food,mobile,0,71.28,2,0.09042713195389236,0
440,82,M,20s,electronics,mobile,18,111.52,6,0.1857335501465621,1
204,62,F,20s,fashion,mobile,7,300.84,6,0.05292995451871514,0
486,287,M,20s,sports,pc,18,448.16,3,0.28741857617401373,0
833,500,M,50s,book,pc,22,165.83,4,0.020529440483311567,1
31,42,M,30s,sports,mobile,15,482.05,5,0.07671535251623408,0
388,12,M,30s,fashion,pc,2,90.57,3,0.01110846716545235,0
625,321,M,50s,fashion,pc,1,462.74,7,0.1399000194189029,0
877,234,M,50s,food,tablet,11,401.5,6,0.38062259124398523,0
434,329,M,50s,electronics,tablet,9,197.57,8,0.2785311912784968,0
837,131,F,30s,book,mobile,21,107.12,3,0.056831992197971665,0
926,115,M,40s,book,tablet,1,198.69,6,0.2041701675981537,0
376,218,F,50s,sports,pc,20,110.8,6,0.08980565514768891,0
344,137,M,40s,food,mobile,4,282.77,5,0.5257015722596299,0
443,106,M,40s,fashion,tablet,4,289.54,9,0.3541125418438339,1
579,179,M,10s,food,mobile,5,385.25,2,0.2547141979998459,0
75,16,F,30s,book,mobile,2,266.29,8,0.07149735960981117,0
557,472,M,40s,electronics,tablet,9,175.85,10,0.12396071789510721,0
772,242,M,30s,sports,pc,4,456.24,2,0.188783585741358,0
666,334,F,30s,fashion,pc,23,43.61,8,0.14357849811674428,0
155,381,F,10s,fashion,tablet,19,405.35,7,0.2853050705896744,0
430,387,F,30s,fashion,tablet,4,207.74,4,0.3006464173067384,0
363,226,F,40s,electronics,tablet,14,94.64,5,0.3071458796099519,1
448,481,M,20s,book,tablet,16,64.58,5,0.309540901863107,1
987,242,M,40s,book,mobile,16,114.28,2,0.06514839182960636,0
234,408,F,40s,food,pc,23,65.37,5,0.3186488183606361,1
563,457,M,30s,food,pc,17,232.17,7,0.359416399215275,0
818,141,F,40s,book,tablet,9,178.1,1,0.15028788123798514,0
262,386,F,20s,fashion,pc,22,181.51,4,0.1994536921364346,0
827,199,F,30s,electronics,pc,6,82.65,6,0.08925225245501205,0
125,112,M,50s,book,pc,10,331.57,2,0.4273265852493072,0
911,127,F,40s,electronics,tablet,13,305.86,4,0.08387422824976914,0
245,21,M,40s,sports,tablet,8,491.23,7,0.39372879664728916,1
542,147,M,10s,fashion,pc,16,87.98,4,0.11701697179320401,1
938,89,M,50s,sports,tablet,1,417.84,3,0.0441171434201739,0
485,303,F,50s,book,pc,16,21.77,3,0.35993105465725594,1
122,406,M,20s,food,tablet,16,41.29,3,0.16286448414016957,0
125,203,F,50s,book,pc,19,325.79,4,0.12863141234170464,0
549,417,M,10s,sports,tablet,23,206.2,4,0.28357309137437586,1
170,416,M,20s,electronics,pc,9,119.1,9,0.5325948359700066,0
124,448,M,50s,book,tablet,23,6.36,9,0.2135416181050017,0
869,85,F,20s,food,tablet,11,333.26,8,0.0716524913141462,1
35,167,F,50s,sports,pc,11,223.22,6,0.08271059040173434,1
87,384,F,50s,book,mobile,14,89.54,5,0.030921985607940572,1
646,468,F,50s,sports,pc,8,486.25,6,0.17761805091979313,0
708,72,M,40s,sports,pc,17,178.67,7,0.4794292372534946,1
786,298,M,50s,fashion,mobile,15,155.01,3,0.19005611144147036,0
201,485,F,40s,electronics,tablet,6,257.61,10,0.06244752455935805,0
369,9,F,30s,fashion,mobile,13,142.22,9,0.208789369003533,1
797,281,F,10s,sports,pc,3,140.02,2,0.11147217850613157,0
77,473,F,20s,food,mobile,2,483.31,3,0.0775833942869909,0
59,481,M,20s,food,tablet,11,134.27,7,0.28161728552696275,1
431,258,F,30s,fashion,pc,15,304.71,5,0.13168508931983192,0
638,275,F,50s,food,pc,3,23.54,6,0.1729763257035573,0
500,238,M,10s,sports,tablet,3,81.4,9,0.25370264948051563,0
913,20,F,30s,book,tablet,2,15.93,6,0.19002853692957164,0
109,490,M,30s,sports,pc,8,269.57,5,0.19236450817485712,0
736,233,F,20s,book,tablet,23,248.35,2,0.5285329036580382,1
278,490,M,40s,food,mobile,13,168.81,5,0.15132508354395843,1
68,221,F,40s,electronics,mobile,11,351.64,3,0.08910318095252476,0
69,326,F,50s,electronics,mobile,9,314.77,1,0.0850806328578282,0
165,17,F,50s,sports,mobile,13,302.17,5,0.0910262019035394,0
489,380,F,30s,sports,tablet,11,171.45,6,0.3726800671088025,0
305,89,F,50s,food,mobile,11,166.94,4,0.28936333439370315,0
909,486,M,40s,electronics,mobile,1,437.36,6,0.29425103249418444,0
674,196,F,10s,electronics,pc,18,274.26,6,0.20324315251319702,0
365,350,M,20s,sports,tablet,12,139.76,5,0.19291183457279723,1
854,84,M,40s,electronics,tablet,9,273.89,4,0.28028372927901446,0
821,387,M,50s,sports,tablet,22,137.05,3,0.020878723965936406,0
379,87,M,20s,fashion,pc,20,96.72,3,0.2710694877501802,0
343,307,F,20s,electronics,pc,0,144.68,4,0.11029894157858917,0
947,338,F,30s,book,tablet,0,316.3,2,0.2125290497048973,0
899,154,F,50s,food,mobile,7,260.34,4,0.31632219252736266,0
554,440,F,30s,sports,pc,5,86.43,4,0.25961070529642055,0
354,228,M,20s,electronics,pc,19,454.42,2,0.4267489734824491,0
416,448,M,30s,electronics,pc,2,251.66,4,0.3581092628849016,0
109,264,M,50s,sports,tablet,12,397.89,8,0.38538881970274275,0
563,465,F,40s,book,mobile,11,168.69,4,0.1254081112530292,0
762,223,F,10s,electronics,pc,19,478.99,5,0.16706793985205662,0
497,421,F,40s,fashion,pc,15,377.29,3,0.19794175375773246,0
341,493,F,20s,food,tablet,10,229.98,6,0.08073103649247738,1
942,121,M,40s,sports,mobile,23,451.63,4,0.22136974631924636,0
383,481,F,30s,electronics,pc,3,360.15,4,0.28003342872440157,0
533,411,F,50s,food,tablet,7,218.11,4,0.08178732733773217,0
300,173,M,40s,sports,tablet,6,487.2,7,0.09892209783143843,0
139,4,M,40s,sports,pc,15,152.78,6,0.1561943646786744,0
359,342,F,50s,sports,tablet,11,132.0,6,0.12706572796563484,0
836,128,F,30s,book,tablet,5,447.85,6,0.16515489382285645,0
499,474,M,10s,fashion,pc,22,355.15,3,0.26353439438663523,1
385,480,F,40s,sports,tablet,5,176.03,6,0.23604528730073968,0
604,472,M,20s,book,mobile,10,119.74,4,0.05808496911482851,0
959,110,M,30s,sports,mobile,11,93.13,0,0.2967618082134548,1
280,355,F,30s,sports,pc,15,160.18,9,0.16399871147515463,0
637,37,M,40s,book,mobile,21,67.14,2,0.22532522490165946,0
483,480,F,50s,fashion,mobile,15,76.95,4,0.39511812817946423,1
909,71,F,40s,food,pc,22,389.43,7,0.46135114732935456,1
111,289,F,40s,electronics,tablet,15,36.56,8,0.4932821666624217,1
866,31,F,50s,sports,mobile,3,222.45,6,0.16134598812564657,1
139,439,M,20s,fashion,tablet,11,205.47,7,0.12468924794759316,0
996,381,F,50s,electronics,pc,4,480.29,6,0.22091735382482758,0
435,268,F,40s,sports,mobile,8,235.44,5,0.11596534350002288,0
509,11,M,10s,electronics,pc,17,84.62,3,0.08615805090358433,0
273,344,F,50s,book,tablet,8,48.76,5,0.46161825665552286,0
99,328,F,20s,fashion,pc,15,367.56,5,0.3397810697751951,0
764,32,F,50s,fashion,mobile,20,78.13,3,0.30092648486916124,1
850,57,F,50s,food,pc,0,469.3,6,0.2917458681598034,0
104,166,M,30s,food,pc,22,281.81,6,0.06659150898837497,0
214,188,M,30s,electronics,pc,4,203.84,6,0.07282116261407608,1
761,342,F,40s,book,tablet,18,343.74,6,0.03597714707696557,0
664,482,M,40s,electronics,tablet,2,103.47,6,0.1359957713674479,0
762,19,M,50s,sports,tablet,0,194.22,9,0.178405281221626,1
787,116,M,10s,fashion,tablet,22,21.54,3,0.032266160962789246,0
165,468,M,40s,electronics,mobile,13,439.45,4,0.3247379685308963,0
999,184,F,50s,electronics,tablet,17,215.5,2,0.08379438575318364,0
853,270,M,50s,fashion,tablet,7,380.62,5,0.2820526427273447,0
520,33,F,50s,fashion,mobile,13,458.84,2,0.24921041743770628,0
284,10,F,50s,food,tablet,19,328.13,5,0.2776252905313334,0
517,80,M,50s,food,pc,19,190.99,2,0.013717625666715711,0
657,192,F,30s,fashion,tablet,12,311.67,4,0.07888643595524025,1
613,320,M,20s,electronics,mobile,20,183.36,3,0.02935906997200291,1
164,190,F,20s,sports,pc,15,285.82,1,0.03558329769755686,0
886,68,F,50s,electronics,mobile,8,218.92,7,0.03562086886169387,1
659,475,M,40s,sports,pc,6,79.18,5,0.1401317134953617,0
64,348,F,10s,fashion,pc,2,391.15,2,0.195747811099199,0
91,125,M,50s,sports,pc,19,250.73,2,0.1883663167636681,0
117,427,F,10s,food,mobile,0,99.12,9,0.09311658737495276,0
866,336,F,30s,fashion,pc,23,446.46,4,0.2314046068381254,0
267,59,M,20s,book,pc,7,427.34,7,0.2011951448482836,0
822,436,M,30s,sports,pc,13,281.62,3,0.035095940644335445,0
685,97,M,40s,sports,pc,12,485.31,5,0.24288377707571893,0
559,496,F,40s,book,pc,6,463.95,3,0.28078933380284077,0
140,275,M,50s,book,tablet,12,449.02,7,0.05951003367445493,0
246,149,M,40s,fashion,mobile,21,70.98,1,0.04490849733970588,0
661,278,M,40s,electronics,pc,6,150.84,8,0.41046982320472947,0
758,265,M,30s,book,pc,19,208.04,8,0.12059075403953382,0
395,9,F,10s,sports,pc,19,416.8,3,0.002743046028771565,0
487,457,F,20s,book,pc,4,436.26,3,0.36870398984364405,0
476,283,F,40s,fashion,pc,3,376.99,8,0.1694223826236966,0
517,273,F,40s,fashion,tablet,3,238.84,6,0.15144338907265048,0
977,428,F,30s,sports,tablet,5,85.14,4,0.12668981185219078,0
184,301,F,20s,sports,pc,13,22.42,6,0.29315767555622246,0
20,8,M,30s,sports,pc,2,351.15,2,0.44207699422290203,0
937,208,F,10s,electronics,pc,2,497.11,1,0.47435773656700886,0
558,402,M,30s,sports,mobile,23,176.01,7,0.09695362690232498,0
524,125,M,20s,fashion,mobile,2,286.52,5,0.15268137028570172,0
582,123,M,20s,fashion,tablet,3,406.24,2,0.19548942847156917,1
529,33,M,40s,book,tablet,21,97.31,4,0.13600331977842706,1
883,1,F,10s,sports,mobile,8,415.63,5,0.38845837164497526,1
147,204,F,50s,electronics,pc,21,314.54,10,0.2444302149054326,0
666,6,F,40s,food,tablet,15,287.07,4,0.15547985507904283,0
304,297,M,30s,book,pc,18,382.33,3,0.15330508595861148,1
620,439,F,30s,electronics,pc,15,124.27,5,0.5002489920377933,0
748,5,F,20s,sports,tablet,11,309.32,4,0.3532678747160301,0
820,443,F,20s,electronics,mobile,5,123.99,8,0.03820680998442978,0
864,80,F,20s,food,mobile,19,93.87,9,0.17158978209865264,1
582,274,F,50s,electronics,mobile,20,313.56,4,0.05104505045771241,0
695,177,F,50s,food,pc,20,138.29,5,0.22512813853759142,0
762,338,M,40s,food,pc,2,358.62,4,0.15854775182471909,0
228,321,M,50s,food,pc,20,259.67,5,0.5841371891346172,1
102,339,F,20s,electronics,mobile,4,349.0,4,0.3838677150759049,0
587,438,M,40s,sports,pc,6,446.35,9,0.06732260191525326,0
417,445,M,40s,fashion,tablet,4,73.43,6,0.3189736839492953,1
958,136,F,10s,fashion,pc,8,38.04,5,0.20852046454115558,0
216,387,M,50s,electronics,tablet,14,202.96,6,0.4934405654050474,0
407,25,F,30s,sports,mobile,20,359.77,5,0.2768078895566599,0
399,325,M,30s,fashion,pc,19,443.64,3,0.2832045467332514,0
923,183,F,10s,food,pc,5,22.22,8,0.24603109726272918,0
715,168,M,20s,electronics,mobile,7,397.51,5,0.2802683615941945,1
704,467,M,10s,electronics,pc,19,42.33,4,0.25854864548800516,0
761,338,M,20s,book,tablet,4,292.38,8,0.17828312409965888,0
499,178,M,50s,book,mobile,16,175.33,4,0.20757627726019637,0
754,373,F,50s,book,tablet,9,13.74,4,0.3640018885013941,1
465,95,M,40s,sports,mobile,0,53.06,5,0.213817845982175,1
691,33,F,40s,electronics,tablet,15,180.09,3,0.15567460717647616,0
949,111,F,40s,book,tablet,23,477.11,3,0.21197751691194527,0
974,146,M,40s,electronics,tablet,22,81.64,6,0.24621911823561998,0
731,381,M,30s,food,pc,20,139.63,4,0.46548806107816154,0
82,441,F,40s,book,pc,0,497.1,3,0.288826081219596,1
604,231,M,40s,electronics,pc,2,242.91,4,0.15697511348269605,0
947,272,F,40s,sports,pc,5,134.81,4,0.04595802309138923,0
687,336,M,20s,sports,pc,16,309.89,8,0.4544356921821182,0
751,495,F,40s,sports,tablet,21,220.84,3,0.29482030840423806,1
772,38,M,10s,book,pc,1,429.86,2,0.2589437076137587,0
903,425,M,40s,sports,tablet,4,8.95,4,0.08756674187135592,0
365,135,F,40s,fashion,mobile,10,498.4,3,0.08868192998067717,0
163,334,F,30s,food,tablet,9,37.82,5,0.27043767763563026,0
48,235,F,40s,electronics,pc,14,270.88,7,0.20143880354714366,0
511,437,M,20s,fashion,mobile,17,350.21,4,0.16396963331464962,0
329,319,M,50s,book,pc,16,277.17,6,0.3299014811283087,0
840,368,M,40s,electronics,mobile,13,153.88,5,0.43693933797687623,1
116,345,M,40s,electronics,tablet,12,428.44,2,0.24676430769964255,0
941,160,F,40s,sports,mobile,19,218.06,7,0.11837664526889904,1
849,38,F,30s,electronics,pc,1,153.85,8,0.08017130954488448,0
337,150,M,50s,electronics,mobile,11,385.33,3,0.17589550259083772,0
881,400,M,30s,food,tablet,10,77.2,4,0.00929716248328682,1
737,308,M,30s,book,mobile,18,106.48,3,0.12050776512419312,1
864,29,F,30s,fashion,tablet,11,130.12,4,0.17945532201222628,1
840,144,F,20s,sports,mobile,3,220.27,12,0.3387492361811418,0
147,76,M,50s,food,tablet,9,15.07,3,0.33282588640568034,0
575,145,F,20s,fashion,tablet,11,495.93,7,0.0737400920933926,0
806,229,M,20s,fashion,tablet,6,302.07,4,0.4743706495900806,0
323,64,M,50s,food,tablet,22,485.51,2,0.15168664212874172,0
443,347,F,20s,sports,pc,5,404.69,2,0.11458328563883896,0
837,345,F,50s,book,tablet,7,71.48,5,0.27281281723471495,0
13,269,F,40s,food,pc,10,108.49,6,0.11301791252299628,0
943,328,F,30s,food,tablet,5,22.05,4,0.04667449667720763,0
494,184,M,20s,food,mobile,20,417.73,8,0.022040329220208873,0
701,261,F,50s,sports,mobile,2,298.76,5,0.5640719557632656,1
287,268,F,10s,food,pc,20,111.46,3,0.40676795227446916,0
720,169,F,20s,food,mobile,19,485.19,3,0.06603293109407475,0
114,259,F,20s,electronics,tablet,18,369.69,6,0.16300454305327916,0
480,227,M,50s,electronics,mobile,0,354.23,2,0.3301515529238677,0
22,33,M,10s,electronics,pc,23,137.16,6,0.1471136567353389,0
349,377,F,10s,electronics,mobile,3,160.12,7,0.14248411480756248,1
726,214,F,40s,food,pc,18,335.65,7,0.024714348009701362,0
683,50,M,20s,electronics,tablet,19,298.81,3,0.204663952848604,0
835,440,M,30s,fashion,tablet,16,325.41,6,0.07333279732953216,0
566,492,F,20s,book,mobile,21,440.02,1,0.23081422432651186,0
906,393,M,30s,electronics,mobile,18,84.4,7,0.19083196252008197,0
810,489,M,30s,sports,mobile,23,62.59,4,0.022298240918959378,0
320,210,M,50s,book,tablet,13,284.49,6,0.09086237271283094,0
126,434,M,20s,fashion,mobile,9,252.58,7,0.28694677810019836,0
277,29,F,50s,book,tablet,20,204.42,6,0.1311979910082025,0
976,39,M,40s,book,pc,8,452.83,7,0.259705309575859,0
204,347,M,30s,fashion,mobile,15,281.4,4,0.19734959902664095,1
194,100,F,10s,electronics,mobile,14,285.79,2,0.1883374406504732,1
681,173,F,30s,fashion,pc,15,186.38,6,0.2374067167779031,0
664,17,F,40s,sports,pc,17,175.32,7,0.07084466953520013,0
547,56,M,30s,fashion,pc,20,493.86,4,0.13140178904348807,0
696,226,F,50s,food,pc,22,313.42,7,0.12394645598020204,0
286,46,M,20s,food,tablet,22,413.43,3,0.2378872764805568,0
57,67,F,10s,book,mobile,9,226.49,4,0.15219249527514578,0
734,197,M,50s,electronics,tablet,2,99.97,6,0.15048155405086147,0
303,142,F,20s,electronics,tablet,6,165.8,6,0.02262622181986711,1
163,323,F,10s,food,pc,6,176.33,4,0.16981472939487943,0
19,23,M,40s,sports,mobile,19,284.63,5,0.14457679534414228,0
370,487,F,30s,fashion,tablet,10,81.53,7,0.2537897004365073,0
264,94,F,10s,fashion,tablet,22,196.57,6,0.2745564520228838,0
794,242,F,40s,fashion,pc,23,54.79,4,0.12794533488147447,0
113,237,F,20s,sports,mobile,2,250.78,2,0.5429152645810436,1
488,445,F,10s,sports,mobile,17,473.98,6,0.0989645217581649,0
327,407,M,40s,fashion,mobile,11,172.77,3,0.28267772387379236,0
542,411,M,20s,fashion,tablet,22,29.61,5,0.0888394174888875,1
647,54,F,50s,sports,pc,16,306.34,5,0.1561744750351093,0
579,138,F,30s,fashion,mobile,8,319.19,6,0.16043477498230377,0
65,473,M,40s,sports,tablet,4,242.39,3,0.13455445547206116,1
292,333,M,50s,book,tablet,17,201.45,13,0.20724953007681854,1
25,272,F,20s,food,mobile,22,446.87,6,0.46028571077683794,0
549,41,M,10s,food,pc,8,469.53,4,0.08263984605092507,0
1,98,F,30s,sports,pc,12,338.21,4,0.04226494440630903,0
911,183,F,20s,fashion,mobile,2,253.11,4,0.03998839981806205,0
549,128,F,40s,food,tablet,3,38.44,6,0.36198311427760477,0
141,229,F,30s,electronics,pc,17,154.01,3,0.10871147041971688,0
744,317,M,50s,fashion,tablet,19,146.12,5,0.3185218542333157,0
648,86,M,30s,sports,tablet,20,33.83,8,0.04286222762006541,0
901,256,M,50s,electronics,pc,14,422.46,4,0.18476402274376064,0
188,209,F,20s,sports,tablet,19,434.19,7,0.19213546194640216,0
128,215,M,10s,fashion,tablet,22,456.62,10,0.11339470433862177,0
201,374,F,30s,book,mobile,5,372.2,4,0.16901585620028312,0
127,100,F,10s,book,pc,8,356.7,4,0.11883832773008182,0
257,49,M,10s,book,tablet,10,241.52,4,0.1879312192518491,0
676,201,F,30s,fashion,pc,12,429.41,2,0.03805418486759504,0
547,436,F,30s,fashion,pc,3,257.52,10,0.24028732232760996,0
194,258,F,10s,electronics,tablet,14,19.67,5,0.2807663785418338,0
703,480,M,40s,fashion,pc,16,294.53,6,0.40781123793001406,0
104,376,F,40s,fashion,mobile,11,198.28,7,0.07260440626168582,0
535,178,M,30s,electronics,mobile,5,263.04,3,0.2655222244088231,0
265,245,F,10s,electronics,tablet,6,223.15,4,0.22397199587430075,0
802,123,M,10s,sports,pc,16,250.92,7,0.19346688826438305,0
942,342,F,20s,food,tablet,10,58.74,8,0.565008412197317,0
974,171,M,10s,food,pc,11,12.19,2,0.17591177995266366,0
384,333,M,40s,sports,tablet,12,173.39,4,0.24601420436448365,0
260,136,F,20s,book,tablet,0,131.0,4,0.4688157008572291,0
414,59,F,40s,fashion,pc,17,128.78,2,0.04749169755075658,0
991,193,F,50s,electronics,mobile,21,468.86,4,0.2579083889344237,0
358,465,F,30s,electronics,tablet,18,410.4,8,0.2150778909438391,0
75,268,M,50s,book,mobile,10,11.62,5,0.07973443092083365,1
355,260,F,30s,electronics,pc,21,9.32,7,0.3837464768545168,1
584,373,M,40s,book,tablet,17,389.57,6,0.05023981357203931,0
771,461,F,40s,sports,pc,9,492.51,9,0.16753874069366506,0
910,95,M,50s,book,mobile,5,235.28,6,0.055535718426089155,0
188,125,M,30s,food,pc,22,219.4,8,0.09569947195158471,0
973,41,M,30s,book,tablet,21,141.53,3,0.13504439610045363,0
685,379,F,20s,sports,mobile,1,334.98,4,0.09662217596199169,0
992,254,F,10s,book,tablet,4,238.47,6,0.08361143933623513,1
290,7,M,20s,sports,mobile,9,87.92,9,0.1369410389674572,0
45,471,M,40s,food,pc,14,243.28,3,0.24555935844207297,0
573,216,M,50s,fashion,pc,13,191.3,3,0.2539903268154357,0
83,69,M,30s,sports,tablet,5,445.45,6,0.15853137969168127,0
123,69,M,20s,fashion,tablet,13,386.94,4,0.4743345951434374,0
358,81,F,50s,sports,tablet,23,352.12,8,0.12394027997100737,0
528,30,M,50s,book,mobile,20,166.94,3,0.08831224687832925,0
66,73,F,10s,fashion,mobile,13,74.11,3,0.14452758166687374,0
936,262,F,30s,sports,tablet,11,433.02,4,0.2607852694131495,0
657,89,F,50s,sports,mobile,22,174.66,6,0.29228863269901634,1
375,403,M,30s,fashion,mobile,3,298.51,5,0.01720498535451002,0
162,208,M,20s,sports,pc,11,297.46,5,0.030583431416544144,0
746,213,M,50s,fashion,pc,20,464.39,4,0.11401894841281779,0
380,322,M,50s,food,pc,16,90.0,13,0.30766204330341435,0
656,266,F,20s,electronics,tablet,18,386.96,4,0.42469973240139713,0
358,400,F,30s,food,pc,15,233.98,2,0.22653624441721973,0
188,293,F,30s,fashion,pc,17,91.5,7,0.15719826332493933,1
322,207,M,50s,book,mobile,5,418.64,7,0.2612458561424447,0
450,333,M,20s,book,pc,8,410.97,2,0.12887378637456526,0
474,77,M,40s,electronics,mobile,18,24.89,5,0.16066112608689437,1
13,288,M,30s,fashion,pc,11,356.17,9,0.3816108882612563,1
184,493,M,40s,sports,tablet,10,80.99,2,0.29655228322748833,1
111,47,M,50s,food,tablet,15,307.13,6,0.2919388881741434,0
927,110,F,40s,food,pc,1,323.68,1,0.026060116679851437,1
508,200,F,40s,electronics,pc,17,334.3,2,0.11152209064576876,0
290,427,M,30s,electronics,pc,5,64.45,6,0.1694371018651045,0
295,210,F,50s,electronics,tablet,21,301.17,2,0.22044153231602387,0
451,376,F,40s,electronics,mobile,4,54.43,10,0.073791342947573,1
904,420,F,30s,electronics,mobile,8,374.05,3,0.12817339461681182,0
215,154,F,40s,electronics,pc,12,36.55,3,0.2861684788127063,1
974,10,M,30s,sports,tablet,6,380.12,3,0.3238000658829392,0
632,415,F,50s,sports,mobile,22,442.33,1,0.3050399714489076,0
894,353,M,20s,food,pc,0,152.78,4,0.31082132776697435,0
567,157,M,30s,food,tablet,9,390.25,6,0.12467183920650596,0
27,261,F,30s,electronics,tablet,17,211.67,4,0.16843739728254092,0
630,77,M,40s,food,mobile,11,399.87,7,0.22751323710042817,0
733,257,F,50s,electronics,tablet,2,344.69,7,0.04897919963383729,0
231,471,M,10s,sports,pc,4,148.12,4,0.3124680351648194,0
565,488,M,10s,book,pc,13,100.9,3,0.23140107733194892,0
807,131,F,20s,sports,mobile,14,457.8,6,0.2846678863376233,1
321,67,F,50s,fashion,tablet,11,420.29,3,0.08848260696268456,0
913,455,M,30s,sports,mobile,3,331.65,6,0.07574039921435301,0
233,228,F,10s,fashion,mobile,23,177.94,5,0.07140022707467385,1
670,163,M,20s,food,tablet,15,257.68,3,0.3318519857443901,1
437,15,F,50s,sports,mobile,10,281.14,5,0.18139473607865944,1
781,232,M,20s,book,tablet,3,47.6,3,0.09214001944541858,1
533,195,M,10s,sports,pc,5,486.26,5,0.41155690392004224,0
403,349,M,40s,sports,mobile,15,50.45,2,0.2557908932536232,1
53,30,M,40s,sports,tablet,1,362.23,4,0.04110295957827022,0
787,359,M,50s,electronics,tablet,12,248.94,9,0.19073558333435459,0
313,338,F,20s,sports,tablet,7,381.14,4,0.03367216325090965,0
281,331,M,30s,sports,mobile,11,134.16,5,0.33100706829376814,0
726,427,F,10s,book,pc,20,200.58,5,0.28158277105678775,0
31,497,F,40s,fashion,mobile,5,265.12,2,0.2583379934366124,1
337,316,M,40s,fashion,pc,2,64.76,7,0.4141612821971963,0
183,486,M,20s,book,mobile,14,426.66,2,0.298209977577472,0
23,296,F,40s,food,mobile,7,495.81,7,0.3997611582827668,1
544,449,M,20s,sports,mobile,1,211.71,4,0.16411087394397825,0
446,413,M,10s,food,pc,15,191.52,6,0.36527122473181045,0
74,330,F,20s,book,tablet,12,299.07,4,0.09797803662132945,1
10,220,F,40s,food,mobile,0,345.89,4,0.2077011662878412,0
484,377,F,20s,fashion,mobile,10,434.95,4,0.37612669788436576,0
456,479,F,40s,electronics,pc,0,189.58,2,0.5387705493614884,0
566,147,F,50s,food,mobile,7,383.59,5,0.2250717320065354,0
564,259,F,40s,electronics,tablet,1,123.84,4,0.19266684584113186,1
660,292,M,40s,food,tablet,12,341.82,6,0.2142018798440098,0
160,299,F,40s,book,pc,20,236.04,7,0.04542454063872055,0
882,143,F,50s,electronics,pc,1,332.53,2,0.07714680845123494,0
14,481,M,30s,food,tablet,3,193.0,5,0.04288523406727948,0
178,425,M,40s,book,tablet,1,150.7,3,0.23361225381713852,0
412,235,M,30s,fashion,tablet,12,245.57,0,0.1500222540887113,0
878,115,M,10s,sports,pc,3,448.08,6,0.12013497489117105,0
53,365,M,20s,book,tablet,20,339.05,4,0.4300302123595215,0
408,90,M,30s,book,tablet,14,307.77,2,0.19189500551357716,0
847,208,F,10s,fashion,tablet,20,361.33,5,0.4536264332766777,0
22,164,M,20s,electronics,mobile,11,365.91,6,0.30939525190304207,0
30,481,M,40s,food,pc,11,150.9,4,0.05134449632919865,0
703,84,M,40s,electronics,pc,4,120.21,5,0.15864047943379458,1
260,77,M,40s,book,pc,9,257.02,5,0.0838568648740198,0
205,161,F,50s,food,pc,1,78.18,5,0.21482895651843656,0
59,5,M,50s,sports,mobile,7,240.0,2,0.10426299199755071,0
471,485,M,50s,sports,mobile,4,348.06,9,0.07743083953030068,0
776,78,F,50s,food,mobile,21,8.67,5,0.1231344655663961,0
466,91,F,10s,book,mobile,7,60.02,5,0.06023795691831654,0
12,87,F,10s,fashion,mobile,23,481.27,3,0.1673034167785991,0
631,270,M,40s,electronics,pc,12,464.33,5,0.15779322668632176,0
927,104,F,20s,electronics,pc,12,211.87,6,0.2095347426409921,0
974,452,F,50s,fashion,pc,22,297.07,8,0.2460413533879347,1
290,487,F,20s,fashion,mobile,14,81.87,4,0.3153958350952497,0
850,500,M,10s,sports,tablet,14,168.85,4,0.2205530917531701,1
760,339,M,50s,fashion,pc,23,397.5,3,0.04195970763207831,0
354,175,F,10s,food,pc,10,428.7,9,0.14014194425122053,0
639,54,M,10s,sports,tablet,22,205.62,6,0.4055988177928645,1
75,388,M,30s,book,mobile,9,158.97,7,0.3087217634589999,0
873,478,M,10s,sports,tablet,5,342.43,1,0.04307879550517939,0
716,211,M,40s,sports,tablet,4,360.36,4,0.12018640610121578,0
561,95,M,10s,electronics,pc,4,491.98,12,0.414758911306219,0
591,223,F,50s,fashion,pc,7,350.18,4,0.4657411189517699,1
441,9,F,40s,food,mobile,0,123.88,2,0.3084254937859933,0
991,53,F,10s,fashion,tablet,1,34.69,6,0.4772245879760104,0
241,77,F,40s,electronics,mobile,16,132.51,6,0.3083709923260175,1
861,206,M,10s,fashion,tablet,6,117.19,2,0.16349297826842787,1
154,316,F,40s,food,pc,22,50.95,8,0.13494680634295572,0
786,302,F,20s,fashion,tablet,8,224.97,5,0.1838525054961517,0
96,310,M,30s,electronics,mobile,3,147.63,6,0.13819756988767234,0
726,330,M,40s,food,tablet,6,462.92,5,0.27348723773258843,0
294,112,M,50s,fashion,mobile,9,204.94,5,0.04520501991734132,0
209,351,M,30s,electronics,tablet,15,438.93,8,0.1810662998707168,0
343,165,F,30s,electronics,pc,9,156.83,3,0.275446514778108,0
88,279,M,10s,sports,pc,6,416.59,5,0.1916133247618087,1
818,27,M,40s,food,mobile,1,229.98,4,0.11325753150493746,1
776,70,M,30s,food,pc,1,21.02,8,0.19606987394055075,0
937,218,M,50s,fashion,tablet,7,246.04,4,0.33214681510538147,1
390,450,M,50s,sports,tablet,13,117.25,6,0.3614168343736703,0
325,365,M,50s,food,pc,17,157.18,7,0.250192883103793,0
940,189,F,10s,electronics,mobile,0,343.76,4,0.06174570223032719,0
889,333,F,20s,food,tablet,16,267.1,6,0.6505569447143897,1
832,435,F,40s,sports,mobile,16,444.86,4,0.12723309325916968,0
157,306,M,30s,book,tablet,21,468.3,5,0.1718169179027627,1
668,124,M,40s,electronics,mobile,4,347.02,5,0.2881603025421915,0
651,19,F,30s,food,mobile,15,432.45,5,0.30775538089442,0
633,257,F,10s,electronics,tablet,6,101.56,11,0.3460670944326046,0
577,296,F,40s,fashion,tablet,14,44.24,3,0.10388193174391226,0
619,416,F,10s,electronics,mobile,18,169.82,6,0.40455276514763594,0
659,22,M,10s,food,tablet,20,166.23,8,0.19052741576254026,0
137,368,F,40s,fashion,pc,1,334.22,6,0.3213881866357533,0
923,477,M,40s,fashion,tablet,15,420.98,9,0.3740599815200868,0
674,450,M,30s,fashion,mobile,8,151.96,6,0.4003379303433334,0
428,40,M,50s,book,tablet,19,215.26,7,0.44113651820873073,0
452,38,F,10s,book,tablet,17,56.95,4,0.22575536672088037,1
612,48,F,20s,fashion,mobile,9,209.31,3,0.16046292525720923,0
850,183,F,30s,food,tablet,23,111.13,8,0.06317333538775578,0
911,75,M,30s,fashion,mobile,19,194.32,5,0.38937917160495084,0
819,209,M,50s,fashion,mobile,20,136.84,5,0.0671244182110177,0
141,183,F,50s,electronics,mobile,3,405.32,2,0.08556699274452126,0
83,435,M,10s,electronics,mobile,1,7.01,8,0.5563299799611441,1
177,107,F,30s,electronics,pc,13,172.66,1,0.26137642555680596,0
198,188,M,30s,sports,pc,21,484.77,6,0.26559897212000505,0
624,264,M,20s,electronics,mobile,0,341.1,2,0.03567742966961247,0
568,86,M,10s,electronics,tablet,7,387.22,5,0.2469857952479836,0
972,324,M,10s,food,pc,10,430.64,2,0.16694695413515526,0
691,331,M,50s,book,mobile,0,184.11,8,0.35076967650970037,1
421,456,M,10s,book,pc,4,37.64,5,0.2065994488883822,1
401,137,M,20s,book,mobile,12,208.29,6,0.03319416143769406,0
698,346,F,10s,sports,pc,16,328.09,5,0.4528856219068056,1
471,386,M,40s,fashion,mobile,9,188.54,5,0.14123472541518023,0
218,336,M,40s,electronics,pc,22,226.91,7,0.3784722864249099,0
925,95,F,20s,food,pc,6,413.62,9,0.24441409533932631,0
929,326,F,50s,sports,tablet,12,22.94,4,0.06378921184686856,0
828,245,F,30s,book,pc,20,170.69,6,0.13645227947935537,0
987,469,F,10s,sports,tablet,3,246.76,2,0.20442404976707856,0
729,90,M,50s,food,pc,20,153.1,3,0.1623824333775376,0
632,59,M,50s,sports,mobile,12,225.69,5,0.3412405717771883,1
951,403,F,10s,book,tablet,0,203.87,5,0.10861008189889672,1
906,28,M,30s,fashion,pc,10,462.33,8,0.3953225279158118,0
175,72,F,10s,book,tablet,20,249.1,1,0.09722438776147438,0
23,270,M,30s,book,mobile,8,240.78,2,0.3461230599343993,0
725,24,M,20s,book,mobile,12,130.97,1,0.29793854778712553,0
917,112,M,30s,sports,mobile,10,27.93,4,0.3973658218090489,1
235,300,M,50s,food,mobile,7,153.24,6,0.06258291073147584,0
13,485,M,20s,book,mobile,6,18.47,7,0.14196042017067828,0
101,56,F,40s,sports,tablet,21,414.25,5,0.242297656756397,0
929,474,M,20s,food,tablet,19,106.12,7,0.34215395506500973,0
536,223,M,30s,fashion,pc,14,456.04,3,0.13904354734947583,1
876,120,M,20s,book,pc,14,443.49,3,0.2128694320545815,0
523,179,M,20s,electronics,mobile,20,334.02,3,0.3316723613216947,0
785,288,M,40s,sports,mobile,11,431.96,5,0.16132906823211435,0
452,434,F,30s,fashion,tablet,16,439.57,9,0.10210710249907427,0
431,425,M,50s,fashion,mobile,22,389.29,3,0.3285433581446688,0
793,450,F,20s,fashion,mobile,5,256.42,4,0.05031625852067015,0
606,281,M,10s,sports,mobile,12,475.27,5,0.07219144450011147,0
713,372,M,50s,food,pc,15,409.78,8,0.2342265830084122,0
533,492,F,20s,electronics,tablet,22,67.86,3,0.2272651885299731,1
852,189,M,50s,food,pc,0,212.85,5,0.13153813493234545,0
979,66,M,10s,book,mobile,12,272.15,2,0.033663641809599576,0
723,298,F,50s,electronics,mobile,6,267.06,3,0.18704454944962848,0
652,449,M,50s,food,pc,12,192.87,4,0.4421819990956867,0
293,420,F,10s,book,pc,6,268.16,6,0.19488251984403476,0
810,249,F,10s,electronics,tablet,7,51.03,4,0.08293640553739132,0
913,76,F,10s,sports,mobile,17,329.34,7,0.0924578270172192,0
101,137,M,40s,book,mobile,16,251.38,4,0.1298141242282437,0
502,164,M,10s,food,pc,15,394.89,3,0.06662894943926315,0
304,233,F,50s,electronics,tablet,16,348.23,3,0.2462414591013197,0
871,255,M,10s,book,tablet,7,60.82,1,0.2997485489945278,1
540,476,F,20s,book,mobile,6,178.6,3,0.18333515276862383,0
553,294,M,10s,sports,mobile,17,369.44,7,0.22639360501325478,0
355,417,F,10s,book,pc,3,171.76,5,0.37535520177761583,0
303,170,M,30s,electronics,mobile,23,285.62,3,0.15006824965237903,0
496,317,F,50s,fashion,pc,21,480.83,5,0.14627132337891308,0
658,174,M,50s,electronics,mobile,1,44.56,5,0.2350294940149473,1
768,470,F,20s,electronics,mobile,15,99.19,5,0.13392069654450087,0
974,345,M,40s,sports,mobile,17,242.9,3,0.27344318247055466,0
227,445,F,30s,sports,tablet,22,370.52,6,0.06045978619112942,0
236,18,M,20s,book,mobile,7,168.41,3,0.16273242043827793,0
873,70,M,20s,sports,mobile,13,63.14,7,0.08331433710792761,0
892,338,F,50s,book,tablet,17,161.31,2,0.3370467310136877,0
455,116,M,30s,fashion,tablet,18,323.99,6,0.34598891893701506,1
13,80,M,50s,food,mobile,23,397.31,3,0.03706451183620838,1
210,15,M,40s,sports,tablet,3,488.62,5,0.29693655521695733,0
741,176,M,50s,sports,tablet,21,381.87,5,0.32529309251363875,0
397,456,F,10s,fashion,tablet,13,248.67,9,0.30364148874349384,0
100,269,M,50s,sports,tablet,1,149.85,6,0.08304682378653619,0
31,119,M,10s,fashion,pc,16,464.12,3,0.24047241736486497,0
898,299,F,20s,book,mobile,5,269.43,5,0.053007772378791104,0
528,188,M,40s,sports,pc,7,345.95,7,0.11794554271568161,0
649,57,F,10s,sports,mobile,15,238.86,5,0.11860042577659492,0
329,199,M,40s,book,tablet,20,124.84,5,0.12338299318270583,0
166,17,F,50s,sports,pc,0,275.73,7,0.014207222727056898,0
459,434,M,50s,electronics,tablet,17,420.75,4,0.0417696857188799,0
822,288,F,20s,fashion,tablet,2,194.74,5,0.039139313849956336,0
952,406,F,50s,food,tablet,17,336.02,4,0.4121797313720211,0
982,55,F,10s,electronics,mobile,9,25.97,5,0.247612364312088,0
993,499,M,20s,food,tablet,1,468.59,5,0.09300565751202437,0
100,441,F,40s,electronics,mobile,18,485.12,6,0.2142825497185537,0
621,269,M,20s,electronics,mobile,10,196.22,8,0.2122434528048804,0
855,303,F,40s,electronics,tablet,18,251.7,3,0.38924906971090445,0
173,87,F,30s,fashion,mobile,23,84.49,3,0.01034894291474936,0
749,318,F,10s,food,pc,23,102.12,7,0.4130603203449208,0
162,438,M,10s,book,mobile,2,303.02,7,0.44714615593752427,0
905,29,M,40s,book,tablet,9,315.37,3,0.11709631081850634,0
728,22,F,50s,sports,tablet,15,174.1,4,0.33145256237213766,0
776,321,F,50s,fashion,pc,2,190.14,6,0.05691797912020765,0
263,285,F,30s,fashion,pc,23,255.58,8,0.36626620369899493,0
804,48,F,40s,fashion,mobile,18,470.2,7,0.1994885349509233,0
274,5,F,30s,electronics,mobile,19,79.08,4,0.07276122138358007,1
3,250,F,40s,fashion,pc,20,278.01,6,0.20532441672882473,0
28,163,F,30s,book,tablet,6,33.8,4,0.4772517768375927,1
326,202,F,40s,fashion,tablet,16,231.88,3,0.06475720666024724,0
940,467,M,10s,electronics,pc,7,201.62,4,0.13342657179735032,0
149,101,F,30s,food,pc,2,86.28,4,0.14627857117058776,0
540,71,M,30s,fashion,tablet,6,86.18,4,0.24783615315635485,0
488,430,F,40s,food,tablet,9,227.8,3,0.048168758276804065,0
822,163,M,20s,sports,mobile,18,67.66,4,0.215866873215962,0
438,173,M,20s,electronics,pc,14,150.92,0,0.12845707171125278,0
65,141,F,10s,fashion,pc,14,40.25,5,0.39715728099802744,1
356,138,M,50s,sports,pc,4,152.16,6,0.10397857293592744,0
533,66,M,50s,sports,tablet,2,269.18,3,0.13978516765604224,0
252,198,F,10s,food,mobile,2,373.22,4,0.2373568193704974,1
235,328,F,50s,book,tablet,3,416.05,6,0.1425222899581728,1
227,228,F,40s,book,pc,14,172.23,8,0.26632857284462236,0
525,281,M,20s,book,pc,15,469.7,5,0.14205256175831826,1
313,172,F,10s,book,pc,4,124.11,6,0.03297600082049127,1
49,316,M,40s,electronics,pc,20,44.89,6,0.18195473196721823,1
118,431,F,10s,fashion,pc,7,462.88,8,0.018059512071495535,0
54,40,F,20s,fashion,tablet,9,272.21,4,0.11612017807972798,1
650,7,M,50s,electronics,mobile,21,178.93,2,0.07137282505869631,1
565,174,M,40s,food,pc,20,449.56,5,0.3922412811835311,0
44,151,M,20s,fashion,pc,1,388.99,6,0.16847221916280875,0
815,211,F,10s,sports,pc,13,417.06,3,0.20003394866179627,0
53,302,F,30s,fashion,tablet,4,149.71,4,0.29734463434483344,0
586,86,F,40s,electronics,tablet,6,437.38,3,0.20755165907964426,1
558,397,M,10s,food,pc,10,326.64,5,0.24461882892313083,0
525,253,M,10s,fashion,pc,2,370.32,5,0.09586744809250315,0
677,21,M,20s,electronics,pc,11,159.65,7,0.0754447450932065,0
102,257,M,10s,sports,pc,13,126.28,7,0.3539786726548765,0
792,379,F,40s,book,pc,22,207.05,6,0.19944004633005583,1
770,403,M,40s,sports,tablet,0,289.73,5,0.3284392996593488,0
982,381,M,10s,sports,pc,21,334.66,3,0.07791919604131727,0
849,444,F,20s,food,pc,15,251.49,5,0.18823901011264713,0
868,33,F,40s,fashion,pc,14,350.94,9,0.2406205487432432,0
398,260,M,30s,book,tablet,0,355.62,4,0.3129273949028446,0
138,234,M,50s,electronics,pc,22,334.71,7,0.6544350417047148,1
675,3,M,20s,book,tablet,21,129.29,8,0.21493978881942757,0
921,347,M,20s,fashion,mobile,12,225.93,6,0.12276302482250412,1
387,308,M,50s,food,tablet,14,384.05,8,0.16144479179296659,0
111,489,M,50s,fashion,pc,16,444.05,5,0.27251195931923566,0
614,227,F,40s,electronics,tablet,8,253.08,6,0.16209852776823447,0
17,284,F,10s,book,pc,4,493.46,5,0.3154226679106104,0
780,70,F,10s,sports,tablet,22,91.48,5,0.30663615859212734,0
182,454,F,30s,fashion,tablet,11,116.07,6,0.1125188043534326,0
884,439,M,10s,food,mobile,16,233.07,7,0.5254200948392977,1
536,313,M,30s,food,tablet,10,256.83,3,0.07607906914722509,0
541,364,M,30s,book,mobile,10,215.12,5,0.49410440751218226,0
171,471,M,20s,sports,mobile,23,218.05,9,0.3224855093337604,1
409,254,F,20s,electronics,tablet,7,246.19,6,0.1981332938924662,1
740,481,M,40s,sports,tablet,14,163.48,8,0.23091095428891925,0
378,144,M,50s,book,tablet,1,69.82,9,0.23805632097008494,0
188,24,M,50s,sports,mobile,21,478.27,4,0.08903843102856308,0
858,453,M,30s,book,pc,9,398.52,5,0.16556996919645295,0
230,425,F,50s,sports,pc,20,408.38,6,0.12155847545865445,0
833,234,M,30s,fashion,mobile,21,185.65,4,0.47413610150416774,0
852,333,F,50s,food,mobile,13,204.92,7,0.17877027288474537,0
119,175,M,40s,book,tablet,4,468.24,7,0.0853589726511871,0
156,332,M,20s,book,tablet,16,486.59,9,0.07432751398302125,0
784,325,M,20s,food,pc,17,471.6,4,0.14019287469164932,0
687,357,F,30s,electronics,pc,18,323.09,4,0.06433163538085096,0
465,159,M,50s,book,pc,6,125.14,10,0.048972545364479717,0
104,348,M,10s,fashion,tablet,17,304.46,6,0.009926032822583133,0
604,348,M,40s,sports,tablet,11,296.6,5,0.32650644496026954,0
698,286,F,50s,fashion,mobile,14,454.58,4,0.1188582420444158,0
972,18,F,10s,book,tablet,13,159.28,3,0.04705457254037565,0
795,44,M,40s,electronics,pc,9,104.34,4,0.1009844417095836,1
502,155,F,40s,book,mobile,16,136.57,3,0.2823911262488214,0
693,355,M,20s,electronics,tablet,0,125.36,5,0.23543746294309492,0
682,410,M,30s,food,pc,3,325.95,5,0.702497254501205,0
699,377,F,50s,sports,tablet,8,407.15,3,0.07344890395653526,0
175,231,M,40s,fashion,mobile,3,187.22,5,0.19015039313555546,1
734,497,M,50s,electronics,tablet,18,92.32,10,0.11786178966137836,0
745,371,F,40s,fashion,pc,23,174.83,5,0.20553663802846117,0
674,316,F,20s,food,mobile,4,275.55,11,0.22361233281675358,0
421,402,F,30s,book,pc,17,333.92,3,0.37755462144222324,0
134,225,F,10s,electronics,mobile,14,277.15,3,0.3019009887103277,0
391,217,M,10s,sports,tablet,19,132.08,5,0.07416448404401736,0
992,56,M,20s,electronics,tablet,7,459.42,3,0.4076043452602537,0
736,31,M,40s,book,pc,1,221.72,6,0.13315289874771327,0
501,357,M,20s,book,tablet,12,232.19,2,0.17273572807674575,1
665,59,M,30s,sports,mobile,12,483.86,7,0.0573536135437603,0
33,380,M,10s,sports,tablet,13,434.84,6,0.09500100452146626,0
55,386,M,50s,food,tablet,14,404.1,6,0.1979919639287626,0
954,353,M,10s,fashion,tablet,20,95.43,5,0.31942283122178744,0
519,423,F,30s,electronics,tablet,11,419.85,7,0.055987435197019736,0
756,445,M,40s,food,tablet,22,230.38,2,0.14452191408751505,0
825,235,M,20s,fashion,tablet,4,108.65,3,0.18028200792136237,0
638,107,M,10s,food,tablet,2,495.49,4,0.05424216712280112,0
12,191,M,10s,sports,tablet,17,90.17,5,0.0835402603267413,0
528,480,M,50s,sports,pc,2,461.36,5,0.09553283467287645,0
720,18,F,20s,book,pc,13,5.26,5,0.2244564974842185,0
555,401,F,50s,electronics,tablet,1,221.77,2,0.21867261649898173,0
373,226,F,50s,electronics,pc,17,19.8,2,0.057886664325623505,0
484,167,M,40s,electronics,tablet,12,456.66,4,0.17669076253149335,0
973,71,M,10s,food,tablet,1,67.32,4,0.1880964604593011,0
647,362,M,20s,food,tablet,11,338.18,10,0.14197526598004975,0
228,54,M,40s,electronics,pc,1,317.45,7,0.4338973965653386,1
623,245,F,40s,book,mobile,7,390.64,3,0.3543655199553593,1
307,483,F,40s,fashion,tablet,4,374.7,5,0.36104339998084334,0
457,350,M,30s,food,tablet,10,21.06,8,0.45000768555216486,0
160,76,M,30s,electronics,mobile,12,197.26,7,0.24522614324496841,0
331,35,F,40s,sports,pc,20,164.65,6,0.11705382458968966,0
776,267,F,30s,food,mobile,16,486.58,6,0.0854689357812595,0
225,317,F,20s,fashion,tablet,23,388.57,8,0.13301311192025891,0
983,300,F,10s,food,mobile,15,355.44,4,0.2537870771349169,0
729,121,F,20s,fashion,tablet,18,223.87,6,0.0215797873059415,0
504,324,F,10s,fashion,pc,14,446.03,5,0.23923786673892772,0
456,25,F,30s,food,pc,17,13.33,5,0.5372094818180303,0
45,432,M,20s,fashion,pc,5,118.08,8,0.22119579928914954,0
214,160,M,50s,food,tablet,3,349.03,3,0.3188396858988123,0
59,84,F,40s,food,pc,3,256.65,7,0.45208872137717127,0
644,114,M,10s,book,mobile,12,269.23,4,0.04690848188785107,0
616,223,F,10s,sports,pc,8,211.09,7,0.4168947408630311,0
195,388,M,50s,fashion,tablet,9,87.4,3,0.054485926460187954,0
925,166,F,50s,food,mobile,13,87.28,4,0.21335394965966262,0
489,191,M,40s,fashion,mobile,7,150.77,8,0.023065521946503794,0
157,175,F,30s,food,mobile,2,236.81,6,0.013499005173758882,0
610,1,M,20s,food,mobile,8,412.94,2,0.18051928174614884,0
226,387,M,20s,food,tablet,0,226.18,3,0.15406120631995807,0
412,229,F,20s,sports,pc,14,449.41,6,0.15821122702138374,0
205,86,F,30s,fashion,mobile,14,64.66,6,0.1493203819402877,1
79,62,F,40s,sports,pc,6,139.53,3,0.031075403866984475,0
124,320,M,20s,sports,pc,14,39.91,3,0.14268335233764623,1
471,401,M,10s,sports,pc,6,257.46,7,0.05234247393223925,0
940,382,M,10s,sports,pc,12,49.57,3,0.23071654264228839,0
218,206,M,10s,book,tablet,11,398.86,4,0.03280028478528251,0
516,105,F,50s,fashion,mobile,17,24.68,9,0.30358901848446224,1
602,318,F,50s,fashion,mobile,6,240.32,5,0.038677772272657965,0
104,291,M,30s,food,pc,6,213.2,8,0.06108739468753195,0
393,250,F,20s,fashion,mobile,14,105.11,7,0.2309631731927728,0
631,13,F,50s,sports,pc,8,295.49,4,0.4379517919734553,0
645,163,F,10s,electronics,tablet,5,196.12,6,0.384443307996987,0
824,43,F,50s,fashion,mobile,8,102.99,2,0.3560763911216278,1
608,386,M,10s,electronics,pc,18,414.15,2,0.13579504544506465,0
980,440,F,20s,book,mobile,23,332.04,8,0.12993286922821146,1
434,111,F,30s,food,pc,19,11.02,5,0.14152285891377825,1
331,205,F,40s,food,mobile,15,253.42,8,0.3693397827158606,1
143,384,M,40s,food,tablet,15,139.3,7,0.27641306416597583,1
800,256,F,10s,book,mobile,0,457.98,3,0.30135488873490546,0
540,307,M,50s,sports,tablet,22,364.16,4,0.37932938033860686,0
278,438,M,50s,electronics,tablet,12,307.75,4,0.3951427684132205,0
233,144,F,10s,fashion,pc,18,49.08,6,0.22016240186540337,0
529,146,F,20s,sports,pc,3,465.67,0,0.27035596043964005,0
571,391,M,10s,food,mobile,18,76.38,4,0.10396743150671234,0
90,301,M,20s,food,tablet,21,228.12,6,0.20944480502689564,0
492,164,M,30s,sports,pc,9,342.12,2,0.13835738993233404,0
199,169,M,30s,electronics,tablet,12,249.91,4,0.21917815178427127,0
362,478,F,10s,sports,tablet,0,441.82,6,0.2242388978622221,0
441,298,M,30s,book,tablet,12,418.49,8,0.28993094593667657,1
26,233,F,50s,food,mobile,9,72.01,4,0.37365590556700207,1
25,391,F,20s,electronics,tablet,14,310.73,6,0.15231207802019892,0
394,271,M,40s,fashion,tablet,14,30.84,5,0.09612757177176122,0
507,60,F,40s,food,mobile,6,361.69,4,0.20752943427800846,0
301,296,M,30s,sports,mobile,13,369.33,7,0.227910265218167,0
339,467,M,20s,electronics,pc,7,175.52,4,0.25299166145302293,0
267,235,M,50s,food,tablet,18,394.36,6,0.1847433683997385,0
461,165,F,40s,fashion,tablet,17,328.09,6,0.3138952127061036,1
693,194,F,50s,fashion,mobile,14,254.51,3,0.3690550551696085,0
456,234,M,50s,sports,mobile,8,230.36,6,0.2851240450426654,0
360,368,F,40s,book,pc,11,59.02,7,0.10606801113037848,1
68,183,F,40s,sports,mobile,20,267.9,3,0.4670488950727479,1
863,333,F,30s,electronics,mobile,21,82.27,4,0.06572918772804216,0
412,232,F,20s,sports,mobile,13,329.74,7,0.10753654418645384,0
971,361,F,10s,electronics,mobile,1,299.38,5,0.29553074099026466,0
491,491,M,20s,book,pc,4,148.81,7,0.11920059631299133,0
833,107,F,10s,sports,tablet,21,127.26,6,0.07358005095748872,0
49,378,F,40s,fashion,tablet,4,240.65,2,0.19049891662931964,0
687,223,M,50s,electronics,tablet,13,258.68,5,0.20940047243607723,0
564,80,F,20s,electronics,tablet,3,399.97,10,0.3375721989873017,0
102,234,F,50s,fashion,tablet,23,155.46,7,0.429336583873558,0
216,381,F,20s,sports,mobile,1,204.69,6,0.07916524697580178,0
438,184,M,20s,book,tablet,0,174.93,6,0.1772618921678707,0
700,428,F,50s,food,mobile,1,200.09,7,0.2403517895776168,0
569,185,F,30s,sports,tablet,12,285.71,4,0.059407705426811674,0
559,134,M,40s,sports,tablet,19,280.95,3,0.07750292282335398,0
159,220,M,30s,electronics,mobile,16,183.86,10,0.23263587393451204,0
489,288,F,30s,electronics,tablet,12,303.21,9,0.10143566431753455,0
686,364,M,20s,book,mobile,16,309.94,7,0.4559444821459119,0
242,202,M,40s,book,pc,4,265.81,4,0.33660307378756227,0
794,370,M,20s,book,pc,23,228.92,5,0.15497012003294425,1
753,146,F,10s,fashion,pc,7,43.58,2,0.5717343752517335,0
882,324,F,20s,food,tablet,21,272.93,2,0.5728311228445929,1
5,127,M,50s,food,tablet,21,357.79,5,0.23462036336318973,0
596,457,M,20s,book,tablet,11,111.59,5,0.1271377752711981,0
820,135,M,10s,electronics,tablet,8,390.03,7,0.1943082768622838,0
361,114,M,20s,food,mobile,17,295.28,4,0.151975860528171,0
459,264,F,10s,sports,pc,15,122.57,4,0.18644717142415498,0
248,64,M,40s,fashion,mobile,18,85.66,2,0.13207907617566494,0
566,491,F,20s,electronics,pc,21,126.47,5,0.25720861800206035,0
673,135,M,10s,fashion,pc,7,380.75,9,0.1199661776655604,0
946,41,F,40s,sports,mobile,6,129.0,3,0.40179584635810045,1
422,296,F,50s,food,mobile,23,343.2,5,0.2538321821709731,0
923,3,M,30s,fashion,mobile,20,275.18,5,0.0342302829642363,0
738,401,F,10s,fashion,pc,8,275.69,6,0.12812212175401896,1
15,194,F,50s,fashion,mobile,21,427.04,8,0.52532138043064,0
736,463,F,40s,sports,tablet,11,437.99,7,0.2660243366114706,0
573,110,M,50s,electronics,mobile,13,270.77,6,0.1932160484511967,1
122,221,F,20s,electronics,pc,9,37.32,5,0.03463466279504974,1
277,370,F,30s,sports,pc,15,84.79,3,0.18095551698293272,0
558,368,M,10s,fashion,mobile,1,474.59,6,0.09213983669667723,0
453,436,M,40s,fashion,mobile,5,71.67,9,0.20173224046624483,0
390,406,F,30s,book,pc,10,418.5,4,0.07522526112229862,0
294,4,F,40s,food,pc,3,272.5,6,0.3431646737785461,0
574,244,M,50s,food,mobile,4,61.44,3,0.0707540691847153,0
598,390,M,40s,electronics,tablet,4,460.15,2,0.2781523568109487,0
446,166,F,40s,sports,tablet,16,464.41,9,0.18355713080372774,0
210,26,F,50s,fashion,tablet,4,309.6,1,0.12989871931577074,1
590,395,M,50s,food,pc,10,197.49,5,0.12118328398524537,0
714,474,M,30s,sports,tablet,8,305.71,4,0.15323216166835116,0
302,17,F,10s,sports,tablet,14,315.74,8,0.16221177911739862,0
909,216,F,50s,fashion,mobile,23,312.96,4,0.056502866454820624,0
223,92,M,30s,sports,mobile,23,368.04,4,0.16017678886098344,0
734,483,F,40s,food,tablet,2,38.24,3,0.5291885674634826,1
3,31,F,40s,book,pc,15,55.75,5,0.09738307769692761,0
990,205,F,20s,food,tablet,8,144.98,7,0.3244222171552648,0
518,419,F,50s,book,mobile,22,178.1,6,0.15235824216599175,0
93,400,M,30s,sports,mobile,5,320.83,5,0.0648137803892818,0
520,207,M,30s,food,mobile,8,90.08,4,0.07118280170526088,0
428,107,F,10s,fashion,tablet,21,272.81,1,0.1370144936405267,0
493,146,F,30s,sports,pc,18,96.74,8,0.2360382380514502,0
235,367,F,50s,fashion,tablet,5,180.97,3,0.38864102413665924,0
620,101,F,30s,book,mobile,10,468.07,4,0.2528030917549812,0
161,368,M,20s,electronics,mobile,1,448.37,5,0.1035943130758928,0
721,318,F,40s,electronics,mobile,17,476.79,6,0.2195497155956624,0
752,368,F,40s,book,mobile,6,297.75,8,0.11263316602807856,1
331,241,M,30s,electronics,tablet,23,253.14,8,0.1979303403681273,0
333,489,M,30s,sports,tablet,22,425.21,6,0.10726906313686048,0
50,411,F,30s,sports,pc,20,44.43,5,0.176834159052362,0
523,247,M,30s,food,mobile,3,489.33,3,0.22731361553583282,1
863,163,M,20s,sports,tablet,23,233.87,4,0.41464103411467096,1
668,372,F,50s,electronics,tablet,6,339.51,2,0.23981723548033976,0
492,173,F,20s,fashion,mobile,16,365.59,2,0.2087782642045845,1
582,35,M,20s,food,tablet,3,316.28,8,0.10616767927142232,0
681,284,F,20s,fashion,mobile,12,446.3,4,0.15088807929208672,1
272,359,M,40s,electronics,pc,19,147.64,6,0.06925315318853917,0
580,381,M,20s,fashion,mobile,18,268.49,5,0.2098958979813668,0
867,358,M,30s,electronics,mobile,3,218.0,8,0.11913891483816022,0
252,393,F,20s,sports,tablet,12,353.54,3,0.15967877227439597,0
560,460,F,30s,food,pc,0,200.58,6,0.058596252642910296,0
696,399,M,50s,book,pc,1,446.97,6,0.09727049023485128,0
832,21,M,40s,electronics,tablet,6,247.76,3,0.19432500743876255,0
699,308,F,50s,sports,pc,22,270.32,6,0.1264390302796728,0
90,163,M,50s,fashion,pc,16,249.23,5,0.11290711667954038,0
446,490,M,40s,sports,mobile,6,313.2,3,0.10530865550072638,0
332,97,F,30s,fashion,tablet,21,257.65,11,0.13061614779514913,0
139,307,F,30s,fashion,pc,12,469.02,1,0.1185514293928082,0
357,339,F,30s,fashion,pc,16,69.91,6,0.09899253031534451,0
601,55,F,40s,fashion,pc,0,11.65,5,0.39002474545924876,1
274,471,M,20s,food,mobile,1,263.28,2,0.08971858726825266,0
19,333,F,10s,fashion,mobile,5,383.49,7,0.04486432994784996,1
983,127,F,20s,food,tablet,11,325.86,8,0.4070881018492774,0
311,428,M,20s,book,tablet,12,481.55,3,0.13373302825109956,0
870,193,M,50s,food,mobile,19,95.23,3,0.08279606799520159,1
886,243,M,10s,fashion,tablet,19,348.52,6,0.08489606494192231,0
978,349,F,30s,book,tablet,21,408.85,6,0.1494086182817234,0
154,88,M,20s,sports,tablet,8,456.47,10,0.1197830133148193,0
390,336,F,40s,food,mobile,16,266.63,2,0.18770174908066733,1
260,409,M,20s,sports,mobile,17,184.74,3,0.10438885410423514,0
620,215,F,30s,book,pc,7,477.9,6,0.28984664876839067,0
883,92,M,20s,food,pc,7,396.78,2,0.23950098542642684,0
797,303,F,50s,fashion,pc,10,238.07,2,0.3491786497317256,0
571,464,F,50s,food,pc,21,327.33,7,0.11500150312098871,0
125,235,M,20s,fashion,tablet,21,142.9,1,0.3126969199729393,1
354,184,M,50s,electronics,tablet,7,309.35,2,0.16215512626487627,1
273,38,F,40s,food,mobile,17,272.31,6,0.030747747171846,0
619,139,M,10s,food,tablet,17,24.42,6,0.07586998698098657,0
811,195,F,20s,sports,tablet,12,433.55,8,0.10810852865896028,0
245,15,F,40s,sports,tablet,0,247.65,3,0.05671849320219497,0
848,257,F,40s,book,pc,14,242.47,5,0.17326085438173172,0
450,135,M,40s,fashion,mobile,21,145.3,6,0.12899170730683043,0
930,1,F,30s,sports,pc,5,102.21,9,0.20420335922697397,0
247,49,F,20s,book,tablet,5,149.23,2,0.20620747087902477,0
520,96,F,20s,fashion,tablet,12,326.74,3,0.014286552600580602,0
141,201,F,20s,fashion,mobile,1,53.34,3,0.11279233941546944,0
362,413,M,10s,fashion,pc,22,169.77,4,0.34787206747390526,0
8,26,M,40s,electronics,tablet,18,489.48,8,0.32778426100985847,0
478,343,F,20s,fashion,mobile,16,139.41,5,0.3804407526220772,0
352,429,M,50s,book,tablet,0,483.49,3,0.1664905808000554,0
996,235,M,30s,fashion,tablet,13,56.88,6,0.16105771588961088,0
495,349,F,10s,fashion,mobile,15,398.02,7,0.08889018449132434,0
606,244,M,30s,book,mobile,14,222.67,3,0.03784545404076328,0
833,358,M,40s,food,tablet,8,101.43,3,0.18901417471463158,0
427,481,M,50s,fashion,mobile,18,394.77,11,0.02722739560700041,0
39,327,M,40s,book,tablet,7,8.46,3,0.38524480094489805,1
593,396,M,20s,sports,pc,14,176.83,3,0.32801129568684106,1
187,351,M,30s,book,tablet,9,304.4,6,0.048526427197229514,0
596,416,F,50s,electronics,mobile,22,119.33,7,0.15517668223819495,1
600,374,M,30s,sports,pc,1,169.6,6,0.1973418671271907,0
754,404,F,10s,food,mobile,17,50.27,3,0.13884710143560033,0
854,375,F,50s,food,tablet,19,427.34,4,0.2008888994704693,0
93,51,F,10s,book,mobile,1,213.97,4,0.3842555785311305,0
86,81,M,50s,book,tablet,20,76.92,5,0.1183609446611145,0
44,36,M,20s,fashion,mobile,11,103.55,5,0.035088741755575754,0
137,67,F,30s,fashion,mobile,9,141.21,8,0.061253017759365536,1
421,129,F,30s,electronics,tablet,11,118.59,6,0.19733990323488682,0
74,370,F,40s,fashion,pc,6,254.14,6,0.11993969363669212,1
548,155,M,50s,book,tablet,1,453.08,3,0.18616216483048273,0
613,245,M,50s,book,pc,0,96.04,6,0.24815589776400712,0
988,111,M,10s,fashion,pc,1,229.46,3,0.08667286868376367,0
512,168,F,50s,electronics,pc,22,333.65,4,0.26239770722646927,0
156,481,M,30s,book,pc,20,95.98,10,0.05867561146887894,0
938,468,M,50s,electronics,tablet,16,81.23,4,0.019645265681433842,0
255,142,F,40s,book,tablet,19,81.9,4,0.12169879426394714,0
171,356,M,40s,electronics,pc,7,441.58,3,0.1892550019935368,1
981,197,F,30s,electronics,pc,20,357.08,5,0.07739495001679551,0
728,471,M,30s,electronics,pc,11,171.5,5,0.06939370542342603,0
170,109,F,30s,fashion,pc,1,451.77,6,0.28569193578705593,0
764,376,M,50s,food,pc,8,477.01,4,0.22433270222060092,1
872,79,F,50s,electronics,pc,16,202.15,4,0.10051418444119399,0
322,390,M,20s,electronics,mobile,16,257.67,5,0.12317663289424853,0
567,161,F,10s,book,pc,9,182.25,4,0.32183031367448167,0
456,439,F,50s,food,mobile,12,117.64,5,0.27481309626860345,0
944,19,M,20s,book,tablet,4,391.1,5,0.15644690436777597,0
603,127,M,20s,book,tablet,13,326.29,7,0.16637578879456447,1
790,205,F,40s,electronics,pc,13,186.61,4,0.1435533416598503,0
613,29,M,50s,sports,tablet,14,12.12,13,0.29999861797024635,0
155,445,F,20s,food,tablet,21,383.02,3,0.09163713693150405,0
889,454,F,40s,book,pc,4,241.3,2,0.18150706725713278,0
349,207,M,10s,sports,tablet,21,41.18,3,0.26249212119313725,0
451,464,M,40s,sports,tablet,5,66.63,7,0.08072945923270168,0
876,280,M,10s,book,pc,8,316.05,9,0.10405111961817233,0
653,151,F,30s,electronics,pc,8,275.43,4,0.17054611143124462,0
173,240,F,30s,fashion,pc,20,124.04,6,0.1545034971213872,0
10,266,M,40s,book,mobile,3,74.24,2,0.29129967431255044,1
740,182,F,30s,electronics,pc,0,442.94,2,0.17540373546855956,0
265,105,F,50s,food,tablet,21,71.76,4,0.11744759348065263,0
438,425,M,40s,electronics,pc,22,47.41,6,0.18158288389089755,0
760,433,F,20s,sports,mobile,22,311.87,9,0.10764866968402582,0
247,401,F,50s,food,tablet,14,130.01,6,0.22048276931443786,0
667,497,F,40s,food,mobile,13,330.02,3,0.05514423712101547,0
546,440,M,10s,fashion,tablet,0,247.1,5,0.18114548967488395,0
499,236,M,30s,fashion,pc,5,109.57,3,0.24018720241322328,0
129,173,F,30s,book,mobile,7,39.47,6,0.13197064795222613,0
672,158,M,30s,electronics,pc,2,39.97,3,0.052040376789428626,0
601,172,F,40s,book,tablet,16,295.0,4,0.1343053787502064,0
605,494,M,50s,fashion,pc,22,380.33,4,0.08374292025243239,0
327,458,F,10s,sports,pc,19,346.38,9,0.1277766482453075,0
753,311,F,30s,fashion,tablet,4,298.46,4,0.33971605866109233,0
835,403,F,50s,electronics,mobile,17,109.41,3,0.273676145234535,1
980,157,F,20s,sports,tablet,6,431.59,3,0.16274974492304753,0
404,258,M,20s,book,tablet,16,316.28,5,0.07798795713712232,0
629,164,F,10s,book,pc,14,348.63,7,0.2174427968214789,1
606,147,F,30s,fashion,tablet,19,115.8,4,0.0469392202951334,0
675,391,M,20s,fashion,mobile,23,134.44,7,0.11750593229924737,0
611,154,M,50s,book,tablet,15,454.24,3,0.33487338224745733,0
625,463,F,50s,book,tablet,12,240.66,5,0.15770469844200868,0
359,367,F,20s,food,pc,6,279.15,4,0.12621125470959502,0
603,38,M,30s,electronics,mobile,14,59.83,4,0.3535948773559676,0
858,131,F,10s,food,pc,22,200.31,10,0.09797193311658145,0
718,358,F,30s,food,pc,22,444.08,2,0.3494776835598745,0
17,255,F,40s,book,mobile,4,450.57,4,0.3451668453237448,1
274,208,F,20s,electronics,mobile,11,366.43,5,0.18496316699088147,1
685,450,F,40s,book,tablet,9,275.09,8,0.08117546474100777,0
116,95,F,20s,food,mobile,18,465.76,4,0.18686700943153,0
861,348,F,10s,food,pc,9,436.56,5,0.3907379867311137,0
980,327,F,30s,book,mobile,6,423.94,2,0.17912923244185955,0
693,478,F,30s,fashion,mobile,23,441.49,7,0.2033442924657049,1
91,171,M,20s,fashion,mobile,22,229.35,8,0.3466476720851324,1
82,250,M,50s,book,pc,21,265.12,13,0.04131037794116903,1
324,190,M,40s,sports,tablet,14,214.89,3,0.26738143274720894,0
961,199,F,30s,sports,tablet,8,371.33,8,0.3026556053649073,0
114,484,F,30s,fashion,pc,5,298.0,2,0.06535562911550565,0
769,221,F,20s,electronics,tablet,20,39.5,0,0.15524663238974978,0
58,24,M,50s,food,tablet,10,72.62,3,0.13069050928673465,0
154,244,M,40s,electronics,pc,5,100.2,6,0.018908437026970003,0
877,423,F,50s,fashion,pc,19,336.92,5,0.2273092632068655,0
404,324,M,50s,book,tablet,14,59.35,5,0.30121848839422394,0
628,128,M,20s,sports,mobile,12,272.71,3,0.22358168274658813,0
855,93,F,50s,fashion,tablet,5,421.21,7,0.026835516443671534,0
266,300,F,40s,electronics,mobile,19,474.02,5,0.06353731760234159,0
315,133,M,10s,electronics,pc,20,216.97,1,0.1304528063612557,0
715,55,F,10s,fashion,mobile,14,269.05,5,0.3790213537834866,1
41,477,M,40s,food,mobile,5,416.61,5,0.05972590334994315,0
105,158,M,20s,electronics,mobile,15,468.19,5,0.1452826324250228,0
901,29,M,30s,food,pc,0,197.98,6,0.05426440907090129,0
890,410,F,20s,food,tablet,5,179.76,5,0.32197151850530425,0
193,211,M,40s,book,tablet,15,228.17,4,0.3456983351540228,0
401,154,M,50s,fashion,mobile,21,130.63,4,0.278919444055256,0
278,293,F,10s,fashion,tablet,0,430.53,7,0.36277132648918564,0
354,475,F,50s,food,pc,6,162.51,5,0.40380755388083345,1
749,222,M,20s,book,pc,9,227.48,6,0.24340017858715116,0
937,115,F,40s,electronics,pc,20,163.38,2,0.44992009031830393,1
733,437,F,10s,electronics,pc,7,63.87,4,0.2621320924384608,0
580,158,M,40s,fashion,tablet,20,305.29,5,0.13036086969848887,0
709,259,F,10s,food,mobile,4,295.87,9,0.03916222448013464,0
256,251,M,10s,book,mobile,17,150.98,7,0.14170479784766069,1
651,122,F,10s,book,mobile,3,20.54,5,0.32289339210224427,1
824,299,F,20s,electronics,pc,19,468.69,3,0.15491213788707098,0
947,263,M,40s,electronics,tablet,15,181.0,5,0.2974355505168934,0
661,381,M,30s,sports,tablet,9,271.68,7,0.2057785283539164,0
99,49,F,30s,sports,tablet,15,76.16,1,0.2879931687360638,0
588,377,F,30s,food,tablet,7,129.33,7,0.07775879515389464,0
282,329,F,40s,sports,tablet,18,220.45,5,0.11411953437460932,0
883,297,M,50s,book,tablet,0,283.31,7,0.17879688922215856,1
403,362,F,40s,sports,mobile,22,427.74,4,0.3160444151491801,1
109,77,M,10s,fashion,pc,8,148.75,5,0.023375454215712133,0
700,463,F,50s,fashion,mobile,5,436.53,8,0.3699197776581126,0
199,438,F,10s,electronics,tablet,12,231.93,9,0.38801273878941345,0
303,127,F,10s,electronics,pc,12,219.18,5,0.07031244816732969,1
327,197,F,40s,food,pc,17,201.23,3,0.09634648905789638,0
154,221,F,30s,fashion,pc,13,443.66,3,0.0399309323282583,0
552,483,M,50s,food,pc,1,129.25,10,0.45491602012559595,1
645,91,M,20s,food,tablet,15,429.4,3,0.1362761188295044,1
405,411,M,30s,sports,tablet,16,49.11,3,0.01966105588849603,0
462,8,F,20s,electronics,pc,21,477.89,8,0.12851676522738775,0
132,32,M,40s,food,tablet,15,253.99,5,0.3878042348836859,0
791,468,M,50s,food,pc,13,499.46,6,0.08697578169351572,0
874,320,F,40s,electronics,tablet,12,305.93,7,0.14946695448217998,0
84,394,F,20s,electronics,pc,15,63.21,3,0.225153638201158,0
399,269,M,10s,fashion,tablet,23,35.14,6,0.30551138242606923,0
754,191,M,40s,electronics,mobile,0,100.74,4,0.35184119669895536,1
628,349,M,50s,sports,mobile,16,213.47,5,0.17105749560894873,0
109,163,M,40s,fashion,tablet,0,374.86,0,0.144988462133149,0
221,61,M,30s,food,tablet,9,5.35,5,0.18140822418927807,1
904,438,M,40s,sports,mobile,4,132.39,5,0.06252943805203444,0
553,264,M,20s,sports,tablet,6,295.85,1,0.24181045077012828,0
368,285,F,40s,fashion,pc,3,152.45,3,0.11605189083177264,0
147,95,M,50s,food,tablet,0,181.69,4,0.2635266781646186,0
112,41,F,40s,fashion,tablet,0,153.88,5,0.10643349344232132,0
615,414,F,40s,book,mobile,9,476.83,11,0.15891812653742823,0
558,470,F,50s,book,mobile,2,37.59,3,0.09570259178850717,0
924,149,M,40s,fashion,tablet,4,454.22,5,0.0729499558301933,0
494,204,M,50s,food,pc,12,165.0,4,0.10657467909426925,1
505,267,F,20s,food,tablet,20,127.04,0,0.1282737379059627,0
475,2,M,50s,electronics,pc,8,442.22,5,0.4057601935449905,0
836,178,M,20s,sports,pc,7,147.11,2,0.4108157861746362,0
890,425,F,20s,fashion,tablet,10,493.8,5,0.04611167927094703,0
271,194,M,50s,sports,pc,23,276.3,4,0.11675891161173348,0
995,482,F,40s,sports,mobile,13,240.8,6,0.20976706500476686,0
421,387,F,30s,book,pc,7,488.36,2,0.3870757980730706,0
897,336,F,50s,book,pc,23,117.25,4,0.11045045684550771,0
707,435,F,40s,fashion,pc,23,454.94,3,0.21810383436349268,0
367,196,M,20s,fashion,mobile,20,297.8,3,0.14047036888776543,0
280,343,F,10s,food,mobile,9,378.71,4,0.13107649734441765,0
283,249,M,30s,fashion,tablet,2,293.11,5,0.2890360145565291,0
40,498,M,40s,food,pc,3,311.23,5,0.19862892565234105,0
959,212,M,30s,food,mobile,22,81.69,4,0.18339445913151814,1
189,153,M,10s,fashion,pc,11,80.07,3,0.13483870988394026,0
164,158,F,10s,food,pc,8,201.59,3,0.2025004296701706,0
994,466,F,10s,sports,tablet,10,176.46,4,0.03398792684302986,1
989,362,F,50s,food,pc,10,357.47,5,0.15039253840541725,0
536,139,F,30s,sports,mobile,15,362.77,8,0.10942670237156904,0
536,221,F,50s,sports,tablet,12,284.08,1,0.17291286117235916,0
4,273,M,10s,sports,tablet,13,203.99,4,0.1465239939867787,0
835,154,F,40s,electronics,pc,6,340.02,5,0.11369930542017698,0
290,249,M,10s,electronics,pc,11,345.24,2,0.2890451780832515,1
953,279,M,50s,food,mobile,23,405.51,4,0.17651380445325787,0
433,440,F,10s,fashion,pc,18,406.81,5,0.3633290009545118,0
471,436,M,10s,food,mobile,7,39.44,8,0.15126208644781314,0
181,304,M,50s,electronics,pc,3,190.16,4,0.03145104228233383,0
248,276,F,50s,book,mobile,21,212.86,7,0.23677947014682554,0
628,493,F,40s,book,pc,16,424.23,8,0.09791609226534159,0
279,2,F,50s,food,tablet,1,253.39,3,0.07868172143619631,1
877,88,M,40s,electronics,mobile,22,246.96,7,0.20113218324573792,0
581,287,F,20s,sports,tablet,21,279.12,1,0.23895090364107036,1
863,411,F,20s,electronics,tablet,12,67.97,5,0.023092037201992103,0
254,130,M,50s,food,tablet,20,284.82,5,0.4203166722471632,0
181,78,F,10s,electronics,tablet,6,278.02,3,0.29113627087366095,1
830,260,M,30s,book,mobile,17,378.44,2,0.27845203465078605,0
681,241,M,10s,sports,pc,9,318.91,3,0.24043270114220025,1
825,141,F,50s,food,tablet,3,477.74,6,0.3024121228124321,0
509,228,M,40s,food,pc,20,44.65,6,0.1736805217808613,0
761,163,M,10s,fashion,mobile,7,386.97,9,0.1545957049386579,0
700,236,F,20s,sports,pc,21,376.99,3,0.17185885414632282,0
566,128,F,50s,food,mobile,21,138.33,2,0.19497914645265413,0
326,200,F,10s,electronics,pc,20,350.78,6,0.0695467373962599,0
357,450,M,10s,electronics,mobile,12,331.36,5,0.1536197483129397,0
825,390,M,40s,electronics,mobile,13,152.86,4,0.19952172293740636,0
650,31,F,40s,electronics,pc,20,363.27,8,0.15878676696359342,0
680,138,F,40s,food,tablet,16,465.67,7,0.4545532568347469,0
391,492,F,30s,book,tablet,11,156.08,6,0.30347901027191126,1
615,21,M,50s,sports,pc,3,490.14,8,0.11456365311454798,0
934,234,F,50s,electronics,tablet,8,116.02,3,0.12538842469863998,0
85,202,M,20s,food,tablet,14,71.65,5,0.305381547904065,0
317,279,F,20s,food,mobile,14,43.14,5,0.17497440611187867,0
212,131,M,50s,electronics,pc,17,110.77,6,0.19306313943009168,0
515,416,M,10s,fashion,tablet,5,174.54,5,0.07235556239857552,0
384,148,F,50s,food,tablet,1,367.91,8,0.10384519150797221,1
691,458,M,30s,sports,tablet,8,40.65,5,0.08243025459244045,0
342,29,M,20s,sports,pc,4,256.1,3,0.24490511691502934,0
815,361,F,20s,fashion,tablet,11,261.78,1,0.2530643998482466,0
964,308,F,20s,food,tablet,4,117.83,4,0.17344122876975188,0
988,371,M,50s,fashion,tablet,11,27.5,8,0.0965199724818161,0
844,430,M,20s,food,mobile,14,116.43,5,0.053400568049113764,0
38,162,M,20s,food,pc,1,119.04,6,0.06777977198121533,0
511,357,F,50s,fashion,tablet,10,345.57,5,0.1279712631395987,0
420,340,M,10s,book,mobile,22,120.72,6,0.41565525580288726,0
751,61,M,20s,electronics,pc,23,173.43,3,0.13497336267743532,0
169,125,F,20s,electronics,mobile,18,28.48,3,0.18047739866583284,1
965,456,F,20s,electronics,mobile,16,313.85,8,0.11832382364780118,1
909,71,F,30s,fashion,pc,17,239.7,3,0.18483765776449504,0
343,326,F,50s,food,tablet,9,175.76,4,0.31059271914334596,0
826,395,F,20s,food,tablet,4,352.93,10,0.252637572077789,0
306,364,M,30s,sports,mobile,20,342.65,2,0.38128144004258013,0
542,466,M,10s,food,pc,16,167.31,2,0.01341966877883779,0
702,243,M,10s,book,pc,0,356.16,3,0.2801237120720615,0
869,490,F,30s,electronics,tablet,12,177.36,3,0.1917003554840749,0
537,249,F,10s,book,mobile,1,114.89,5,0.2528274733941272,0
112,221,F,40s,electronics,tablet,16,361.32,4,0.21408515314298554,0
411,473,M,10s,fashion,pc,14,365.37,1,0.3003278991668591,0
947,447,F,40s,book,pc,7,433.55,4,0.17740539533237923,0
206,21,F,30s,food,tablet,1,252.97,7,0.08115935285180614,0
185,494,F,40s,electronics,tablet,7,120.03,4,0.07187685902334555,0
382,387,M,10s,sports,pc,4,419.26,5,0.28995924663353323,0
496,82,F,20s,book,mobile,16,91.46,6,0.5114734186963874,0
379,344,F,40s,fashion,pc,3,469.61,5,0.23894939866265688,0
47,367,M,10s,sports,mobile,11,156.79,2,0.0632757232578277,0
886,486,F,20s,fashion,tablet,17,14.29,3,0.363564887017169,0
740,10,F,30s,electronics,tablet,5,97.45,6,0.07939201204686257,1
551,411,F,30s,book,mobile,4,210.32,10,0.189424512085371,1
528,12,M,50s,fashion,pc,18,32.32,7,0.06358819950475744,0
504,263,F,30s,sports,pc,4,207.71,6,0.14731553670229322,0
22,145,F,50s,sports,mobile,9,105.43,5,0.642343677962671,0
213,449,M,30s,food,mobile,22,14.38,8,0.14772436708430003,0
310,192,M,30s,fashion,mobile,18,153.01,5,0.31054701871877216,0
661,250,F,30s,book,mobile,3,117.02,3,0.17293463534268386,0
968,114,M,50s,book,pc,12,212.78,7,0.21275233252240183,0
753,26,F,50s,food,tablet,12,380.71,4,0.13922509623131468,0
272,271,M,40s,sports,pc,16,257.34,3,0.16274756166581045,0
571,499,F,10s,fashion,mobile,17,385.19,4,0.31486979302915347,0
799,33,F,10s,sports,pc,18,171.66,6,0.18559574040493335,0
938,62,F,10s,fashion,mobile,22,11.53,5,0.19399481371463986,0
202,229,M,30s,fashion,mobile,22,461.48,6,0.23364124315303766,0
32,303,M,10s,fashion,mobile,16,160.78,7,0.05350658167957002,1
443,95,F,50s,sports,mobile,2,265.8,4,0.14683505748490386,0
162,35,F,40s,sports,pc,12,237.26,7,0.05710692712446959,0
767,193,F,20s,sports,mobile,12,293.63,8,0.12483136293804108,0
254,456,F,40s,electronics,pc,2,443.06,3,0.5095491884612189,1
521,76,M,10s,sports,pc,1,434.29,2,0.08190169433943224,0
977,379,M,10s,food,tablet,14,490.61,5,0.4546819806935929,0
651,249,F,50s,electronics,pc,2,266.54,7,0.19398802656693587,0
480,83,M,40s,fashion,tablet,21,461.62,5,0.49348615162026754,0
10,25,M,50s,book,tablet,15,243.81,3,0.27693068384785946,0
726,57,M,50s,electronics,tablet,9,26.98,6,0.12909389829283024,0
505,32,F,20s,electronics,pc,19,77.37,5,0.07505644670432625,0
785,319,F,50s,fashion,tablet,1,170.32,7,0.036274335873527935,0
836,12,M,50s,sports,mobile,14,364.1,6,0.07207942392237833,0
560,319,M,20s,sports,pc,7,45.28,7,0.14215839614704429,0
436,333,F,30s,electronics,mobile,12,183.97,4,0.39826127703981196,0
111,92,F,30s,sports,pc,0,491.27,3,0.4401229871271422,1
153,1,F,20s,electronics,tablet,23,393.91,6,0.1631545041824408,1
635,435,M,50s,book,tablet,1,288.14,10,0.03848828032682397,0
917,326,M,10s,book,pc,8,35.58,7,0.24384045312625388,0
869,136,M,40s,fashion,tablet,19,12.24,6,0.2668464649740703,0
102,196,F,10s,food,mobile,19,57.1,4,0.24328339095083282,0
753,133,F,10s,food,mobile,22,166.93,3,0.19534697367863876,0
833,473,F,50s,sports,tablet,18,305.16,5,0.34153149832024615,0
191,86,F,40s,food,pc,11,102.75,3,0.02144054388792802,0
729,476,F,40s,book,pc,11,30.32,2,0.32970504251454175,0
563,295,M,30s,fashion,mobile,9,49.97,3,0.21112768794344572,0
804,279,M,20s,book,tablet,18,216.26,2,0.29350625560479215,0
81,324,M,50s,electronics,tablet,19,387.7,7,0.010911118574313605,0
489,180,F,40s,sports,mobile,9,411.44,7,0.27600093091296357,0
895,4,M,50s,sports,pc,18,149.07,5,0.26720857662311537,0
88,126,F,30s,food,tablet,23,333.4,5,0.16806287307548737,0
194,175,M,10s,electronics,pc,8,199.39,4,0.1977535567779695,1
104,251,M,40s,food,pc,4,486.39,4,0.2440412564984649,1
783,21,F,30s,food,mobile,2,205.46,5,0.3219071104527403,0
96,485,M,50s,food,pc,22,200.97,6,0.4873379061162969,0
423,440,M,30s,electronics,mobile,18,253.28,5,0.09025535351767676,0
891,105,M,30s,food,tablet,21,17.62,7,0.19305989826172976,1
198,66,M,30s,sports,pc,3,211.87,3,0.13759144677849758,1
1,443,M,30s,food,mobile,22,415.21,2,0.2730532838589449,0
407,263,M,30s,electronics,mobile,13,307.98,5,0.13166111423429397,1
378,49,M,30s,electronics,pc,5,484.86,3,0.21632371316265703,0
167,16,F,20s,book,mobile,12,166.18,5,0.08651520460309599,0
509,145,M,50s,food,tablet,6,84.95,2,0.4289537793763931,0
638,340,F,10s,electronics,pc,11,376.54,6,0.355619597482308,1
313,250,M,50s,food,tablet,19,26.61,3,0.19709140015470422,0
593,343,F,40s,fashion,mobile,13,83.98,4,0.29244032542850845,0
418,354,F,40s,sports,tablet,12,255.94,3,0.02734338609205643,0
763,75,M,50s,sports,mobile,10,378.0,7,0.12711119989075054,1
681,290,F,30s,food,mobile,5,302.48,3,0.41700084117323677,0
477,417,F,20s,sports,tablet,6,497.47,3,0.2522784212029486,1
73,282,M,10s,sports,pc,9,329.2,4,0.11732218148596985,0
141,66,F,30s,fashion,pc,23,363.86,6,0.17061078327451834,0
582,125,M,50s,sports,pc,14,496.99,10,0.2412575336780386,0
262,319,F,50s,sports,tablet,8,298.27,4,0.040061872293665195,0
340,87,F,20s,electronics,tablet,2,358.74,5,0.11723090904571085,1
308,41,F,20s,sports,tablet,4,152.67,11,0.12874235887853952,0
245,470,F,50s,food,tablet,9,270.69,8,0.07211248921581498,0
515,186,M,30s,sports,pc,14,456.42,4,0.19928787248712676,0
337,354,M,30s,food,pc,2,427.39,6,0.15770556439466046,0
575,380,M,30s,sports,mobile,20,156.61,2,0.10875766295138663,1
561,335,M,10s,food,tablet,17,181.82,3,0.06757767531341759,0
76,266,M,10s,sports,pc,2,423.95,4,0.34916501242393566,1
880,271,F,30s,food,pc,6,145.91,6,0.18139504948162138,0
175,42,M,50s,sports,pc,23,444.37,2,0.5300938456580452,1
109,93,F,20s,fashion,pc,20,388.02,6,0.22471529093716977,0
183,185,M,40s,electronics,pc,13,80.42,3,0.1558524611979301,1
192,215,M,20s,electronics,pc,15,361.28,6,0.2430060848222725,0
65,17,M,20s,electronics,tablet,18,417.99,3,0.19541862509717314,0
849,444,M,40s,electronics,mobile,3,76.45,4,0.13850848065750776,1
963,265,F,30s,fashion,mobile,2,231.39,3,0.004117754837042479,0
474,114,M,20s,fashion,tablet,2,432.0,4,0.30360507644232754,0
783,292,F,40s,sports,pc,8,103.33,4,0.10112198298558905,0
100,457,F,50s,fashion,tablet,3,227.3,9,0.10062512179623792,0
544,464,M,50s,electronics,pc,21,308.32,3,0.2662159744535468,0
864,292,F,50s,book,pc,18,53.14,5,0.03902703803567103,0
128,48,F,30s,sports,pc,23,109.97,6,0.0644926423303203,0
452,307,M,20s,food,pc,10,236.03,2,0.07949667086478801,0
914,97,F,20s,electronics,pc,14,189.97,3,0.22018035803257566,0
369,375,M,10s,electronics,tablet,3,165.76,6,0.08801265233876146,0
851,95,M,50s,electronics,tablet,7,18.05,5,0.15701177535182048,0
43,326,F,30s,fashion,mobile,1,464.33,5,0.3953294599874356,0
884,74,F,40s,food,pc,17,436.35,6,0.22048835316583607,0
419,336,F,30s,sports,tablet,2,199.35,3,0.3075594326502964,0
488,68,F,20s,electronics,tablet,2,94.78,6,0.36058048953760324,0
78,246,F,50s,food,pc,20,39.18,5,0.4106773272089118,0
826,406,F,10s,book,pc,18,65.98,5,0.3433913505841732,0
801,77,F,30s,fashion,tablet,11,303.0,7,0.34903992036006765,0
270,208,M,10s,electronics,pc,23,368.29,4,0.09107854411296816,0
674,372,M,20s,food,tablet,13,82.43,4,0.28511057898166287,0
701,254,M,40s,food,mobile,22,60.83,4,0.5211308812206233,0
759,221,F,30s,electronics,pc,12,347.08,6,0.03720627401937296,0
900,262,F,20s,food,mobile,15,260.93,8,0.28214783452697423,0
728,410,F,50s,food,mobile,16,189.06,8,0.18684211604912493,0
315,331,M,30s,sports,mobile,21,363.86,1,0.3482547941547322,0
925,344,M,10s,fashion,pc,17,230.56,4,0.4726102052774673,0
851,477,M,30s,sports,mobile,12,235.24,2,0.20648662237221543,0
902,259,F,20s,fashion,tablet,23,12.79,5,0.20989232033629657,0
889,308,M,20s,fashion,tablet,12,161.42,4,0.2251995689718576,0
993,74,M,10s,sports,pc,7,7.49,12,0.29002332773809636,0
945,125,F,20s,electronics,pc,6,462.3,3,0.2336949334970385,0
168,188,M,30s,food,mobile,7,150.5,7,0.21237073596589712,0
339,254,M,10s,book,pc,16,94.36,4,0.07429971158282044,0
193,447,M,20s,sports,tablet,23,49.99,7,0.1620364808398582,0
453,321,F,20s,sports,tablet,0,28.08,5,0.10057457690056673,0
283,308,M,30s,electronics,tablet,2,443.57,6,0.15892324981903516,0
336,235,F,20s,food,pc,3,88.41,6,0.3617401110041458,1
390,474,F,30s,sports,tablet,18,310.66,4,0.33112555614880185,0
1000,250,M,50s,book,pc,1,327.35,0,0.08836368244851127,1
525,332,M,30s,food,mobile,10,162.18,6,0.3804299003856563,0
240,398,F,40s,sports,tablet,10,417.46,5,0.2730173147855999,0
832,345,F,20s,sports,mobile,18,110.94,2,0.06159558851786788,0
958,72,F,50s,fashion,tablet,1,40.37,5,0.4271404765171207,0
483,235,F,10s,fashion,tablet,4,38.93,2,0.13736969781105257,1
659,324,F,40s,sports,tablet,18,153.71,4,0.1231049597475075,0
716,156,M,10s,electronics,mobile,8,234.31,2,0.3349033440916825,1
592,455,F,40s,fashion,tablet,6,316.53,12,0.26143216489372934,0
891,394,M,50s,sports,mobile,11,365.71,2,0.4238974121150193,0
555,115,F,50s,food,pc,18,93.45,6,0.4283776253221804,0
458,313,M,50s,book,tablet,17,343.54,6,0.20781354062637886,0
89,228,F,40s,fashion,tablet,17,95.36,4,0.09452116377616156,0
660,322,M,30s,sports,mobile,20,498.61,7,0.07028810741456758,0
95,346,M,10s,fashion,tablet,8,479.74,7,0.24259520862738787,0
452,245,F,30s,food,pc,1,55.69,8,0.23049016106997489,1
428,306,F,30s,electronics,tablet,1,329.28,6,0.3160792606318631,0
151,14,M,20s,sports,pc,14,452.12,4,0.26352932283099895,0
514,16,M,10s,food,pc,23,44.95,7,0.07327575353926287,0
376,438,M,40s,book,tablet,15,66.37,6,0.14248522895976054,0
22,427,F,20s,sports,tablet,13,176.76,6,0.16117935201331082,0
883,42,F,20s,book,pc,18,52.39,5,0.22401420157765625,1
313,465,F,50s,electronics,pc,14,443.37,4,0.0944105766205113,1
997,110,F,40s,sports,pc,2,438.39,1,0.5151603299072983,0
840,278,M,30s,sports,tablet,5,474.61,6,0.5310071615168754,0
519,324,F,30s,food,mobile,5,106.47,5,0.023967148845521317,0
206,19,F,30s,fashion,tablet,21,27.45,10,0.2439271661136275,0
952,66,F,50s,sports,mobile,20,225.09,6,0.19717895691007534,0
375,167,F,30s,electronics,mobile,19,440.87,3,0.07176188248802054,0
451,73,F,10s,sports,tablet,8,321.03,7,0.15020521288421396,0
626,403,M,30s,sports,mobile,10,499.17,5,0.28175233007706674,0
784,400,F,30s,sports,pc,3,453.31,3,0.49477617072395147,0
595,310,M,10s,sports,tablet,13,199.41,7,0.39140320502921766,1
179,409,F,50s,electronics,mobile,12,24.57,8,0.08544939991378651,0
210,112,F,20s,food,pc,14,7.56,9,0.18896697349273198,0
500,274,F,40s,fashion,mobile,16,323.88,7,0.23454303382269587,0
464,407,F,50s,electronics,mobile,7,458.3,7,0.34005217025609535,1
840,373,M,30s,electronics,pc,10,224.89,7,0.028864826701104487,0
124,85,M,20s,book,pc,23,437.77,2,0.2518332346195626,0
993,139,F,40s,fashion,tablet,10,285.54,4,0.24160564064552087,1
113,39,M,40s,food,mobile,15,53.52,6,0.3100060955927905,0
12,105,M,40s,food,tablet,2,400.17,6,0.09912143865435369,0
126,324,F,10s,book,tablet,22,248.83,11,0.2891137142940189,1
565,281,M,10s,book,mobile,14,30.28,5,0.23154700594646443,0
331,447,M,20s,electronics,mobile,12,408.23,2,0.26075003694790616,1
901,480,F,30s,food,tablet,6,380.04,6,0.19736803961543323,0
283,414,F,20s,food,pc,4,231.36,6,0.1760480807234334,0
140,429,M,30s,food,tablet,11,14.63,5,0.11762055097837908,0
401,123,F,50s,electronics,mobile,2,176.73,4,0.20648296220404588,0
902,218,F,40s,food,pc,11,220.3,3,0.13890320346833698,0
97,377,F,40s,sports,tablet,4,86.83,4,0.41584525919617454,0
517,61,M,10s,book,mobile,18,84.65,4,0.2559942218073936,0
569,100,F,50s,book,pc,18,87.66,3,0.038787946511617995,0
924,307,F,50s,book,pc,0,188.44,6,0.2405641036434513,0
846,354,M,30s,book,pc,19,409.68,7,0.10001579366978683,0
69,393,M,50s,sports,mobile,11,380.88,3,0.1804847950998054,0
118,204,M,10s,fashion,tablet,21,10.01,6,0.25921720243514745,0
888,258,M,30s,food,mobile,21,9.77,4,0.30433382056584607,1
59,486,M,20s,book,mobile,5,43.46,4,0.4713539207226274,1
33,5,F,30s,food,pc,20,235.96,1,0.2162840231230491,1
318,446,M,20s,food,tablet,17,445.0,2,0.019952307951199875,0
50,197,F,30s,sports,pc,20,95.22,3,0.05713463764267155,0
880,180,M,40s,food,mobile,15,241.01,5,0.021108302073634733,0
489,342,F,20s,book,pc,10,25.17,3,0.3182358962618226,0
19,133,F,10s,food,mobile,9,15.06,7,0.07786242443493176,0
726,443,M,20s,sports,mobile,2,8.7,4,0.24897821638937315,1
197,324,M,20s,book,mobile,17,369.66,4,0.5557523608124337,0
891,253,M,30s,sports,pc,11,16.79,3,0.10460861990451202,0
450,265,M,40s,electronics,tablet,13,140.54,5,0.28471123391405917,0
990,93,M,30s,fashion,pc,3,324.3,8,0.5641307849445774,1
559,150,M,30s,food,mobile,9,311.23,6,0.18824779815925125,0
679,411,F,40s,food,pc,6,32.3,5,0.16826173899182842,0
452,138,F,30s,food,mobile,15,132.05,0,0.4589993790746264,1
289,208,F,40s,electronics,tablet,8,321.46,8,0.4239218219174574,0
141,490,F,10s,fashion,tablet,2,199.16,4,0.10719253040710922,0
84,125,F,40s,sports,mobile,1,235.58,5,0.33361079746732314,1
694,234,M,50s,electronics,tablet,5,107.51,6,0.14209121225561286,1
391,61,M,40s,electronics,mobile,9,23.69,3,0.1784997048333913,0
591,307,F,40s,book,pc,3,175.88,5,0.5396613911035284,1
215,266,F,50s,electronics,pc,3,343.08,6,0.01765316054157646,0
526,134,M,40s,electronics,tablet,9,384.43,5,0.08301261391792605,0
215,318,M,20s,food,tablet,9,298.3,3,0.21721301699985157,0
403,113,M,30s,book,mobile,12,199.63,3,0.1041490423806663,0
128,389,M,30s,sports,tablet,5,293.65,3,0.09269499254536999,0
822,378,F,10s,fashion,tablet,6,353.97,11,0.23158912153681102,0
477,454,F,10s,sports,tablet,4,378.86,5,0.3063955887250214,0
760,191,M,50s,book,mobile,14,51.77,8,0.05514757068417772,0
404,379,M,20s,food,pc,7,402.48,8,0.22219655584165393,0
29,440,F,10s,fashion,mobile,9,36.42,5,0.18931455272057765,0
792,187,F,30s,sports,mobile,11,435.88,5,0.18215786002204482,0
338,319,F,10s,fashion,tablet,16,199.16,4,0.4424453529756411,0
831,367,M,10s,fashion,pc,15,275.73,4,0.1844702368059365,0
714,89,F,40s,fashion,mobile,0,148.54,4,0.20682077155358722,1
361,187,M,10s,electronics,tablet,3,216.2,2,0.23362277366098047,0
569,307,M,50s,book,mobile,7,423.37,2,0.340522122416763,0
392,434,M,30s,book,tablet,23,151.37,3,0.2673088483280862,0
218,132,F,50s,food,pc,5,284.27,3,0.2953032151805508,1
574,360,F,50s,sports,pc,20,325.3,7,0.2938069218258381,0
669,123,M,20s,food,tablet,9,77.47,4,0.07608834566079124,0
202,48,F,40s,sports,mobile,17,390.02,2,0.21478090826995686,0
17,288,M,50s,fashion,mobile,12,499.54,4,0.12980289419613056,0
322,376,F,20s,sports,pc,4,81.76,4,0.022580192918288236,1
518,179,M,30s,sports,mobile,11,385.1,4,0.04088291268567618,0
570,180,M,30s,fashion,tablet,20,77.8,8,0.09722052833195075,0
325,99,F,20s,food,tablet,17,475.38,3,0.11543837958717362,0
412,330,F,50s,sports,tablet,7,208.44,6,0.15603344231291158,0
318,34,M,50s,food,pc,13,490.06,4,0.19537807579409866,0
681,420,F,40s,food,pc,14,38.62,3,0.18156147381492937,0
965,70,M,40s,book,pc,4,396.54,5,0.04746744539459856,0
82,171,M,30s,fashion,tablet,4,239.32,5,0.1900900861401539,0
474,366,M,40s,fashion,pc,16,148.3,4,0.0971847845074961,0
468,272,M,20s,electronics,tablet,12,375.2,5,0.22211212604220232,0
425,59,M,30s,food,mobile,16,319.49,5,0.09058935003771279,0
945,181,M,50s,electronics,pc,10,451.93,9,0.07422911399731723,0
731,19,M,30s,fashion,mobile,0,128.16,7,0.1486930263102643,1
689,226,M,10s,fashion,mobile,23,470.17,7,0.1274158353615754,0
204,473,F,30s,electronics,pc,12,322.72,7,0.19551910112547843,0
583,95,F,40s,fashion,pc,17,227.96,8,0.4051154322902319,0
387,369,M,20s,fashion,mobile,23,31.3,2,0.14864072027595357,0
778,297,M,50s,book,mobile,5,383.76,6,0.03265007933416958,0
98,81,M,50s,sports,mobile,12,429.91,5,0.098660250071057,0
345,175,F,40s,book,tablet,20,405.74,5,0.11195514926490971,0
803,222,M,40s,sports,mobile,21,369.15,3,0.2617630936735157,0
208,103,M,40s,book,tablet,19,484.86,4,0.36368890307286356,0
514,54,M,10s,book,pc,10,425.31,3,0.2329978857385337,0
636,183,F,20s,food,mobile,18,464.3,6,0.17166083853584424,0
792,351,F,10s,electronics,pc,19,366.59,6,0.27341922475929364,0
586,403,F,40s,book,mobile,8,411.0,6,0.2764618843128022,1
166,318,M,20s,food,pc,12,148.13,4,0.10298443936647811,0
22,355,M,40s,book,mobile,14,336.11,5,0.1215699766244518,0
154,349,F,20s,electronics,tablet,23,106.74,5,0.0659593279565166,0
939,443,M,50s,food,pc,10,39.29,7,0.24325258983345094,0
439,321,F,10s,sports,pc,23,291.73,3,0.348510354104796,0
295,68,F,40s,electronics,mobile,15,392.54,2,0.24326487265722538,0
219,28,M,40s,fashion,tablet,16,45.97,3,0.2506319663590262,1
669,274,M,30s,food,tablet,4,94.73,2,0.060940406413912254,0
495,282,M,50s,fashion,tablet,21,51.02,3,0.06600573252032536,1
230,360,M,40s,food,mobile,13,318.92,7,0.31832164331149726,0
20,403,F,10s,sports,pc,14,44.35,4,0.08448798996831698,0
987,311,F,50s,food,mobile,8,51.18,3,0.1601462485819298,0
553,119,F,40s,book,tablet,13,135.76,5,0.21062087253692555,0
950,380,F,10s,fashion,tablet,9,138.77,7,0.15907327188212492,0
148,441,F,30s,fashion,pc,21,280.96,3,0.18333536644924017,0
108,134,F,30s,food,mobile,12,20.93,3,0.22726604078212054,0
403,129,M,10s,book,mobile,16,309.6,7,0.4079425180648704,0
596,8,F,50s,book,tablet,0,208.8,7,0.06628187217584226,0
483,481,M,10s,food,pc,13,93.47,4,0.15108082955669083,0
367,51,M,10s,electronics,pc,11,328.41,7,0.21856821676609475,0
834,491,F,30s,sports,tablet,6,168.19,5,0.06478519342369092,0
414,341,F,30s,food,mobile,2,414.61,4,0.11263954926702237,0
309,472,M,30s,book,mobile,22,494.77,8,0.025573589618584466,0
802,281,M,40s,sports,pc,20,390.62,6,0.11393006955917427,0
918,175,F,40s,food,pc,0,372.78,7,0.10690352396956321,0
835,183,F,20s,sports,tablet,23,180.8,2,0.20250092939661077,0
134,192,M,40s,electronics,pc,12,269.63,7,0.137568044644997,1
719,249,F,50s,book,mobile,21,31.08,4,0.16686992289264324,0
283,235,F,50s,electronics,mobile,1,365.03,2,0.13653804816009674,1
778,83,F,30s,electronics,pc,8,339.14,2,0.278999594141601,0
73,93,F,10s,book,tablet,17,138.33,6,0.01676736703272696,0
481,373,F,30s,electronics,mobile,21,269.4,3,0.019813892167226867,0
352,394,M,10s,food,mobile,3,341.26,5,0.2164169611128643,1
560,312,F,30s,food,tablet,15,187.11,6,0.29837432317072693,0
326,268,F,30s,sports,pc,5,364.18,7,0.25995299984120385,0
745,417,M,50s,food,mobile,19,399.37,3,0.4094642510740994,0
443,120,M,10s,food,mobile,2,115.65,3,0.20398918573787841,1
100,71,F,20s,sports,tablet,10,154.12,7,0.3203340400031908,0
59,17,F,20s,fashion,pc,23,203.77,6,0.3704469285016797,0
508,253,M,30s,book,tablet,4,121.66,7,0.38810320522222314,0
258,445,F,30s,food,tablet,0,388.93,4,0.10058218751897173,0
413,122,F,50s,sports,pc,7,288.06,6,0.2370251140678912,0
452,380,F,10s,electronics,mobile,18,193.15,5,0.17853173536721664,1
65,10,M,30s,electronics,tablet,3,12.95,3,0.06500892050477355,0
595,287,F,20s,food,mobile,8,166.31,4,0.1710449600812054,0
154,316,F,10s,book,mobile,2,419.07,7,0.19269976501541983,1
985,326,M,30s,sports,mobile,4,373.04,4,0.341065190380074,0
266,273,F,10s,sports,mobile,15,38.35,5,0.23202962122384233,0
821,306,F,50s,sports,tablet,7,401.72,5,0.04810917220584536,0
79,293,F,20s,sports,pc,5,93.63,12,0.13085721796328134,0
315,210,F,10s,sports,mobile,2,493.59,5,0.12607976884179886,0
662,446,M,20s,book,mobile,15,434.93,6,0.13745815773446454,0
947,218,M,30s,sports,mobile,7,457.06,5,0.1753505108261604,0
560,241,F,40s,book,pc,12,385.88,5,0.1366365734225745,0
917,374,F,10s,book,mobile,4,356.83,4,0.19782028876180707,0
891,464,F,20s,book,pc,5,126.0,7,0.1971074325303038,0
248,200,F,10s,electronics,tablet,2,295.27,3,0.13844756196843583,1
790,216,M,30s,fashion,pc,7,349.73,1,0.3032071014109068,0
868,205,M,30s,food,mobile,3,147.6,5,0.17294007665347977,0
610,413,M,20s,electronics,tablet,20,202.16,6,0.2859214907838457,0
414,416,F,50s,fashion,pc,16,473.79,6,0.015742035185602295,0
25,216,F,10s,electronics,mobile,7,206.94,4,0.14796183170995755,0
284,80,F,10s,book,tablet,20,161.11,4,0.0628266138392103,0
449,267,M,30s,book,tablet,18,58.07,2,0.4082334578255043,0
881,480,M,10s,sports,pc,13,173.96,6,0.31770391002920256,0
301,390,M,20s,book,mobile,8,308.01,4,0.1954491330626671,0
68,379,M,40s,electronics,pc,11,78.13,10,0.2780876123482129,0
7,35,M,30s,food,tablet,12,304.62,10,0.09728638531682154,0
817,289,F,40s,book,tablet,22,371.89,6,0.1730370383973823,0
137,18,F,10s,fashion,mobile,7,385.28,6,0.52227357711617,1
164,165,F,50s,electronics,tablet,2,492.48,6,0.01757875303981559,1
83,13,M,20s,fashion,mobile,21,220.11,3,0.11969783569447341,0
897,202,F,10s,sports,pc,14,21.05,6,0.14141447323396894,0
650,229,F,20s,sports,tablet,19,428.07,5,0.33320592486299944,0
420,346,M,10s,food,tablet,18,46.34,5,0.0915037327044413,0
73,366,M,10s,electronics,mobile,3,431.52,6,0.20387897810722255,0
237,465,M,10s,food,mobile,1,491.44,7,0.12002175160142056,0
46,448,F,30s,fashion,pc,4,453.88,7,0.1635154966349133,0
618,1,M,40s,food,mobile,23,482.19,3,0.3177325161643756,0
928,319,F,50s,fashion,tablet,20,16.55,6,0.4350440765974795,0
800,217,F,40s,food,pc,1,10.63,5,0.1031886182685311,0
262,34,M,40s,sports,pc,6,109.1,5,0.1762356121344828,0
176,359,F,20s,electronics,pc,23,400.36,5,0.21453939769052352,0
166,266,M,30s,food,mobile,10,49.26,3,0.10566254359860654,0
657,128,M,30s,fashion,mobile,11,374.53,5,0.11573129984492625,0
842,212,F,10s,electronics,tablet,3,11.22,5,0.180444067938226,0
370,263,F,40s,sports,pc,2,366.89,5,0.2523450613080542,0
795,312,F,50s,sports,pc,7,128.78,2,0.1117622542529597,0
54,80,M,20s,book,pc,17,223.02,1,0.28209344117843893,1
690,165,F,30s,electronics,tablet,22,488.37,7,0.15264013762135228,0
419,413,M,10s,food,mobile,23,278.11,5,0.15319077943011888,0
756,252,M,50s,sports,pc,4,41.94,8,0.21766875482806375,0
507,12,F,40s,food,mobile,15,437.2,5,0.15954521873327543,0
341,401,F,50s,food,mobile,22,165.22,4,0.3120262081356582,1
127,304,F,30s,fashion,mobile,11,294.75,5,0.09812355622846922,0
409,212,F,20s,food,mobile,8,357.33,3,0.1272196731547808,0
924,282,M,40s,book,mobile,7,389.87,3,0.45446868707568744,1
367,112,F,20s,electronics,tablet,4,219.09,6,0.09283376127903846,1
271,211,M,50s,electronics,mobile,19,387.68,3,0.06392697126562827,0
644,378,F,50s,fashion,pc,18,62.86,2,0.09785177126413636,0
605,239,F,10s,book,pc,14,265.21,9,0.24816205976438105,0
379,268,F,40s,book,pc,21,15.83,3,0.060384726604253425,0
73,405,M,50s,electronics,tablet,19,206.1,3,0.13332899245603025,0
923,298,F,30s,book,mobile,10,185.56,7,0.08363467128950342,0
922,317,M,30s,sports,pc,19,489.18,2,0.16955403589270532,0
915,58,F,20s,food,pc,12,201.94,8,0.27319461380527726,0
248,438,F,30s,food,pc,22,454.01,5,0.07235691594392525,0
860,34,M,50s,electronics,mobile,12,220.47,6,0.16548204343746864,0
785,263,M,30s,electronics,pc,20,269.03,5,0.08679513276828817,0
43,365,F,40s,book,mobile,16,178.6,5,0.07058348094476884,0
377,35,F,20s,fashion,pc,20,321.81,2,0.10190588360565829,0
41,271,M,40s,electronics,pc,15,370.86,1,0.13142807194002423,0
170,449,F,50s,electronics,mobile,21,396.57,8,0.40922900141425994,0
946,474,M,50s,electronics,pc,16,348.5,3,0.06650621364921118,0
212,227,F,30s,book,tablet,18,168.32,8,0.2819835824105817,0
493,25,M,10s,sports,mobile,21,168.64,6,0.17897137134167132,0
680,234,M,10s,electronics,pc,13,177.21,2,0.22083830333554985,0
39,59,M,50s,sports,tablet,22,23.73,5,0.23829800117852665,0
369,251,M,50s,book,tablet,6,471.81,6,0.14972263916028786,0
757,335,M,20s,fashion,mobile,22,101.88,6,0.06249956976252571,0
151,86,F,50s,food,pc,8,83.81,4,0.008874204282844408,0
111,251,F,50s,food,mobile,1,278.42,7,0.17437446650141325,0
480,390,F,20s,food,tablet,18,28.47,6,0.12577948560884655,0
436,180,F,40s,food,tablet,22,419.73,4,0.3870360568352316,0
47,207,F,40s,book,mobile,5,438.72,1,0.11647133749295914,0
575,344,F,20s,food,mobile,0,201.92,6,0.4636446744732656,0
737,149,F,20s,book,pc,6,485.85,3,0.19042990805888485,0
366,71,F,40s,fashion,tablet,15,165.51,4,0.4005406731911558,0
69,121,F,40s,electronics,mobile,1,133.82,3,0.17298007792046477,1
299,253,M,40s,electronics,tablet,3,494.9,6,0.050905810189649965,0
944,93,M,40s,electronics,mobile,22,128.9,1,0.366759209469972,0
802,256,F,30s,book,pc,19,224.9,5,0.05959196710557647,0
296,254,M,20s,book,tablet,21,307.87,5,0.37037880172932713,0
203,352,F,10s,book,pc,13,164.65,4,0.3763298151895959,0
61,288,M,30s,fashion,pc,10,195.19,5,0.09198756510816636,0
946,309,M,10s,sports,tablet,8,361.78,4,0.062424927252937426,0
963,59,M,10s,book,mobile,4,362.9,3,0.2555923297272589,0
830,69,F,50s,book,pc,2,402.79,6,0.10713217506361401,0
314,446,F,20s,electronics,pc,21,298.88,5,0.2216386157541171,0
161,388,F,30s,food,tablet,19,120.59,6,0.2783734516462632,1
331,86,F,20s,food,tablet,1,169.89,4,0.11592012960766111,0
528,274,M,40s,fashion,tablet,9,450.85,6,0.012130964937980613,0
338,227,F,20s,food,pc,20,368.2,3,0.049148836926882475,0
606,81,M,10s,sports,mobile,9,48.57,5,0.1400452047504219,0
304,498,F,40s,electronics,mobile,6,378.04,4,0.2651208172941841,0
503,114,M,20s,fashion,tablet,14,168.68,2,0.40216132367156293,0
650,184,M,20s,food,pc,4,16.5,4,0.21875288762155387,1
338,280,M,10s,food,pc,7,244.45,5,0.08895374244945654,0
550,322,M,40s,electronics,pc,17,442.28,4,0.5048547566367954,0
639,397,F,10s,fashion,tablet,19,224.95,6,0.104388985286617,1
275,318,F,20s,electronics,pc,5,494.46,8,0.11932857368427668,0
164,54,M,30s,fashion,pc,22,93.15,4,0.23199528660879773,0
443,399,F,30s,food,mobile,10,178.69,3,0.3945812842302794,0
319,197,F,50s,electronics,tablet,7,13.23,1,0.32357635721777744,0
589,387,M,30s,electronics,tablet,3,29.93,7,0.28759795389242915,1
504,293,F,40s,sports,tablet,6,180.39,2,0.09121791217918113,0
686,293,F,50s,electronics,pc,1,266.55,9,0.11259820748753469,0
387,485,F,40s,fashion,pc,14,122.36,7,0.1252872114975205,0
970,387,M,30s,sports,mobile,8,87.4,7,0.21288255924745214,1
870,447,F,30s,electronics,tablet,22,213.23,3,0.031029734121205986,0
833,291,M,20s,electronics,pc,20,89.48,6,0.19368905500380781,1
888,180,M,40s,sports,mobile,18,317.29,4,0.28785487525789993,1
603,471,M,10s,food,pc,22,477.87,2,0.3661124042147251,0
750,380,F,20s,electronics,pc,18,404.24,6,0.09407677640154526,0
776,412,F,40s,book,tablet,4,111.53,3,0.1361401166292353,0
691,222,F,50s,food,tablet,18,475.81,5,0.14282308184481696,0
494,274,M,40s,electronics,pc,2,376.81,3,0.1910392946672745,0
490,378,F,50s,food,pc,11,81.71,10,0.31987752057756835,1
721,244,M,50s,fashion,pc,6,291.82,7,0.08164775894158681,0
73,420,F,30s,food,pc,4,483.41,10,0.1990856068365949,0
509,417,M,10s,sports,pc,11,52.9,5,0.32131973371121425,0
390,448,F,40s,electronics,tablet,3,139.15,4,0.055860302844260294,0
619,154,F,10s,food,tablet,19,190.18,4,0.18337812495167946,0
857,304,F,50s,book,pc,18,62.22,8,0.2511842762249488,0
295,424,M,30s,fashion,pc,12,153.13,6,0.09107677287989595,0
369,273,M,10s,fashion,tablet,14,347.7,4,0.3339708337676806,0
956,424,F,20s,food,pc,23,241.23,5,0.2795623152540205,0
796,135,M,50s,sports,tablet,9,213.43,2,0.05788377029202599,0
865,313,M,20s,fashion,tablet,0,218.81,10,0.04291543927121221,0
694,8,M,10s,food,tablet,2,381.03,8,0.026690130733222885,0
549,128,F,10s,food,tablet,17,495.68,4,0.193145526607187,0
649,373,F,10s,fashion,mobile,15,296.38,7,0.7182496415088917,0
850,56,F,40s,food,pc,11,377.02,6,0.39698917637509795,0
568,126,M,50s,food,pc,15,189.42,8,0.18560456085612895,0
187,159,F,50s,book,pc,10,431.02,11,0.21461389593355312,0
853,59,M,50s,food,tablet,10,213.06,9,0.19734916888458162,0
770,58,M,40s,food,tablet,22,467.89,4,0.16122055063487842,0
445,140,F,10s,sports,tablet,21,373.03,3,0.32688680626935784,0
570,176,F,10s,fashion,pc,13,355.18,2,0.210792470489273,0
363,415,F,20s,sports,tablet,16,148.62,3,0.3465865885324459,0
123,108,M,40s,electronics,mobile,18,399.09,4,0.40812865951682986,0
188,211,M,30s,sports,pc,10,57.11,5,0.2046937870615673,0
742,447,F,40s,electronics,mobile,3,271.32,6,0.3909723383739824,1
680,74,M,20s,electronics,mobile,9,369.01,4,0.08719264410081762,1
420,167,F,20s,sports,pc,22,442.38,6,0.20770042150569884,0
626,460,F,20s,book,mobile,18,286.98,7,0.25768117103696947,0
252,404,F,10s,sports,mobile,3,132.87,3,0.14997247307615472,0
619,357,F,30s,fashion,tablet,10,425.19,9,0.43261924262938006,0
549,304,F,20s,sports,mobile,6,385.15,2,0.41784597791177963,0
335,233,F,50s,book,tablet,19,81.01,7,0.12952841230625683,0
92,327,M,10s,sports,mobile,8,436.83,5,0.37048373601945817,0
530,372,M,30s,book,pc,21,480.14,4,0.0811979978235947,0
866,182,F,50s,fashion,pc,1,271.18,2,0.1600855018889094,0
63,122,F,30s,food,pc,0,23.99,7,0.06212097793947691,0
662,334,M,30s,book,pc,7,458.23,8,0.1893722506430893,0
512,203,M,50s,book,tablet,18,65.77,4,0.08854659765034605,0
139,455,F,40s,book,mobile,22,318.4,7,0.1343201397087667,0
698,29,F,30s,fashion,mobile,15,203.45,2,0.15514629949632733,0
185,202,M,40s,electronics,pc,13,496.06,3,0.03947031027992908,0
205,93,F,30s,book,tablet,3,459.0,5,0.1360925120961531,0
772,329,M,50s,fashion,tablet,18,393.33,4,0.32987849196746766,0
214,356,F,30s,food,pc,21,103.64,8,0.3113709664353818,0
256,176,M,20s,book,mobile,21,351.1,4,0.26476834692661005,0
135,330,F,20s,electronics,pc,5,288.21,6,0.13416143479858259,0
573,211,F,30s,fashion,mobile,14,72.0,3,0.15420732286794386,1
875,184,F,50s,food,pc,12,398.37,4,0.4856749528451186,0
822,95,M,50s,electronics,mobile,18,47.8,7,0.17062292609272786,0
88,273,F,10s,food,tablet,21,243.4,4,0.1421893928425732,0
836,137,M,50s,electronics,pc,3,216.15,3,0.4601950955969497,1
988,237,M,40s,sports,mobile,1,404.07,3,0.08417137652609237,1
207,353,M,30s,sports,mobile,2,216.65,3,0.16254631112141235,0
129,418,M,20s,sports,mobile,13,348.68,3,0.10068354015242567,1
823,429,F,50s,food,mobile,3,241.74,3,0.18400455419409417,0
3,472,F,20s,sports,tablet,15,293.1,6,0.34453663910774607,0
974,265,F,10s,fashion,mobile,10,124.32,4,0.19870433814480865,0
934,135,M,30s,fashion,tablet,12,105.21,3,0.19236348131437384,0
754,144,F,50s,sports,mobile,0,356.41,2,0.23076069896220588,0
121,19,M,20s,electronics,tablet,12,65.55,2,0.277139752134924,0
385,231,M,50s,electronics,tablet,14,92.11,5,0.12126061180778619,0
614,134,M,10s,food,mobile,6,470.77,6,0.2665289996894243,0
38,114,F,20s,electronics,tablet,4,130.4,3,0.13626568723950946,1
341,499,M,20s,book,pc,5,165.03,4,0.1660088318917193,0
925,139,F,30s,electronics,mobile,23,318.43,3,0.18936500535055042,0
645,125,F,30s,fashion,pc,8,222.98,7,0.10444344899940576,0
714,204,F,20s,electronics,tablet,5,281.71,2,0.09148955935219279,0
860,61,M,30s,food,tablet,22,76.57,9,0.5163065661088734,0
21,250,F,20s,electronics,pc,5,337.84,7,0.15319949722900064,0
242,298,M,40s,food,mobile,21,82.51,6,0.15988252489371885,0
455,13,M,50s,book,pc,1,375.12,6,0.15321132337254637,0
963,396,M,40s,sports,tablet,20,264.19,4,0.1340168450976853,0
621,255,M,40s,book,mobile,5,409.02,4,0.31966460951577086,0
303,85,F,50s,fashion,pc,9,90.48,12,0.2267407103681755,0
596,458,F,20s,book,pc,4,191.88,4,0.1643449483493334,0
595,20,F,20s,book,mobile,19,424.18,5,0.11807194360244648,0
803,50,F,30s,fashion,pc,11,400.36,3,0.5194879052320932,0
964,164,M,10s,fashion,mobile,5,483.05,5,0.1285615904753018,1
69,92,M,20s,sports,mobile,5,114.87,4,0.17294986847348823,1
129,88,M,50s,sports,pc,7,271.82,5,0.07400146761568069,0
196,69,M,10s,electronics,mobile,23,13.85,4,0.1269692430646303,1
140,37,F,50s,food,mobile,16,482.79,8,0.27212345623718315,0
444,253,F,50s,fashion,tablet,17,91.69,9,0.100466939635983,0
283,252,M,50s,book,tablet,10,452.83,6,0.18552217817327987,0
312,140,M,10s,book,tablet,0,340.77,5,0.09206671554753332,0
746,355,M,40s,sports,pc,6,468.74,3,0.21610217455915912,0
535,381,M,50s,food,pc,7,127.87,9,0.205798039510818,0
665,168,F,30s,fashion,pc,2,175.86,2,0.09454326318641013,1
277,54,M,20s,sports,pc,18,86.38,7,0.06391854896008402,1
61,386,F,20s,food,mobile,15,214.1,4,0.319033115950897,0
319,178,F,20s,fashion,mobile,22,474.01,7,0.10360206880281293,0
890,297,M,10s,book,tablet,7,287.73,7,0.11185545559303069,0
52,301,M,30s,book,mobile,5,210.98,1,0.13476730249446073,0
856,359,F,30s,sports,pc,23,165.81,4,0.48279180937951083,0
153,106,F,30s,food,mobile,1,294.46,3,0.0513676230726994,0
749,137,M,30s,book,tablet,22,362.99,6,0.23928357551177887,0
311,190,F,30s,food,pc,11,206.36,3,0.2665344683675711,0
814,128,M,40s,sports,mobile,20,119.29,3,0.09258926864334367,0
544,342,M,30s,electronics,tablet,5,294.58,7,0.33229241393339026,0
567,47,F,30s,food,mobile,13,185.95,7,0.23680368104367372,1
864,5,F,10s,food,tablet,6,497.19,7,0.2770899890146041,0
389,460,M,10s,sports,tablet,8,223.32,4,0.2845865759258434,0
548,257,M,30s,electronics,tablet,6,220.07,4,0.1236234472957025,1
622,300,F,40s,book,pc,14,420.54,7,0.03431869365681985,0
177,150,F,30s,fashion,mobile,11,129.25,9,0.15159895098619852,1
362,294,F,30s,sports,mobile,16,37.66,2,0.37344804523207853,1
314,243,F,30s,fashion,pc,14,427.64,4,0.1236625411103074,0
807,275,M,50s,electronics,pc,14,296.57,4,0.18680417651264392,0
848,208,M,40s,electronics,mobile,20,133.78,5,0.47442640393458013,1
97,415,M,20s,food,pc,13,174.67,8,0.10344463705523417,0
881,115,F,30s,fashion,pc,10,215.7,1,0.15490909557241864,0
213,195,F,20s,fashion,mobile,10,341.79,4,0.17085041469433285,0
829,343,M,40s,electronics,tablet,19,236.75,3,0.04883131230995392,0
137,170,F,30s,fashion,pc,12,200.93,3,0.4177226125380401,0
6,379,F,20s,book,mobile,12,391.33,4,0.2832849560675139,1
109,82,F,20s,electronics,mobile,7,40.57,2,0.21496334644558945,1
547,154,F,40s,food,mobile,6,328.01,9,0.10920416721968298,0
39,141,F,30s,food,pc,19,227.22,7,0.21939420049510594,1
662,314,F,50s,food,tablet,12,170.75,5,0.1290867772134724,1
425,146,M,40s,fashion,tablet,10,464.15,6,0.4167894717270459,1
630,323,M,50s,electronics,mobile,18,390.08,7,0.22972954793916556,0
261,122,M,30s,food,pc,5,113.53,9,0.21461295967558977,0
426,252,M,20s,electronics,pc,7,327.91,3,0.3256652869900733,0
87,343,F,40s,fashion,tablet,18,412.03,3,0.2494790664165842,0
465,387,M,40s,book,tablet,4,494.72,2,0.07968650956742358,0
76,311,M,40s,book,pc,9,350.72,3,0.23452048334718734,0
471,89,M,10s,book,tablet,0,346.89,5,0.09887339555346668,0
976,475,M,30s,fashion,mobile,11,308.58,3,0.22544032141243278,0
963,58,F,10s,food,tablet,23,24.8,7,0.08487164907969026,0
414,492,F,40s,fashion,pc,6,294.6,6,0.16639283435210095,0
825,63,M,40s,electronics,mobile,7,403.5,10,0.05125992097063032,0
895,347,M,50s,book,pc,17,200.73,1,0.020620875338493896,0
726,308,F,10s,electronics,tablet,6,295.55,5,0.21313602910454282,0
457,487,F,20s,fashion,tablet,13,463.61,4,0.3292891839869412,0
285,473,M,30s,sports,mobile,19,90.16,6,0.14231874612664283,1
239,382,F,20s,sports,mobile,17,143.84,8,0.3150163297472621,0
677,280,F,20s,fashion,mobile,20,59.61,11,0.042923523765049036,0
599,72,M,30s,food,mobile,22,252.62,3,0.22356104475567148,0
653,9,F,40s,electronics,tablet,3,420.63,6,0.23768939663086072,1
672,366,M,50s,fashion,pc,9,220.43,5,0.11050431883596872,0
558,421,M,40s,fashion,tablet,10,39.57,11,0.14775307005276023,0
372,94,F,40s,sports,tablet,10,135.45,8,0.2911456806551404,0
495,373,F,10s,book,mobile,19,445.4,5,0.14717761491316605,0
624,339,F,20s,book,mobile,18,280.97,4,0.1531660900623268,0
919,437,F,20s,food,pc,0,457.47,9,0.14630115090327905,0
45,336,F,20s,food,pc,1,418.05,10,0.11363185426233274,0
401,152,F,50s,food,tablet,8,210.07,6,0.153440146952198,0
247,492,M,50s,sports,pc,16,318.6,2,0.1372639720352318,0
616,405,F,50s,fashion,mobile,4,333.89,3,0.12800626411704785,1
597,356,M,30s,food,mobile,1,374.66,8,0.2480972295597497,0
450,40,F,50s,sports,mobile,3,169.82,4,0.2526220838913625,0
485,359,F,10s,electronics,tablet,6,148.05,6,0.2382770689739953,0
646,495,F,10s,fashion,pc,20,343.87,5,0.05555463899002882,0
620,62,F,40s,electronics,mobile,16,410.28,3,0.275090952708211,1
18,254,F,40s,book,tablet,2,210.05,4,0.09826201979596107,0
606,454,M,40s,book,tablet,8,163.93,5,0.42003842503363326,0
662,69,M,40s,fashion,tablet,0,413.64,4,0.4389766056205585,1
758,398,M,10s,food,pc,19,345.04,5,0.23410885525655462,0
289,245,F,40s,fashion,pc,20,175.06,5,0.5355610783322209,0
414,365,F,10s,food,pc,15,267.18,2,0.39552456999266666,0
721,170,F,50s,book,tablet,2,480.63,4,0.06537145209135883,0
638,178,M,50s,fashion,tablet,18,376.19,8,0.19594659084100702,0
235,189,M,30s,fashion,pc,15,114.72,3,0.28883680270439127,0
416,260,F,40s,food,mobile,0,151.04,3,0.0450175878531061,0
938,72,M,50s,book,pc,21,136.28,6,0.03459224266443273,0
499,472,F,50s,book,tablet,11,424.93,6,0.1878607438990177,0
974,459,F,20s,food,tablet,19,322.5,4,0.3038335024305406,1
634,17,M,20s,food,tablet,23,470.3,4,0.30729301879651966,0
650,370,M,10s,food,tablet,5,50.01,6,0.17290982976500494,0
115,341,M,30s,book,tablet,2,30.74,4,0.12448819098182007,0
932,57,M,20s,book,tablet,6,339.72,6,0.20908601302756055,0
674,218,F,30s,fashion,pc,2,136.98,5,0.13482396222656948,0
713,107,F,50s,book,tablet,12,341.19,5,0.21886413315538833,0
234,304,M,10s,electronics,tablet,15,363.12,1,0.20240777454186992,1
540,428,M,30s,electronics,tablet,13,155.72,5,0.05726059471204019,1
11,173,M,20s,food,tablet,8,476.57,6,0.23149340191759243,0
206,219,M,50s,food,tablet,7,388.5,8,0.15888479720426357,0
679,464,F,40s,food,mobile,14,186.84,7,0.2317790006285357,0
247,247,F,50s,fashion,pc,18,209.0,4,0.20264203249270518,1
559,218,F,20s,electronics,pc,12,359.36,3,0.0976316674974705,0
758,373,F,20s,electronics,mobile,13,155.5,7,0.4107710846226755,0
127,417,F,40s,book,mobile,10,151.21,3,0.1408269541123454,1
147,31,F,50s,electronics,tablet,17,314.33,3,0.23689473967251892,0
118,368,F,30s,book,pc,2,71.72,4,0.17206741766865988,1
911,47,M,30s,fashion,pc,3,496.7,3,0.2074631649600169,0
382,134,F,50s,food,mobile,2,147.18,3,0.39989327043929357,0
412,108,M,30s,food,pc,12,194.44,6,0.03575756076969278,0
664,72,M,50s,book,pc,15,116.01,5,0.0916875202427698,0
584,327,M,50s,sports,tablet,12,323.53,6,0.10025827467311764,0
363,418,F,20s,book,tablet,9,34.94,5,0.285228338763439,1
509,108,F,10s,fashion,tablet,17,464.27,3,0.3779820700492348,0
137,309,F,20s,electronics,pc,7,155.47,6,0.2845848938200655,0
175,398,F,30s,book,pc,6,464.05,3,0.2920287978039392,0
289,272,M,10s,fashion,tablet,16,130.5,4,0.4061180476793433,1
958,171,F,50s,food,tablet,21,259.33,10,0.23225180488399305,0
481,116,M,30s,sports,pc,5,349.11,5,0.12075140925145322,0
19,329,F,40s,sports,pc,14,308.25,4,0.6026498520400968,0
195,74,F,30s,book,mobile,8,258.68,5,0.09692816037290913,0
330,256,M,10s,electronics,tablet,9,395.32,3,0.2611051948424419,0
936,81,M,10s,book,tablet,7,237.89,3,0.5351862167361304,0
175,268,M,50s,sports,tablet,6,169.92,5,0.07676461818587035,0
449,128,F,40s,sports,pc,22,360.7,6,0.20875497291513123,0
925,326,F,50s,food,pc,4,468.95,2,0.11319524138656954,0
946,403,M,40s,electronics,mobile,17,302.69,5,0.07803942605664868,0
354,235,F,40s,electronics,mobile,15,143.46,6,0.29608378135658303,0
499,41,M,50s,sports,tablet,14,382.59,3,0.11601976990411524,0
141,181,F,30s,sports,mobile,9,382.15,4,0.3189316067223685,0
758,157,M,20s,book,pc,20,137.1,4,0.048114213286958536,0
897,454,M,40s,book,mobile,0,195.39,7,0.27033704056572305,0
930,59,F,10s,food,mobile,5,74.77,5,0.1082043068745981,0
93,345,M,50s,sports,pc,14,44.44,5,0.2791256074037418,0
944,249,F,30s,book,tablet,1,404.64,7,0.12844150821227254,0
239,192,F,40s,food,tablet,11,189.43,3,0.3966710798249954,0
205,24,M,30s,electronics,mobile,0,144.25,8,0.14665798746119674,0
560,473,M,50s,sports,pc,14,131.77,4,0.30538242676912414,0
433,400,F,10s,fashion,pc,12,42.03,6,0.11373291347915557,0
245,436,F,40s,sports,mobile,0,492.51,11,0.24926992997936254,0
832,80,M,40s,book,tablet,0,186.69,7,0.06319389217369936,1
317,134,M,30s,sports,tablet,3,86.3,5,0.23953474617934414,0
925,421,M,50s,fashion,tablet,20,432.75,6,0.16176139738337986,0
295,213,F,20s,sports,pc,13,362.94,6,0.10070839195982731,0
640,388,F,40s,book,pc,20,333.0,9,0.17503651767422115,0
856,482,F,10s,electronics,pc,16,152.12,6,0.3026678203810153,1
282,348,M,40s,book,tablet,12,210.65,7,0.05744931103811359,0
17,166,M,40s,food,mobile,11,421.34,5,0.2272175335565377,0
71,425,F,20s,book,pc,5,321.75,3,0.0819549116260962,0
269,348,F,20s,food,pc,18,176.1,2,0.12908244327877047,0
325,337,M,50s,sports,mobile,19,59.09,2,0.18262013934834342,0
794,398,F,40s,food,tablet,15,450.63,4,0.3096473162727913,0
305,71,M,40s,sports,pc,20,477.99,5,0.05719487521104174,0
451,214,M,30s,food,tablet,15,360.8,5,0.0534280886343231,0
7,435,M,30s,book,pc,11,347.24,6,0.24093978392949536,1
314,65,F,10s,fashion,pc,19,271.17,7,0.03783745532425607,0
817,221,F,10s,sports,mobile,19,485.9,6,0.24594631305401005,0
103,308,M,30s,food,mobile,12,348.6,6,0.4195084618690384,0
821,479,M,10s,fashion,mobile,0,42.98,4,0.13603449136258683,0
193,286,F,40s,food,mobile,17,50.41,3,0.38713226121158595,0
753,185,M,20s,food,tablet,1,481.97,7,0.08002020797982067,0
574,207,F,40s,food,tablet,1,471.92,6,0.23017382608064352,0
529,466,F,30s,book,tablet,0,281.13,9,0.13209230941749533,0
171,99,F,50s,food,mobile,9,111.0,7,0.03296284671364349,0
537,242,M,50s,fashion,pc,23,293.84,5,0.20834606741227413,0
251,158,M,30s,food,tablet,0,382.95,5,0.16660817946035214,0
765,98,M,40s,electronics,mobile,13,9.1,5,0.05223040683255123,0
387,42,M,10s,sports,mobile,7,412.29,5,0.4245258472583878,0
207,139,F,10s,book,mobile,0,235.07,7,0.41195169825109296,0
541,283,M,50s,electronics,tablet,13,234.27,5,0.3586812778154566,0
629,408,F,30s,electronics,pc,9,219.98,4,0.1510528339703757,0
416,227,M,30s,fashion,tablet,18,347.46,4,0.12406715102061555,0
794,423,M,20s,fashion,mobile,7,108.68,7,0.23839679951003914,0
380,72,M,50s,book,mobile,1,305.3,1,0.14264831178052093,0
144,243,M,30s,book,mobile,3,26.83,1,0.16783058538530024,0
25,18,M,20s,sports,tablet,23,406.62,6,0.11320302650492911,0
822,77,F,10s,food,pc,11,408.64,3,0.31598370025873096,1
668,45,M,50s,book,tablet,8,159.38,2,0.03901942244604018,0
73,472,M,50s,book,mobile,22,57.18,8,0.14884462594798048,0
632,371,M,30s,food,mobile,0,375.14,9,0.17396889738391616,1
824,343,M,30s,sports,mobile,7,237.76,3,0.044290695337649524,0
833,140,M,40s,fashion,tablet,16,462.86,4,0.13116666654592732,0
93,177,F,10s,sports,tablet,15,179.97,9,0.2870714468632031,0
505,222,M,10s,food,tablet,14,421.55,7,0.1401062190788308,0
598,415,F,20s,fashion,mobile,8,17.53,3,0.33832007913142104,0
336,92,M,20s,fashion,tablet,7,387.53,6,0.23937771157522322,1
425,22,F,40s,fashion,pc,19,340.73,7,0.05346671197815022,0
499,172,M,10s,sports,pc,13,265.5,3,0.02128430746786165,0
364,92,M,20s,food,pc,11,455.66,5,0.3444393886059457,0
947,192,F,10s,sports,tablet,14,471.3,7,0.11750278434999617,0
630,77,M,10s,sports,mobile,3,465.19,6,0.20100549810111415,0
745,281,F,20s,electronics,mobile,3,300.91,7,0.14082698510064479,0
199,364,M,30s,book,mobile,21,262.1,1,0.2170648558670232,0
718,179,F,30s,sports,mobile,1,138.14,5,0.34446843038747815,0
413,238,F,20s,electronics,mobile,3,85.22,2,0.12395331111179923,0
339,135,F,40s,food,tablet,19,280.76,6,0.09872176465451117,0
659,365,M,50s,electronics,pc,23,78.51,6,0.23699761715515227,1
962,390,F,10s,sports,tablet,17,90.2,5,0.17529382460127582,1
937,280,M,50s,food,mobile,14,181.59,4,0.22895230579829634,0
429,19,F,20s,electronics,tablet,7,97.44,7,0.13933481269016745,1
783,83,F,10s,sports,tablet,9,253.36,4,0.13572289191498094,0
899,228,F,50s,food,tablet,1,333.56,2,0.14880049420121888,0
139,371,M,30s,food,mobile,8,350.46,6,0.12209663714489107,0
693,265,M,40s,book,mobile,15,268.73,5,0.08074252491786728,0
942,112,M,50s,sports,mobile,21,263.29,2,0.1779857035246379,0
542,251,F,40s,book,tablet,11,240.03,6,0.1479775596864648,0
57,164,M,30s,food,tablet,4,126.41,1,0.10724517835247738,0
232,358,M,50s,food,pc,6,328.85,3,0.09393553518336172,0
658,168,F,20s,electronics,pc,14,330.23,5,0.027466087972371742,0
435,221,F,10s,book,mobile,12,131.62,2,0.14105666273678036,0
384,408,M,30s,fashion,pc,7,351.78,4,0.3587631847818662,0
560,304,M,40s,sports,mobile,23,429.71,3,0.08789415646355356,0
194,191,M,40s,book,mobile,18,299.38,4,0.19809169196190823,0
736,325,F,30s,food,tablet,18,63.18,6,0.09310763617925784,0
648,437,F,20s,electronics,pc,4,166.99,3,0.2503340798898757,1
534,438,F,20s,sports,mobile,20,50.93,5,0.1775454408563226,0
518,170,F,40s,sports,mobile,17,154.51,3,0.17803950840264066,0
716,375,F,30s,electronics,pc,20,109.91,10,0.3055136403339835,0
751,45,M,30s,food,pc,16,279.54,1,0.41980791046699834,0
185,381,M,10s,fashion,pc,6,214.65,5,0.0981446795666048,0
872,474,M,40s,electronics,pc,13,362.73,5,0.044513613907620736,0
292,14,F,20s,fashion,pc,14,184.71,3,0.4500682757867653,0
335,231,F,50s,book,pc,22,81.59,3,0.20613661503852365,0
732,157,M,20s,sports,pc,16,121.83,7,0.3145269471705142,0
116,500,M,20s,food,mobile,2,275.16,4,0.09780743788377518,0
825,134,M,50s,fashion,tablet,23,227.68,1,0.14097594338440284,0
49,391,F,40s,food,mobile,12,26.09,8,0.3007993756027048,0
685,37,F,10s,book,mobile,10,108.92,2,0.41383772834312244,0
82,53,F,20s,fashion,tablet,2,151.88,3,0.5341760759967473,0
834,18,F,20s,food,tablet,5,364.05,7,0.23632975009104232,1
333,471,F,40s,food,tablet,5,366.56,3,0.14359914884128264,0
557,492,M,40s,book,pc,21,350.5,3,0.07856220866195378,0
335,38,M,30s,electronics,pc,20,410.14,1,0.08765405955597158,0
532,187,F,40s,book,pc,5,437.57,9,0.3017595263199847,0
960,385,F,40s,fashion,mobile,5,40.2,4,0.222533733116011,1
221,196,M,20s,fashion,tablet,5,249.06,6,0.03740770608395498,0
635,243,F,10s,sports,tablet,23,78.73,7,0.07675017714879039,0
746,300,F,20s,food,mobile,13,180.26,3,0.09251820194900207,0
733,303,M,40s,fashion,pc,10,333.28,3,0.4810545378288567,1
323,35,F,30s,electronics,tablet,15,302.82,6,0.16789276174047174,0
851,215,F,10s,electronics,mobile,21,68.64,5,0.08939769354972661,0
3,219,M,30s,book,pc,18,379.76,3,0.16438513498932425,0
694,316,F,50s,fashion,mobile,6,394.57,4,0.1182029083021735,0
206,90,F,30s,fashion,pc,5,73.9,2,0.04213474111663165,0
832,308,M,30s,sports,mobile,10,309.75,4,0.13063053830706944,0
40,252,M,40s,sports,pc,3,472.89,6,0.32508194238314153,0
59,8,F,40s,sports,mobile,0,51.5,3,0.07970023022595171,0
951,256,M,40s,fashion,mobile,21,86.48,8,0.08622057624747309,1
574,363,M,40s,book,mobile,8,383.93,8,0.10639242821335558,0
644,208,F,40s,book,mobile,12,171.78,5,0.34179826550298026,0
507,425,M,30s,book,tablet,7,478.01,3,0.3136468439758901,0
572,131,F,50s,book,tablet,1,314.06,3,0.15363472736191872,0
884,224,M,40s,electronics,tablet,15,244.18,3,0.0385389765083577,0
843,197,M,50s,fashion,tablet,18,172.14,3,0.3159203565835325,0
122,468,F,50s,food,mobile,7,123.37,6,0.22952020148699687,0
479,142,F,20s,fashion,tablet,11,326.76,6,0.04952212143505614,0
619,252,F,20s,book,tablet,10,298.05,8,0.07538400803394182,0
96,96,M,10s,electronics,mobile,8,182.17,5,0.24692032653107737,1
859,26,F,20s,electronics,tablet,23,459.3,6,0.09156243774551982,0
414,111,F,40s,fashion,tablet,9,382.09,4,0.16897851601670077,0
235,454,M,50s,food,pc,0,133.73,2,0.17684317463500748,0
898,123,M,10s,book,tablet,18,471.97,8,0.07311107628942903,0
62,186,M,20s,electronics,pc,23,378.99,5,0.14364795875490227,0
256,484,F,30s,book,tablet,16,449.07,4,0.15657902693116535,0
561,168,M,10s,book,mobile,22,72.43,8,0.24486319687434047,1
905,51,M,40s,book,tablet,3,21.33,2,0.1515087945966735,0
348,379,F,50s,sports,mobile,11,248.99,3,0.08968866243417936,0
671,5,M,40s,book,tablet,22,226.84,4,0.40054957700048716,0
124,77,M,40s,book,tablet,19,435.55,5,0.17567887626154194,0
482,160,F,30s,food,mobile,7,90.21,7,0.14451605095653597,0
317,208,M,30s,food,mobile,21,16.67,4,0.06456915541524542,0
504,257,F,50s,sports,mobile,15,266.98,5,0.054330643339427956,0
719,205,F,20s,sports,mobile,23,92.9,5,0.20814662674749457,0
48,255,F,40s,book,pc,0,29.51,4,0.22689780952881863,0
409,438,F,20s,electronics,pc,8,15.99,6,0.37761067317569524,1
932,11,F,50s,electronics,mobile,10,75.5,3,0.11110068087528172,0
136,437,M,40s,fashion,pc,11,191.05,3,0.41389505941540095,0
201,8,F,20s,electronics,tablet,8,442.56,5,0.17295791662937185,0
250,409,F,40s,electronics,tablet,5,381.48,7,0.09960309148794878,0
314,424,F,30s,food,tablet,8,267.43,3,0.3778492591679564,0
869,32,F,30s,fashion,pc,5,218.02,3,0.1595198873585462,0
368,472,M,10s,fashion,pc,5,230.62,8,0.10727898976635093,0
429,28,M,50s,food,tablet,19,442.9,6,0.32534026453598935,0
830,206,M,20s,electronics,mobile,2,363.69,6,0.08033664473496202,0
807,493,F,40s,electronics,tablet,2,90.15,1,0.19571661800449874,0
480,387,M,10s,fashion,pc,15,470.17,6,0.24141437817437314,1
314,228,M,50s,electronics,tablet,1,387.59,5,0.4192798270630665,0
500,128,F,50s,fashion,tablet,3,21.91,3,0.3951224241530173,0
721,255,F,50s,electronics,pc,8,253.62,6,0.08985351938638468,0
355,475,M,20s,book,pc,6,328.13,4,0.04514246903726277,0
485,212,M,30s,food,pc,2,35.19,9,0.2076201919287013,1
211,239,M,10s,sports,pc,23,179.76,6,0.2548768014202017,0
704,207,M,20s,book,tablet,12,325.91,4,0.47173115870838156,0
44,318,F,40s,electronics,pc,13,408.96,9,0.11896477941389476,1
541,283,F,20s,sports,mobile,8,488.68,3,0.10894636654749965,1
571,245,F,40s,book,pc,0,65.21,5,0.4051247592901211,0
583,45,F,40s,food,pc,11,318.04,5,0.10398899436357097,0
92,105,F,50s,sports,tablet,0,446.93,8,0.2148443583735216,0
265,348,M,20s,sports,mobile,8,359.87,8,0.26933651402807157,0
895,281,F,30s,food,mobile,6,318.04,9,0.15369267189946734,0
220,234,F,40s,book,mobile,2,111.14,5,0.06886162145107752,0
902,189,M,50s,sports,pc,3,408.57,5,0.29873903526284196,0
925,44,F,30s,food,tablet,6,283.43,4,0.2941068812807825,0
442,494,M,20s,book,tablet,14,60.15,11,0.21054487898764632,0
401,225,F,30s,electronics,pc,23,468.12,5,0.23238845652838785,0
400,430,F,20s,fashion,mobile,23,494.25,2,0.12055074584630769,0
727,142,F,40s,electronics,mobile,0,271.15,6,0.22910144485560852,0
991,136,M,10s,electronics,tablet,5,389.36,4,0.17421532543990095,0
899,176,F,10s,fashion,pc,21,293.74,4,0.04061703972700813,0
789,142,M,40s,electronics,mobile,4,213.99,1,0.14896329555522564,0
576,449,F,30s,electronics,pc,10,207.51,5,0.06492094480699293,0
858,80,F,20s,food,tablet,16,482.34,5,0.1397837997842605,0
804,82,M,10s,food,pc,2,187.55,3,0.12643650771021592,0
490,135,M,20s,book,pc,11,247.77,5,0.05992648187394695,1
485,207,F,40s,sports,pc,19,128.0,6,0.24535082363657834,0
757,344,M,30s,book,pc,9,130.37,1,0.29890128874041083,0
470,177,F,20s,food,mobile,6,181.33,2,0.11603877158330303,0
574,383,F,30s,food,tablet,14,462.76,10,0.20568665090933244,0
938,243,M,10s,fashion,mobile,20,201.29,3,0.0814677689488758,0
844,55,M,20s,fashion,mobile,17,278.38,5,0.09499655084973951,0
682,141,M,50s,food,mobile,18,275.15,3,0.2070183082310467,0
445,457,F,10s,electronics,mobile,0,293.66,6,0.11473287182006207,1
269,440,M,30s,book,tablet,21,410.92,4,0.21936779417479968,0
267,56,F,40s,food,tablet,12,451.09,4,0.15132950128613704,0
54,15,M,50s,food,mobile,23,108.33,11,0.005974633264382878,1
528,185,M,20s,fashion,pc,3,430.92,7,0.04708406813688371,0
520,314,M,10s,book,pc,17,276.12,3,0.051791044111121766,0
616,419,M,20s,book,pc,11,462.61,5,0.20999846853430196,0
59,88,M,20s,sports,pc,3,458.5,2,0.20025077996451174,0
825,97,F,50s,food,pc,3,197.77,5,0.10856940690428,0
40,144,M,50s,sports,tablet,4,327.68,3,0.2650791307614496,0
237,8,M,50s,fashion,pc,18,436.35,3,0.26772115408416153,0
955,477,F,50s,sports,tablet,8,195.43,1,0.4645202377390665,0
386,215,F,40s,electronics,pc,6,26.69,5,0.31421102633417375,0
606,173,F,30s,food,pc,6,183.1,6,0.07482933796549243,0
734,223,F,50s,food,mobile,11,185.88,2,0.14151388405955592,1
716,40,M,10s,book,mobile,9,404.34,5,0.4785707506162333,0
650,497,M,20s,sports,mobile,19,158.26,7,0.5182501220880198,0
300,182,F,50s,book,tablet,20,447.52,1,0.372839313379274,0
395,270,M,10s,sports,tablet,12,276.58,4,0.0725106592193179,1
207,187,F,40s,sports,mobile,22,295.15,4,0.18807623234917137,1
336,245,F,10s,fashion,mobile,5,404.47,5,0.2649040233099563,0
593,478,M,10s,sports,pc,8,71.61,10,0.15285175601157355,0
730,309,M,40s,book,tablet,18,13.88,4,0.13751522644926165,0
514,231,F,40s,sports,pc,23,33.02,5,0.3167421154538739,0
178,383,M,20s,sports,pc,15,20.18,4,0.2851873695240341,0
396,155,F,50s,food,mobile,10,351.45,4,0.3108524751858768,0
371,175,F,10s,food,pc,3,126.26,8,0.1914465618708323,0
858,336,F,30s,food,pc,0,429.42,10,0.012491579305617423,0
791,115,F,30s,electronics,mobile,20,442.02,8,0.187985468137141,1
658,390,M,20s,food,mobile,11,181.26,7,0.07319352328347185,0
318,311,F,30s,electronics,pc,3,101.44,6,0.16208609876125735,0
736,481,F,20s,electronics,pc,4,251.91,4,0.17497592167993417,1
369,300,F,50s,book,pc,5,408.83,1,0.024025430270983437,0
384,18,M,20s,food,tablet,13,344.02,6,0.2341518660535051,1
62,272,F,40s,sports,pc,0,17.74,3,0.11296849611489325,0
806,12,F,40s,fashion,mobile,7,8.54,5,0.1011443725100015,0
505,404,M,40s,sports,pc,14,61.33,8,0.4121978336206144,1
239,301,F,40s,food,tablet,11,171.7,4,0.320608841426054,0
195,192,F,40s,sports,pc,18,270.76,6,0.31771878679281407,0
678,232,F,40s,food,tablet,22,409.7,8,0.31434160018573115,0
963,443,F,40s,food,tablet,6,75.68,6,0.1991720155587476,0
222,93,M,40s,sports,mobile,8,80.48,9,0.33805963339478134,0
61,478,M,40s,electronics,pc,10,432.5,3,0.05232778693057754,0
129,218,M,50s,book,tablet,22,462.39,7,0.11931412037641331,0
990,278,F,40s,book,pc,7,277.89,4,0.012464396064576165,0
685,353,M,20s,book,tablet,3,393.52,1,0.10491669175264123,0
992,487,M,50s,book,mobile,9,174.62,4,0.14592270397196466,0
156,303,F,30s,fashion,mobile,19,473.4,8,0.11156500998740343,1
917,29,M,10s,food,pc,9,452.92,2,0.319638863536745,0
378,470,M,50s,fashion,pc,7,425.55,5,0.12984706334194082,0
622,301,M,40s,book,pc,13,11.43,4,0.11575424513056412,0
781,77,F,50s,book,pc,3,264.03,7,0.09157425174955877,0
923,9,F,10s,sports,pc,19,18.2,5,0.329682931647598,0
868,24,M,10s,book,tablet,2,340.34,9,0.19203004854212202,0
903,15,M,40s,food,pc,2,95.8,5,0.12348721895578009,0
790,164,F,40s,book,tablet,3,321.54,0,0.1772703026263254,0
586,13,F,20s,book,tablet,11,53.49,6,0.18178710556193273,0
999,347,F,10s,fashion,tablet,17,379.52,6,0.19639320431897267,0
437,172,F,40s,food,pc,18,364.59,8,0.09953001149057858,0
975,357,M,10s,electronics,mobile,10,7.28,6,0.06347118348038663,0
207,327,F,20s,sports,mobile,17,397.07,5,0.08051094588926377,0
388,200,M,30s,electronics,pc,13,86.07,7,0.17106854180538003,0
480,485,F,10s,fashion,pc,10,59.1,3,0.369051806578497,0
791,489,F,20s,book,pc,13,252.62,3,0.4545358701641777,0
887,462,F,20s,sports,tablet,21,297.1,5,0.1008358195359642,0
838,378,F,20s,food,mobile,2,56.04,4,0.14799439809275258,0
984,76,M,50s,sports,mobile,1,155.85,4,0.30000999946952944,0
340,164,M,40s,fashion,mobile,8,206.86,5,0.18843182157860075,1
869,372,M,10s,book,mobile,7,472.09,8,0.15976144033628054,0
340,61,F,50s,fashion,tablet,4,129.4,6,0.376602387862892,0
204,488,M,10s,food,pc,8,133.94,2,0.08174831495377945,1
161,465,F,50s,electronics,tablet,4,331.4,8,0.2116248366408695,0
540,424,F,40s,book,pc,20,364.94,5,0.14050343598181061,0
392,245,M,20s,book,pc,12,10.36,9,0.08045454558513307,0
769,477,F,10s,fashion,mobile,10,71.35,5,0.19001952760687954,0
677,382,F,20s,fashion,mobile,10,182.06,10,0.11991598611018879,1
575,155,M,40s,fashion,pc,19,317.85,4,0.4397254345300298,0
534,257,F,10s,book,pc,11,71.39,7,0.20378686248937014,0
70,244,F,30s,fashion,mobile,18,181.69,4,0.21650543797054397,0
893,162,M,30s,sports,mobile,12,44.7,4,0.533637310750898,1
405,68,M,30s,sports,mobile,8,287.7,6,0.2096465997105512,0
608,344,F,40s,sports,mobile,3,216.05,4,0.2574381962620792,0
675,277,M,30s,book,mobile,6,395.1,5,0.30325037751592754,0
591,161,F,10s,fashion,tablet,4,289.07,7,0.23658540486075655,0
517,391,M,30s,food,tablet,6,331.26,1,0.1809435098190858,1
828,449,F,10s,fashion,tablet,7,337.22,5,0.3109883512954987,0
120,489,M,40s,book,mobile,13,296.86,5,0.14426243317188672,0
814,259,M,20s,sports,pc,23,12.97,6,0.1533462705061379,1
690,492,F,50s,book,pc,9,416.87,4,0.14080831984807554,0
688,307,M,30s,fashion,mobile,5,458.77,3,0.1142002495588242,0
902,335,M,50s,book,tablet,4,269.45,7,0.2945621172190369,0
217,95,F,20s,food,pc,14,60.52,3,0.20509340768846537,0
56,438,M,40s,book,mobile,15,329.08,6,0.43975034065766266,0
366,464,M,40s,electronics,tablet,1,185.05,5,0.279444968032395,1
699,458,M,20s,book,tablet,14,41.27,3,0.13671737139455456,0
504,246,F,50s,fashion,tablet,7,427.83,4,0.19873178547173834,0
744,221,M,30s,electronics,tablet,20,357.3,4,0.2890542885916143,1
767,123,F,10s,sports,tablet,23,403.39,6,0.1963066755146278,0
925,187,F,40s,fashion,tablet,21,399.08,4,0.44170277363231114,0
455,262,M,20s,food,tablet,23,182.05,6,0.0710722678219292,1
104,413,F,50s,book,tablet,12,243.7,6,0.30515334589630644,0
77,273,F,30s,book,tablet,16,120.66,7,0.4083693641705318,1
230,373,F,50s,fashion,tablet,14,378.67,4,0.1510033986779442,0
914,60,F,30s,book,mobile,13,264.36,4,0.08848610476657669,1
258,406,M,10s,book,pc,18,326.75,5,0.3182384138621788,0
264,408,M,10s,sports,mobile,12,181.53,6,0.3997106726142457,0
331,125,M,20s,book,pc,20,341.2,4,0.3117912881273087,1
993,337,F,20s,book,mobile,6,337.25,5,0.02592139132326766,0
182,341,F,30s,sports,pc,7,386.23,1,0.17040361835129922,0
893,51,M,30s,book,pc,6,81.94,7,0.20294104212050795,0
768,178,F,30s,sports,pc,18,313.72,4,0.28849943619731877,0
550,139,M,30s,food,mobile,14,440.34,8,0.07218879649960759,0
688,440,F,10s,book,pc,6,51.61,1,0.09850689565435568,0
27,327,M,20s,fashion,tablet,16,480.57,7,0.25904430924190414,0
276,170,M,20s,electronics,pc,20,107.85,7,0.05517488691047018,1
652,39,M,40s,food,mobile,17,468.59,9,0.08632370728973365,0
299,69,F,20s,book,mobile,18,434.67,3,0.14714673161650327,0
957,236,M,20s,fashion,tablet,2,386.24,4,0.4441868969803977,0
799,48,F,50s,electronics,pc,23,108.67,7,0.47044470823097784,1
91,381,F,50s,sports,mobile,21,112.14,7,0.09602347648524417,0
480,57,M,40s,book,pc,6,133.36,6,0.25384285794363953,1
573,277,M,30s,sports,tablet,20,406.18,4,0.3561655559501261,0
458,338,F,40s,food,tablet,9,97.91,4,0.038976109488110075,0
451,99,F,40s,electronics,mobile,6,292.52,8,0.30802639912160507,0
365,404,M,10s,electronics,pc,10,389.88,7,0.07044467071977313,0
859,15,M,20s,sports,tablet,2,233.01,2,0.12094178023461713,0
675,325,F,10s,sports,tablet,20,421.17,1,0.39839448268905386,0
351,461,M,20s,food,mobile,21,283.24,4,0.28922784359417714,0
655,179,M,40s,fashion,tablet,8,299.59,5,0.1145833654951416,0
400,332,M,20s,book,mobile,3,340.01,4,0.16976454083091147,0
253,62,M,30s,fashion,tablet,7,423.76,5,0.013827567204359991,0
781,119,F,30s,electronics,tablet,23,7.29,9,0.09071878574736901,1
881,469,F,40s,book,mobile,21,199.31,4,0.09170912623053498,1
803,37,M,50s,food,mobile,11,481.68,6,0.06988909483241953,0
459,134,M,30s,fashion,pc,7,53.84,4,0.3618344298928479,0
699,455,F,40s,fashion,tablet,14,120.56,9,0.2340300696970733,0
917,26,F,10s,book,pc,13,287.61,3,0.17580911280070444,1
499,490,F,50s,food,pc,4,429.65,4,0.03518391766903291,0
950,496,F,30s,food,mobile,16,53.12,9,0.22475450608616707,1
971,8,F,40s,fashion,tablet,19,7.0,3,0.03634291839524391,0
926,457,M,40s,fashion,mobile,10,345.08,4,0.4232727271496608,1
508,475,M,10s,sports,tablet,21,300.66,5,0.16144247480536836,0
304,4,F,10s,book,mobile,14,139.17,4,0.1628582208531792,1
501,21,F,50s,food,tablet,12,479.02,6,0.09460959076649993,0
803,415,M,30s,electronics,pc,3,281.78,4,0.21526860590065428,0
598,149,F,40s,book,tablet,21,333.39,1,0.19767519528696376,0
166,488,F,50s,sports,tablet,12,192.5,4,0.18233447898595753,0
415,25,M,50s,book,mobile,12,461.19,4,0.3677159470555581,0
462,487,M,10s,fashion,tablet,10,141.66,6,0.17309379015570905,0
920,143,M,40s,book,tablet,4,375.65,6,0.39587033637258184,0
114,245,M,20s,book,tablet,13,62.75,4,0.1237113156047721,0
433,419,F,10s,book,tablet,21,271.2,5,0.06001287091157277,0
992,433,M,40s,electronics,pc,2,291.01,4,0.21799456096802847,0
356,43,F,50s,sports,mobile,17,98.24,8,0.10131885042437379,0
928,425,F,50s,book,tablet,2,165.27,6,0.2212953844477563,0
695,293,F,30s,book,mobile,5,93.46,6,0.3325048323346865,1
207,185,F,20s,electronics,pc,7,423.29,6,0.029075629244394798,0
768,42,M,10s,food,pc,23,330.31,10,0.2366723583104253,1
235,431,F,30s,book,tablet,20,225.98,7,0.14564790599192334,0
442,92,F,30s,book,mobile,16,280.21,7,0.14864389907785183,0
355,317,F,20s,food,mobile,0,175.3,4,0.22895394830610152,0
515,398,M,10s,book,mobile,6,217.23,3,0.17961138883524444,0
208,324,M,10s,book,pc,17,311.59,0,0.19225249857312757,0
709,53,M,50s,book,pc,3,109.68,5,0.199270842851338,1
853,84,M,10s,sports,tablet,9,71.38,7,0.3227691164790192,0
125,34,M,30s,fashion,mobile,4,472.51,3,0.28356057915190375,0
138,76,F,50s,sports,mobile,7,122.24,2,0.366100830193255,0
339,353,M,10s,food,pc,12,250.14,3,0.134467069780578,0
537,408,F,20s,sports,tablet,16,381.95,9,0.18968671742471274,0
68,404,M,30s,sports,tablet,20,280.26,5,0.2791582610017989,0
573,197,F,40s,electronics,tablet,3,319.26,10,0.2617362933721643,0
541,486,M,20s,food,pc,9,85.9,6,0.16597998008593787,0
383,286,F,20s,food,mobile,20,200.49,8,0.16256737010067326,0
19,88,M,10s,food,tablet,7,346.67,6,0.11587080341581715,1
683,235,F,50s,sports,tablet,9,108.84,6,0.2820777034943845,0
450,232,F,50s,food,mobile,12,244.36,1,0.37451307899378194,1
74,7,F,30s,electronics,tablet,11,296.68,5,0.3199305287386235,0
573,292,F,10s,book,pc,20,395.72,5,0.15079993020944435,0
939,38,F,50s,sports,tablet,12,112.09,5,0.23320247557103416,0
665,464,F,40s,book,mobile,9,489.16,3,0.46230055110879636,0
276,52,M,10s,book,pc,20,483.88,2,0.28874097753529,0
48,143,M,10s,sports,tablet,0,11.09,4,0.24194835090471764,1
211,430,F,50s,sports,mobile,8,187.15,7,0.3391418763795091,0
855,407,F,20s,food,mobile,2,38.58,4,0.1775688421958051,0
920,396,F,10s,electronics,mobile,16,162.04,1,0.1120321558341137,1
651,221,F,20s,sports,mobile,20,305.5,7,0.1984516950402381,1
622,428,F,30s,book,tablet,9,306.32,3,0.11278775816674713,0
994,240,F,30s,sports,tablet,18,52.85,3,0.10334751785312306,0
695,143,F,50s,electronics,pc,5,340.17,3,0.3828708843671376,1
540,349,M,30s,fashion,pc,6,423.94,4,0.3794578577276027,0
709,493,F,50s,book,mobile,10,317.43,3,0.4061685061401756,0
191,363,F,50s,fashion,mobile,15,158.43,6,0.15013649347233185,0
315,382,M,20s,fashion,pc,3,6.24,5,0.3552660432958571,0
901,49,M,20s,electronics,tablet,3,325.96,3,0.12737582156591645,0
563,277,F,30s,sports,tablet,17,340.49,5,0.24879958612848962,1
661,271,M,20s,fashion,tablet,17,355.83,5,0.13171469140981415,0
780,14,M,10s,food,mobile,6,24.43,9,0.2449114346625976,1
562,298,M,40s,sports,pc,10,260.64,3,0.09782648917379483,0
900,492,F,10s,book,pc,4,209.65,11,0.31237601358622963,1
758,464,F,10s,sports,pc,20,384.84,8,0.14876051196020432,0
113,15,M,50s,electronics,tablet,17,362.73,5,0.13120690114451705,0
170,234,F,40s,electronics,pc,6,475.58,5,0.1387595497715338,0
468,63,F,50s,book,pc,1,449.27,6,0.059528935589402254,0
678,196,F,20s,book,tablet,4,281.21,9,0.33392116522776877,0
921,27,M,20s,book,mobile,4,490.33,5,0.12722935631491877,1
14,471,M,40s,electronics,mobile,18,79.36,7,0.27872648614804296,0
715,93,M,30s,sports,tablet,1,8.54,8,0.12383749796003105,1
288,105,M,20s,fashion,pc,18,58.38,5,0.27328565559873563,1
907,309,F,10s,fashion,mobile,4,180.78,7,0.19389560572627015,0
189,52,F,40s,food,mobile,11,378.85,6,0.2476899181215099,1
914,319,F,40s,electronics,mobile,12,194.62,4,0.09026303468744813,1
155,457,M,20s,book,tablet,21,391.4,6,0.28961982550615617,1
567,181,M,20s,sports,mobile,19,372.68,6,0.2878147467662611,0
694,57,F,50s,electronics,pc,6,398.2,1,0.33192771072298716,0
722,120,M,50s,food,tablet,1,97.7,2,0.22047395040606224,1
888,308,M,10s,fashion,tablet,21,260.44,8,0.15624142051550755,0
471,363,F,40s,sports,mobile,13,357.78,6,0.05610875265427399,0
75,43,M,30s,fashion,pc,4,145.67,7,0.0037708428223694563,0
277,135,M,30s,sports,tablet,19,419.82,3,0.23870939515670717,1
940,373,F,40s,book,mobile,21,390.76,8,0.28180564876052294,0
645,426,M,10s,sports,pc,11,64.34,4,0.27741577428893555,0
343,260,F,50s,book,pc,3,112.85,5,0.07065425044623959,0
425,197,F,50s,electronics,tablet,16,122.5,7,0.4244961625387102,1
571,133,M,50s,fashion,mobile,15,439.85,7,0.05781877845350766,0
511,459,F,30s,sports,pc,9,97.43,3,0.19255943356057872,0
857,255,M,30s,sports,tablet,2,312.94,6,0.39709037685149684,0
182,489,M,10s,food,tablet,21,37.13,5,0.014260630910017821,0
458,220,M,30s,fashion,tablet,0,278.49,4,0.24106578846711144,1
918,336,M,20s,electronics,tablet,5,74.92,7,0.2506139341926638,0
851,41,M,30s,book,tablet,2,289.87,11,0.29814782692546127,0
833,478,M,50s,electronics,pc,18,187.06,4,0.06985682236584698,0
64,388,M,10s,food,tablet,6,304.81,1,0.11974215016653073,0
839,255,M,40s,electronics,mobile,8,200.25,6,0.24338224128546737,0
260,2,M,40s,book,mobile,21,427.88,10,0.4933431292075972,0
193,494,F,10s,fashion,pc,11,379.7,5,0.39543546464255575,0
655,195,F,20s,food,tablet,13,423.13,8,0.0864771366596038,1
616,242,M,40s,sports,tablet,0,114.92,3,0.26632737447038984,0
972,149,M,50s,sports,pc,12,78.66,6,0.09907130564083852,0
406,198,M,40s,fashion,tablet,20,280.88,5,0.32759559212863887,0
726,299,F,40s,electronics,tablet,1,437.05,7,0.306747216165161,0
754,245,F,50s,sports,mobile,2,59.76,3,0.16412226482230932,0
943,338,M,30s,food,tablet,10,120.77,4,0.3287345503378622,1
721,108,M,20s,book,pc,4,374.27,4,0.3331162947027011,0
93,453,M,50s,electronics,mobile,1,235.35,0,0.2698269524743375,0
430,393,F,50s,book,pc,13,303.71,10,0.15092326496888636,0
654,212,M,10s,electronics,pc,12,297.92,3,0.25740113617492366,0
434,156,F,20s,food,tablet,13,209.12,2,0.1616198480400654,1
404,26,F,30s,book,tablet,2,354.32,5,0.09345798520484741,0
434,82,M,50s,food,mobile,7,426.87,6,0.10766252857624667,0
112,83,F,30s,book,pc,12,454.34,2,0.04675637272310272,0
929,131,M,50s,electronics,pc,21,27.97,6,0.245657202096705,0
375,329,F,50s,food,tablet,11,279.04,11,0.08587596292732269,0
59,100,F,10s,electronics,pc,17,24.98,7,0.18513282205328693,1
43,256,M,40s,electronics,pc,17,450.96,7,0.06198306504664755,0
207,479,M,20s,book,pc,16,217.49,4,0.2749853698100211,0
780,49,F,10s,book,pc,6,450.76,5,0.15072924191410061,0
296,401,F,30s,food,pc,21,97.9,5,0.12282583332511589,0
118,63,F,50s,sports,mobile,12,85.37,10,0.07385025478933738,0
532,311,M,50s,fashion,pc,12,454.62,2,0.09667156778262621,0
222,407,M,20s,book,pc,5,469.5,0,0.07808551532815404,0
166,290,M,10s,electronics,mobile,20,384.56,5,0.11230358102726336,0
643,105,M,10s,fashion,tablet,18,114.9,5,0.10092141680366001,0
156,105,F,30s,food,tablet,23,90.13,4,0.03061222881138519,1
184,325,F,10s,fashion,mobile,18,375.27,4,0.17971213805788747,0
90,15,F,10s,fashion,mobile,20,319.21,2,0.19979015950462095,0
94,175,F,40s,sports,tablet,23,436.68,1,0.28892283338366415,0
13,259,F,20s,sports,pc,15,142.02,5,0.06418688164445666,0
973,211,M,10s,fashion,pc,2,151.2,7,0.2327305795839119,0
834,412,M,30s,sports,mobile,13,367.16,5,0.06124578062113737,0
805,259,F,50s,sports,pc,20,137.59,2,0.3453188035535594,0
945,102,F,10s,fashion,mobile,5,233.88,4,0.24978075180154954,0
742,260,F,10s,book,tablet,16,262.47,1,0.20220057799720728,0
834,344,F,50s,sports,pc,15,336.25,7,0.09368816246647549,0
804,159,F,40s,fashion,tablet,1,175.47,5,0.5091888502353848,0
438,45,F,20s,book,pc,22,429.88,6,0.2729829090638575,0
538,443,F,40s,sports,pc,8,204.15,4,0.29690995048412905,0
587,301,F,30s,fashion,pc,12,25.48,5,0.17566283475191594,0
968,251,M,10s,sports,mobile,13,38.17,5,0.14094708334280806,0
876,331,F,40s,book,tablet,19,485.93,3,0.21369300416322784,0
936,165,F,20s,fashion,mobile,20,312.91,7,0.26758768860617477,0
811,193,M,30s,book,mobile,11,248.01,6,0.25359379585590314,0
150,9,M,40s,electronics,tablet,19,435.49,3,0.19969729196180988,0
660,401,F,10s,food,tablet,10,359.86,3,0.4757747744292916,0
8,374,M,20s,electronics,mobile,18,94.79,5,0.4099421647374039,1
29,65,M,10s,sports,mobile,9,8.61,9,0.21406137984926218,1
296,387,F,10s,book,mobile,17,491.15,9,0.09019211267675414,0
986,495,M,30s,fashion,tablet,2,316.46,2,0.18556617207595935,0
926,282,F,20s,book,mobile,15,241.15,8,0.2581527206623573,0
721,181,F,50s,sports,tablet,17,472.6,5,0.1146241844474328,0
640,415,F,10s,fashion,mobile,13,187.76,9,0.22483585567081005,1
340,282,M,20s,electronics,tablet,23,362.66,4,0.055734868444285886,0
628,279,M,10s,book,mobile,16,336.71,2,0.1474535495143284,0
439,30,F,40s,food,pc,4,340.13,5,0.24623672035427976,0
144,266,F,40s,sports,pc,16,340.18,4,0.17678584946478848,0
942,328,M,20s,sports,tablet,20,10.16,1,0.4307315224611253,0
830,492,F,30s,book,tablet,13,413.03,6,0.12623056649297124,1
747,217,M,50s,electronics,pc,2,461.86,5,0.13553359061656536,0
519,320,M,40s,electronics,tablet,14,227.43,3,0.3414661334219941,0
976,406,M,30s,food,tablet,11,282.44,4,0.15083828714413708,0
45,399,M,50s,food,pc,16,165.73,3,0.30495977490005516,0
955,379,M,40s,book,mobile,16,393.61,3,0.1385001041613086,0
239,105,M,50s,fashion,tablet,23,369.62,2,0.2661475762461702,0
952,184,F,10s,electronics,tablet,18,370.56,6,0.27054008265231316,0
944,330,F,20s,fashion,mobile,6,368.79,8,0.18367077550398744,0
155,148,M,40s,fashion,mobile,4,113.18,3,0.07126588638894372,0
181,105,M,40s,book,tablet,1,60.7,6,0.12932276686493147,0
215,47,F,10s,food,tablet,15,158.82,5,0.034807322425331993,0
88,87,F,40s,fashion,mobile,12,289.81,4,0.0986732223057431,0
256,309,F,40s,book,tablet,10,202.76,6,0.19260761634201606,0
511,437,F,40s,food,mobile,6,128.38,7,0.0250879434755748,0
73,129,F,40s,fashion,mobile,22,16.03,4,0.10730249197716538,0
931,258,F,40s,fashion,tablet,2,64.96,9,0.3197503124399778,0
179,314,F,30s,food,tablet,5,57.14,4,0.07798503957496321,0
212,147,F,40s,food,mobile,4,478.54,7,0.09376190801661222,0
805,446,M,10s,sports,tablet,0,390.52,4,0.3584160592255677,0
234,462,F,40s,sports,mobile,0,65.76,3,0.25175369860428237,1
465,72,M,50s,book,pc,17,236.27,1,0.4458133204807065,0
751,486,F,50s,book,pc,22,328.97,5,0.21133487974348014,1
223,140,F,10s,electronics,mobile,2,480.71,2,0.198886194651663,0
631,410,F,30s,sports,mobile,18,138.14,0,0.19907359636260052,0
825,27,F,10s,food,tablet,9,135.7,6,0.32157066432062587,0
264,29,F,30s,sports,mobile,19,286.29,5,0.2936723535320351,1
207,271,M,20s,book,mobile,10,429.4,5,0.13645443682401553,0
607,174,F,50s,book,tablet,7,143.41,2,0.177205590322281,0
885,253,M,50s,book,tablet,19,67.28,7,0.16091724847626587,0
734,385,M,50s,food,pc,22,136.73,3,0.462806046792565,0
366,60,F,30s,fashion,mobile,10,227.29,3,0.23835344388175445,0
276,107,M,10s,book,mobile,4,183.18,8,0.1566938751613485,1
380,220,F,30s,sports,pc,21,431.3,1,0.2882412590688806,0
743,441,F,50s,fashion,mobile,23,471.76,3,0.35979686059683147,0
309,259,F,50s,sports,tablet,3,192.33,5,0.08056648464987202,0
631,371,M,50s,book,mobile,12,412.59,3,0.3448797797500051,0
268,146,F,50s,food,tablet,5,38.96,6,0.1491445358534094,1
945,52,M,20s,fashion,mobile,1,279.08,6,0.18486755591112414,0
785,60,F,50s,fashion,pc,5,416.69,8,0.07602016502978805,0
64,34,F,30s,book,tablet,21,212.22,3,0.132662604945092,0
810,96,M,50s,book,tablet,9,76.0,8,0.42739322180791145,0
350,477,M,40s,book,pc,22,145.62,1,0.13468516935608113,0
925,89,M,20s,electronics,tablet,3,248.49,5,0.29629796274055425,1
915,316,M,50s,food,pc,15,422.53,3,0.27704282183416895,1
494,410,M,40s,food,mobile,22,375.56,3,0.24065705660153985,0
523,231,M,30s,book,pc,9,46.37,4,0.07865720499403059,0
98,456,F,20s,electronics,mobile,0,275.35,6,0.14310844491273134,1
946,275,M,50s,book,tablet,12,436.81,3,0.06926158493333684,0
71,246,F,30s,book,tablet,13,290.67,7,0.3197868926328087,1
364,111,F,40s,food,pc,22,37.14,12,0.29493045774197957,1
570,234,F,20s,electronics,mobile,11,412.44,4,0.14755375870930376,0
802,278,F,50s,food,pc,12,453.85,8,0.1931111636630372,0
763,477,F,30s,book,tablet,0,197.65,5,0.18007675163066636,0
276,417,M,20s,sports,tablet,13,158.52,1,0.13859479580969053,0
50,166,F,40s,fashion,mobile,7,273.96,2,0.15606562023113915,0
358,128,F,50s,book,mobile,21,492.12,7,0.1822858418811422,0
728,237,F,20s,electronics,tablet,13,419.54,2,0.1256467296466992,0
906,494,M,40s,sports,tablet,0,406.47,1,0.14128825272919499,0
928,291,M,40s,electronics,mobile,16,100.61,4,0.053870621206372135,0
564,107,M,30s,book,pc,15,448.11,4,0.16105240319562752,0
783,128,M,40s,book,pc,11,280.19,7,0.2720770192789098,0
485,195,F,40s,fashion,mobile,19,458.85,6,0.1673210064894569,0
84,339,M,10s,electronics,mobile,22,327.6,8,0.042733530278043094,0
899,394,F,40s,sports,mobile,4,417.91,4,0.38664399283251943,0
805,475,M,50s,fashion,tablet,20,86.94,6,0.07488694471810732,0
638,143,M,20s,electronics,pc,23,354.73,1,0.19759634044058477,1
808,395,M,50s,book,mobile,17,132.34,1,0.132692714179695,0
584,111,M,50s,fashion,pc,3,88.61,4,0.0655810619066687,0
296,90,F,30s,book,tablet,19,289.12,6,0.04038779665192538,1
236,251,M,10s,food,tablet,10,303.36,6,0.2862377282420206,0
56,280,F,10s,food,mobile,7,247.86,5,0.07137492272072733,0
919,333,F,50s,fashion,mobile,21,49.08,2,0.0036218065695610814,0
360,224,F,20s,fashion,mobile,8,126.15,6,0.06496088647289285,1
907,101,F,10s,electronics,mobile,19,121.55,7,0.08733881427783671,0
110,132,F,10s,sports,pc,9,160.28,5,0.1990786419416205,0
192,13,F,50s,sports,mobile,6,315.89,1,0.5287511747889794,0
904,457,F,10s,food,pc,18,221.8,6,0.3122124858692524,0
93,441,M,30s,food,tablet,21,484.35,1,0.011900509706234186,1
862,497,F,50s,food,tablet,0,12.84,7,0.12126437749140892,0
568,98,M,10s,book,pc,4,111.87,4,0.37259550670714575,1
60,120,M,10s,sports,pc,5,288.84,5,0.13351231885776718,0
650,293,F,10s,fashion,mobile,11,440.27,2,0.2212503803268997,0
39,304,F,50s,food,mobile,11,21.78,7,0.5268895797174288,1
540,199,M,20s,electronics,mobile,20,442.39,10,0.39887520806851107,0
49,1,M,40s,fashion,tablet,13,256.1,7,0.12614971047151072,0
420,60,F,10s,fashion,pc,6,393.81,3,0.023978421321045006,0
637,250,F,40s,fashion,pc,19,474.58,6,0.2802790675326228,0
13,140,M,40s,sports,pc,20,111.63,9,0.19745194933636304,0
992,149,M,10s,food,pc,19,296.02,7,0.24167135449417346,0
36,395,F,10s,electronics,mobile,13,442.42,3,0.2471932469378636,0
101,44,M,40s,book,mobile,15,422.98,5,0.225269085574685,0
794,371,M,20s,electronics,pc,8,262.88,9,0.07614838737724736,1
86,186,F,40s,electronics,mobile,1,475.0,9,0.04826869619856592,0
516,108,M,20s,electronics,tablet,16,355.68,7,0.19698444494487635,0
223,44,F,30s,book,mobile,3,264.44,4,0.19315940258615433,1
338,78,F,20s,electronics,tablet,13,33.66,5,0.30763063921056344,0
960,226,F,50s,electronics,tablet,13,246.22,2,0.15409321234985038,0
166,162,M,10s,food,pc,14,213.84,9,0.2814337826598722,0
383,281,F,30s,food,pc,11,156.1,3,0.39598414469120025,0
856,253,M,40s,food,mobile,12,471.73,2,0.2907053070264012,0
895,132,F,20s,fashion,pc,21,463.22,3,0.37252627786507986,0
376,448,F,30s,electronics,tablet,9,171.96,5,0.12497683050255828,0
471,372,M,50s,sports,tablet,15,220.7,2,0.20732796879791598,0
790,375,M,20s,sports,mobile,14,377.15,4,0.06940543002183934,0
642,474,M,40s,sports,tablet,7,418.35,2,0.32096382263853895,0
31,144,F,40s,book,pc,3,59.49,2,0.1842890797320428,0
375,266,M,20s,food,mobile,0,247.94,4,0.0450036338351989,0
11,109,F,50s,food,mobile,13,457.68,8,0.06369324563523147,0
988,194,M,10s,food,mobile,8,333.97,3,0.11383989655119386,1
302,35,F,10s,book,pc,18,273.77,6,0.27825747757637204,0
96,467,F,40s,electronics,tablet,5,360.43,9,0.31627401979509717,0
190,390,F,50s,fashion,pc,15,332.41,4,0.1512161813597765,0
453,275,F,40s,food,mobile,23,471.41,2,0.24902293085813673,1
192,187,M,10s,electronics,tablet,10,456.75,6,0.3401940333931263,1
486,437,M,40s,sports,mobile,20,201.9,6,0.2367656286823708,0
266,500,F,20s,fashion,pc,22,20.85,3,0.32234486366537124,1
424,243,F,20s,sports,mobile,10,169.67,8,0.11169717394113972,0
128,264,M,50s,electronics,pc,13,105.43,7,0.2829301292913698,0
238,462,M,10s,electronics,mobile,10,70.12,4,0.3197686397162576,1
920,10,M,50s,sports,mobile,13,444.53,3,0.018485002299478217,1
355,451,M,50s,fashion,mobile,0,356.42,8,0.1565355582206372,1
940,166,M,10s,sports,pc,10,21.13,4,0.12812853704531946,0
112,29,M,30s,sports,pc,23,460.28,8,0.2722003297608888,0
828,271,F,30s,sports,pc,17,451.99,7,0.1631016249110595,1
446,87,M,40s,fashion,pc,16,474.95,3,0.08011491813686086,0
343,23,M,30s,book,pc,3,415.79,6,0.31943587701455456,0
145,210,F,20s,fashion,tablet,21,44.04,6,0.31107594818928164,0
65,46,M,50s,sports,mobile,13,313.28,4,0.20460784011847052,0
247,467,M,40s,food,pc,7,46.13,8,0.13436676226950678,0
735,28,M,50s,food,tablet,14,358.13,7,0.09493762570251181,1
991,26,F,10s,electronics,tablet,15,102.52,3,0.11377530328561827,0
490,266,M,30s,book,mobile,0,468.23,5,0.2114021759349058,0
825,175,F,10s,electronics,mobile,0,467.41,4,0.2086726657917274,0
439,4,M,40s,electronics,mobile,9,299.33,7,0.22676673915385573,0
106,311,F,20s,food,pc,1,377.57,6,0.24966987875891603,1
181,322,M,30s,fashion,mobile,11,429.79,3,0.11442287020812902,0
184,67,M,10s,electronics,mobile,3,197.63,1,0.06887125470544776,0
226,135,M,30s,electronics,mobile,22,291.7,5,0.1038839336605615,0
777,55,F,50s,book,tablet,18,92.13,5,0.3608556712335914,1
790,464,M,20s,food,pc,0,492.82,5,0.05381627207854664,0
909,31,M,30s,fashion,mobile,0,465.05,6,0.21261897423996445,0
89,74,F,20s,book,tablet,8,244.29,2,0.13170934183313157,0
688,19,F,50s,fashion,pc,19,278.9,5,0.26296727188846886,0
530,156,F,50s,fashion,mobile,12,221.17,1,0.19328374993951047,0
371,337,M,10s,electronics,tablet,10,5.82,3,0.045486066027222286,0
972,156,F,40s,book,pc,18,118.85,5,0.11117599564903176,1
936,147,M,10s,electronics,mobile,20,55.32,3,0.31433957621846637,0
913,485,F,20s,sports,mobile,16,164.83,7,0.18591942792102095,0
399,87,F,10s,fashion,tablet,2,121.94,4,0.14308725965592703,0
106,20,M,30s,book,mobile,19,382.01,4,0.16914098679124842,0
271,269,M,10s,food,tablet,12,254.87,5,0.16808337833513431,0
975,333,M,40s,electronics,tablet,21,409.41,6,0.1404003736833086,0
831,43,M,40s,sports,tablet,18,319.67,2,0.29137187666548064,0
503,395,F,20s,sports,pc,19,329.83,3,0.2214065560797982,0
679,432,F,50s,sports,tablet,20,438.74,4,0.1994959061104371,0
525,399,F,40s,electronics,pc,23,424.36,8,0.09975080899126344,0
849,401,M,20s,food,mobile,8,36.33,7,0.3059140350768403,0
32,438,M,40s,book,pc,18,291.28,8,0.0843290195909965,0
393,306,F,40s,fashion,tablet,18,209.48,5,0.14285971222507257,1
40,28,F,50s,food,mobile,22,301.82,7,0.07982691730775594,0
660,467,M,30s,electronics,tablet,0,432.01,4,0.17097542808416133,0
218,260,F,20s,book,tablet,16,10.96,4,0.04230357774550446,0
731,22,F,40s,fashion,mobile,13,10.43,8,0.49636063676243497,0
981,470,F,40s,book,tablet,11,35.96,8,0.22898356837098996,1
82,375,M,10s,fashion,pc,1,438.07,5,0.1779442376444343,0
845,101,F,30s,fashion,mobile,21,179.97,4,0.06764569520884527,0
720,39,M,50s,sports,mobile,2,188.76,8,0.13232721292392724,1
201,290,F,20s,electronics,mobile,23,175.97,4,0.16461054304337722,0
447,353,M,40s,food,tablet,4,119.33,6,0.18510785704019384,0
844,300,F,20s,sports,tablet,2,24.24,4,0.5280094675098108,1
428,170,F,50s,sports,mobile,13,453.72,6,0.12272284620815022,0
38,296,F,30s,book,pc,23,120.27,6,0.4601457669544709,0
211,353,M,10s,fashion,tablet,23,447.5,6,0.25676771395778614,0
444,396,F,30s,fashion,tablet,17,478.08,8,0.15483659771388222,0
327,130,F,10s,book,tablet,4,290.44,4,0.23045617416622774,1
761,156,M,20s,electronics,pc,2,189.28,5,0.1571740058539248,1
227,74,M,30s,fashion,tablet,22,384.07,3,0.060855622258427416,0
48,342,F,30s,sports,tablet,1,17.56,6,0.05449117621587233,0
18,465,F,30s,sports,pc,8,464.79,6,0.20310901982800844,0
912,90,F,50s,fashion,pc,17,206.92,9,0.07317655850216193,0
439,67,F,20s,fashion,tablet,1,157.76,3,0.2031804917409534,0
807,455,F,10s,electronics,mobile,21,67.83,3,0.14247768594472215,0
708,236,M,30s,fashion,mobile,18,477.81,9,0.03720195724908817,0
187,200,F,20s,electronics,pc,2,406.46,5,0.08260736771468344,0
345,468,M,50s,sports,tablet,17,363.35,3,0.3716674907856963,0
224,332,M,50s,electronics,pc,13,465.83,7,0.3837132274356899,0
830,227,F,20s,fashion,pc,12,480.12,5,0.1981584446304035,0
488,465,M,10s,food,mobile,15,137.88,3,0.1765711832081901,0
909,348,F,20s,fashion,pc,20,394.33,9,0.21605150033430745,0
877,233,M,20s,food,pc,10,384.66,4,0.03806453664019623,0
849,266,M,40s,sports,tablet,20,280.87,2,0.1735589356834311,0
229,86,F,50s,book,tablet,22,79.46,7,0.21710816305249175,1
390,102,F,10s,sports,pc,23,470.47,4,0.15252026456184598,0
979,441,M,40s,sports,pc,23,161.11,6,0.10724972150731943,0
589,481,F,20s,sports,tablet,11,291.55,1,0.08491913992923933,0
188,214,F,50s,electronics,mobile,2,14.59,3,0.14946678692124446,0
858,108,M,40s,sports,tablet,5,217.43,8,0.14087629111647426,0
270,165,M,40s,book,tablet,15,310.36,7,0.2104539193884699,0
607,461,M,10s,fashion,tablet,11,193.58,3,0.282308957654369,0
310,91,F,20s,food,tablet,20,241.17,0,0.10498402368594414,0
132,192,F,10s,sports,tablet,19,100.05,3,0.057597955060308716,0
551,335,F,40s,food,mobile,5,178.36,10,0.15542642397074036,0
72,86,M,40s,sports,tablet,19,363.07,0,0.07575169443374385,0
793,222,F,10s,electronics,tablet,13,485.01,6,0.24702575423253412,0
845,363,M,40s,food,mobile,23,237.05,2,0.09909783742654138,0
672,424,M,30s,sports,pc,8,344.59,3,0.28455351205916074,0
187,101,M,50s,sports,mobile,16,488.21,9,0.09569472611284686,1
486,226,M,20s,book,tablet,11,388.52,1,0.15295163503269227,1
191,364,M,50s,book,pc,0,10.01,5,0.16394484651929625,1
422,60,M,20s,book,mobile,19,468.09,9,0.12312314144651212,0
120,482,M,40s,electronics,pc,21,433.95,2,0.23243367727036018,1
220,250,F,10s,food,mobile,7,139.2,3,0.053161018686248875,0
53,48,M,10s,electronics,mobile,11,94.87,3,0.20238416182415472,0
734,117,F,40s,fashion,pc,15,450.12,4,0.17368084651223867,0
451,227,F,20s,sports,pc,0,345.9,8,0.1884942458688133,0
412,362,F,40s,sports,pc,2,122.31,5,0.07982145685027367,0
643,403,F,20s,sports,pc,11,358.37,4,0.06438191853115931,0
237,456,F,40s,book,tablet,3,302.11,6,0.4597438712695447,1
758,487,M,40s,sports,mobile,9,158.06,8,0.332339891924215,1
738,33,F,40s,book,tablet,1,280.6,8,0.12102504815061421,0
720,44,F,10s,fashion,mobile,8,266.0,4,0.06536849257400966,1
406,476,F,20s,electronics,tablet,2,257.34,8,0.16842955362445594,0
608,165,M,40s,electronics,tablet,19,261.1,5,0.6366886514060435,0
422,368,F,50s,electronics,mobile,19,5.2,2,0.07682054178394826,0
712,345,F,50s,book,tablet,0,137.97,7,0.3960870072314225,0
247,292,F,10s,food,pc,4,218.28,2,0.17947619059300304,0
72,337,F,30s,food,pc,4,67.99,7,0.1113817978806088,0
830,344,M,10s,fashion,tablet,1,375.84,7,0.1868032423035886,0
185,405,F,30s,food,tablet,14,424.21,6,0.28741081547911407,0
6,386,M,10s,fashion,mobile,0,409.8,7,0.29107286683719585,1
206,287,M,50s,sports,mobile,20,232.52,10,0.24383743124857366,1
544,364,F,40s,electronics,tablet,4,346.9,4,0.13884914321603045,0
611,225,F,20s,book,mobile,6,43.06,3,0.23350158439298968,1
906,286,M,40s,fashion,pc,10,103.7,5,0.1738257853922323,0
387,204,F,50s,book,pc,9,28.23,6,0.021249317157521062,0
768,172,F,20s,book,pc,1,482.89,4,0.14768756599799598,0
699,12,F,30s,electronics,mobile,13,289.28,2,0.020633658225490858,0
76,307,M,30s,sports,mobile,23,91.74,8,0.043074108531942115,1
177,121,M,50s,sports,mobile,20,355.24,5,0.05727969135533942,0
827,433,F,20s,food,mobile,4,247.12,7,0.07379298975269867,0
799,244,F,40s,sports,tablet,15,219.96,7,0.20723970927532576,0
349,152,M,50s,electronics,tablet,1,457.16,4,0.31640312290643446,0
255,152,M,30s,book,tablet,9,355.56,5,0.20227630094677146,0
837,188,M,50s,fashion,tablet,17,346.88,3,0.11251269100196473,0
702,395,M,40s,fashion,pc,4,53.17,5,0.21751875188132572,0
308,13,M,10s,sports,mobile,16,50.55,4,0.30106871946741803,0
345,91,M,10s,food,pc,10,333.89,3,0.09567017962130016,0
127,200,M,40s,fashion,mobile,4,82.46,4,0.32149073615687496,0
937,74,F,20s,food,tablet,20,229.36,4,0.027754356046145207,0
287,256,M,50s,fashion,pc,23,287.05,5,0.13817863755144014,0
766,456,M,40s,food,mobile,5,197.1,7,0.12803810144856073,0
725,448,F,10s,food,tablet,21,47.15,6,0.028486496225645645,0
762,276,F,30s,book,mobile,15,372.96,3,0.11136968554956858,0
596,328,F,40s,electronics,mobile,4,443.09,5,0.20635328577753187,1
487,329,M,40s,fashion,tablet,20,85.03,0,0.4796542962399846,1
383,71,M,40s,sports,pc,23,427.78,7,0.3209136687153563,0
406,78,F,10s,electronics,mobile,15,395.4,7,0.09785272474769058,0
388,284,F,10s,book,tablet,16,284.11,6,0.26051346090352007,0
525,130,F,40s,book,mobile,8,300.07,6,0.23928216674843394,0
557,377,M,40s,book,mobile,21,327.53,6,0.20927490646393923,0
639,43,F,20s,sports,mobile,1,264.76,9,0.04192713760893377,1
938,8,M,30s,fashion,pc,18,422.95,6,0.07071153609371204,0
626,13,M,50s,fashion,pc,16,239.68,8,0.37480792441676425,0
945,213,M,50s,food,pc,4,275.79,1,0.06565146397003281,0
276,111,M,50s,food,pc,1,23.2,9,0.15179824538800613,1
500,476,F,10s,food,tablet,10,94.13,5,0.2965784134145175,0
717,291,F,10s,sports,pc,0,452.37,7,0.1295348848956174,0
337,23,F,20s,electronics,mobile,8,65.18,5,0.18780440922208572,1
950,302,M,10s,fashion,tablet,5,452.5,10,0.29729779336055057,0
932,254,F,40s,food,mobile,10,319.78,8,0.0610506223106127,0
481,15,M,30s,sports,pc,7,460.46,5,0.09655632465105252,0
897,130,M,30s,sports,mobile,12,408.08,7,0.09276103665630762,0
911,61,M,30s,food,mobile,11,433.32,7,0.40637638749785976,0
973,115,F,30s,book,mobile,8,264.57,6,0.24417914851176262,1
273,460,M,50s,book,mobile,14,413.52,1,0.055879040773213054,0
920,320,M,50s,book,pc,4,232.96,7,0.23240634909523633,0
58,308,F,40s,food,mobile,14,26.87,1,0.06806255975373718,0
328,420,F,20s,sports,mobile,1,327.42,3,0.08111249378492882,0
731,451,F,10s,sports,mobile,14,365.58,7,0.15445413854642728,0
109,325,M,10s,fashion,mobile,19,55.27,7,0.15482810723706456,0
279,67,M,50s,book,pc,2,408.87,7,0.0699779428492395,0
686,249,F,30s,food,mobile,9,42.21,3,0.05205973554938305,0
328,175,M,40s,fashion,tablet,6,223.6,6,0.26521950702083075,0
776,339,M,20s,sports,tablet,9,246.52,5,0.11450292516717542,0
315,2,F,50s,fashion,mobile,9,23.19,6,0.07467119320497238,0
474,172,F,40s,book,mobile,7,37.57,4,0.32264914899039976,0
111,485,F,40s,electronics,pc,12,228.07,4,0.07185362012637041,1
699,448,F,50s,book,tablet,20,159.07,4,0.03764809566133947,0
781,465,F,40s,book,pc,1,408.87,5,0.34723676314453583,0
935,334,F,30s,food,mobile,11,209.86,5,0.10925336795645775,0
229,284,F,40s,electronics,tablet,8,57.24,7,0.0595994072832646,1
497,475,F,20s,electronics,tablet,0,83.15,8,0.5494607989106481,0
156,54,M,40s,electronics,pc,20,338.37,1,0.12055725306141929,1
473,458,M,10s,sports,mobile,11,475.28,5,0.24558177754444324,0
701,67,M,40s,fashion,tablet,11,435.45,5,0.3075275785030154,0
272,420,M,50s,sports,pc,2,69.1,5,0.5149020644172664,0
887,102,M,10s,electronics,tablet,23,13.1,5,0.12729569859048712,0
2,120,M,50s,food,mobile,7,18.09,5,0.1551866249796961,1
758,191,M,20s,book,mobile,12,279.65,2,0.2538579089500655,1
722,409,M,30s,book,mobile,16,245.52,6,0.47629485360927354,0
511,470,M,20s,sports,pc,19,11.63,6,0.1960756027119909,1
913,304,M,10s,sports,mobile,9,33.28,3,0.30843297443913675,1
286,423,M,30s,food,pc,14,499.88,3,0.2726808339327468,0
871,47,F,40s,book,tablet,23,482.65,4,0.16002708496287496,0
13,222,M,10s,sports,mobile,8,67.73,2,0.13798198421179145,1
608,21,F,30s,fashion,pc,17,86.23,5,0.2960613247448473,0
498,158,M,50s,sports,pc,7,450.58,7,0.07953430044079035,0
733,348,F,30s,sports,pc,13,256.18,5,0.3182294955899722,0
238,159,M,50s,electronics,mobile,10,479.2,5,0.30288619808330886,1
94,377,F,50s,fashion,pc,12,262.57,7,0.024581180634054844,0
338,372,M,30s,fashion,mobile,15,290.73,3,0.02117985705076331,0
781,410,F,20s,food,mobile,13,113.97,4,0.3047253768969588,1
171,235,M,20s,electronics,tablet,8,438.66,4,0.2754273506590831,1
981,150,F,50s,fashion,tablet,8,413.38,6,0.22027348276517014,0
606,405,M,10s,electronics,mobile,18,172.02,6,0.2786837200152186,0
661,257,F,30s,electronics,tablet,4,308.12,7,0.14420707262288893,0
624,165,F,10s,book,pc,14,174.01,5,0.24629396233237333,1
567,77,F,20s,fashion,mobile,10,234.66,2,0.30226992542867753,0
849,85,F,10s,book,tablet,18,427.51,5,0.06394464528864394,0
936,46,F,40s,sports,pc,5,210.63,2,0.32537259523775475,0
467,393,F,40s,sports,mobile,9,421.08,8,0.06732085028511205,0
628,401,F,20s,book,pc,15,480.26,7,0.160140966417668,0
143,47,F,10s,sports,mobile,4,211.09,4,0.035076350459950216,1
201,213,M,30s,book,tablet,17,439.38,4,0.0874314574156214,0
180,479,M,20s,food,pc,18,155.47,10,0.17327447325868586,0
714,487,M,40s,electronics,tablet,22,6.42,6,0.17195507634559923,0
364,59,F,20s,food,pc,9,46.82,6,0.12418883651799499,0
479,54,F,10s,fashion,pc,9,369.87,8,0.21686564565652547,0
565,342,M,10s,food,pc,11,54.59,10,0.14529690154633676,0
471,12,M,10s,food,pc,20,469.88,12,0.1696646554508898,0
384,192,F,50s,sports,tablet,2,433.96,8,0.22206576422849197,1
692,6,F,10s,book,pc,3,259.85,8,0.09434110382728562,0
926,309,M,40s,fashion,tablet,21,292.85,3,0.08011337065720235,0
417,144,F,40s,sports,pc,23,348.7,8,0.5368830150756778,0
825,346,M,50s,fashion,mobile,11,367.1,1,0.34778178108224606,0
308,261,F,40s,electronics,mobile,6,248.15,3,0.10978169734192396,0
649,73,M,40s,book,pc,11,160.13,5,0.20863648462951792,1
694,174,M,20s,sports,mobile,2,455.57,6,0.37763452990093527,0
367,232,F,10s,food,pc,17,28.05,6,0.12518667514915252,0
1,270,M,20s,electronics,tablet,18,181.26,4,0.22277772424379372,0
44,428,F,20s,food,mobile,4,334.92,3,0.34750738925918256,0
739,447,F,40s,fashion,pc,13,446.08,3,0.1130533074609346,0
843,362,F,30s,electronics,pc,22,41.74,4,0.3386332671580274,0
98,222,F,10s,sports,tablet,7,331.18,4,0.22189878477441755,0
720,52,F,30s,food,tablet,21,246.1,8,0.2496733631140792,0
265,116,M,40s,food,pc,14,344.81,1,0.12573348779220148,0
800,26,F,50s,fashion,pc,15,162.02,2,0.2650534151343631,1
783,53,F,20s,fashion,pc,17,356.8,6,0.24598193322811984,0
140,365,M,40s,book,pc,10,94.23,1,0.3644647292923305,0
481,29,F,40s,book,pc,1,388.82,7,0.20703877255608494,0
237,19,M,30s,fashion,pc,9,375.93,3,0.44377078755228894,0
974,303,F,50s,book,tablet,10,473.66,6,0.07562858214423346,0
953,392,M,20s,food,mobile,4,90.75,3,0.21605159570742377,0
904,279,F,50s,fashion,pc,20,362.39,3,0.03964943665968902,0
72,117,F,50s,electronics,pc,16,164.71,1,0.2039515729352212,0
667,106,F,50s,fashion,tablet,0,144.52,5,0.34587692266360437,0
190,419,F,10s,sports,mobile,13,203.79,3,0.371897867940201,0
268,479,F,50s,sports,tablet,14,146.17,3,0.23071353143327405,0
321,309,M,40s,fashion,tablet,6,127.86,5,0.13088495442672057,0
107,227,M,10s,electronics,pc,7,385.35,8,0.013323400710212234,0
232,352,F,10s,fashion,pc,15,351.25,3,0.019742869452872503,0
42,186,M,50s,electronics,tablet,12,59.13,2,0.08166282880583298,0
702,261,F,40s,food,pc,4,282.29,5,0.24600255603281268,0
883,16,F,20s,food,pc,2,168.85,5,0.15807399211092252,0
139,273,F,50s,electronics,pc,12,485.66,4,0.101387466140492,0
615,160,M,10s,book,mobile,18,215.4,7,0.17599833911233803,0
683,358,F,20s,food,mobile,11,25.08,5,0.08371010908595634,1
863,250,M,20s,sports,pc,18,169.2,4,0.07226403739772126,0
273,224,F,10s,fashion,tablet,16,159.79,4,0.16176706450839887,0
481,256,F,20s,book,mobile,10,7.79,4,0.09677391623958694,1
416,180,M,40s,sports,tablet,2,246.45,5,0.1399562912449617,0
506,20,F,40s,fashion,pc,1,453.37,2,0.17910373569644547,0
733,112,M,50s,sports,tablet,23,402.15,3,0.2994291877312793,0
725,120,F,50s,book,tablet,13,343.9,7,0.1656926634818561,0
853,194,F,20s,electronics,mobile,21,175.05,1,0.22810800318436517,0
424,468,F,10s,fashion,tablet,20,119.82,3,0.21816322473179284,0
407,111,M,40s,sports,tablet,16,174.6,3,0.2930310623765222,1
568,210,F,30s,sports,mobile,1,65.91,4,0.1507448389398278,1
390,1,M,50s,book,pc,17,54.25,5,0.1051816672476875,0
342,58,F,40s,book,tablet,22,289.39,5,0.29553164621325423,0
946,93,F,20s,book,pc,14,407.93,3,0.2517054043444912,0
614,221,M,40s,electronics,pc,11,54.2,5,0.26669291073144397,0
933,211,F,40s,food,pc,15,170.92,5,0.16489938350938893,0
493,428,F,20s,sports,mobile,15,65.76,6,0.0843073562674418,1
192,232,M,50s,electronics,pc,6,158.69,7,0.09172602586599041,1
499,262,M,50s,sports,tablet,5,415.98,5,0.19467522345562288,0
822,364,M,30s,electronics,pc,13,22.25,7,0.20751344751517845,1
712,103,F,30s,fashion,pc,7,325.37,4,0.08430223350530203,0
233,50,M,50s,food,pc,19,34.62,3,0.153193621597972,0
945,374,M,50s,sports,tablet,23,216.14,4,0.21929835490753952,0
227,110,F,50s,book,pc,18,239.66,6,0.09709107699971084,1
371,456,M,50s,food,pc,18,203.75,2,0.4912292866885606,1
139,88,M,40s,sports,pc,11,320.51,7,0.14705130100506708,1
856,20,F,30s,fashion,mobile,8,486.96,3,0.09627446012043323,0
817,14,M,20s,sports,tablet,8,137.31,7,0.3804710317862898,0
149,133,F,10s,sports,mobile,4,306.84,6,0.08344783949558665,0
115,425,M,20s,sports,tablet,13,180.71,1,0.07936104384015684,0
450,296,M,10s,food,pc,0,499.75,8,0.15044391023869175,0
63,34,F,40s,sports,tablet,2,475.74,4,0.1730683006327404,0
104,380,M,30s,book,tablet,10,51.23,4,0.25120374709705034,0
851,208,F,10s,electronics,tablet,20,486.93,4,0.1620074358710357,0
871,301,M,50s,book,tablet,3,370.44,9,0.15093871262343653,0
668,199,M,40s,fashion,mobile,19,496.21,5,0.018000704900884065,0
273,80,F,10s,food,tablet,0,386.62,4,0.06539642978186613,0
6,71,F,50s,electronics,mobile,5,68.82,8,0.4540043530584798,0
147,155,M,40s,food,mobile,9,376.48,2,0.27807850698431236,0
184,78,M,10s,food,pc,3,364.68,2,0.029993875454883148,0
998,78,M,50s,sports,tablet,16,87.53,6,0.41796615297619155,0
28,172,F,30s,book,pc,21,377.82,9,0.06494346486376501,0
962,289,F,40s,electronics,tablet,20,339.01,5,0.06429605093085528,0
550,33,M,10s,sports,mobile,4,497.25,5,0.30440188989775596,0
119,300,M,50s,electronics,mobile,1,311.28,8,0.040156297045222576,0
293,276,M,30s,book,mobile,0,210.23,10,0.14751502580692036,0
371,367,F,50s,sports,tablet,15,477.19,4,0.3785369861941349,0
244,420,M,30s,electronics,tablet,6,315.78,5,0.15448839471750958,1
580,7,F,10s,sports,tablet,20,177.57,6,0.11445012268954252,0
726,160,F,50s,food,tablet,2,15.42,11,0.5976442758212213,1
218,240,M,50s,fashion,tablet,13,379.54,4,0.13271255572968962,0
177,451,F,20s,electronics,pc,21,64.17,4,0.14290406036973785,0
299,423,F,40s,book,tablet,18,462.22,3,0.32928871227159423,0
676,477,M,50s,electronics,pc,15,480.89,4,0.08462266349202664,0
58,24,M,30s,fashion,tablet,21,122.03,4,0.47138215405371814,0
269,214,M,40s,electronics,tablet,5,60.84,5,0.046684534433315834,0
308,70,M,10s,electronics,tablet,23,299.68,6,0.05113173630069832,0
570,368,M,40s,electronics,tablet,0,110.8,6,0.394890552478935,0
288,216,M,20s,book,mobile,6,273.21,2,0.25588654406465994,0
977,104,M,10s,fashion,mobile,10,210.03,6,0.03362691529273277,0
105,215,F,50s,fashion,pc,17,397.05,2,0.18219559055343476,0
228,54,M,10s,book,pc,8,499.93,7,0.11979957203374997,0
247,294,M,10s,electronics,tablet,21,231.12,2,0.28562190432659385,0
700,330,M,20s,electronics,tablet,2,344.08,4,0.1654174737350664,0
494,336,M,30s,fashion,tablet,23,174.19,5,0.2444458341155265,0
83,203,M,10s,electronics,tablet,22,431.94,10,0.42702538353434843,0
186,288,M,30s,food,mobile,7,23.29,5,0.21403906476142023,1
252,45,F,40s,electronics,pc,7,249.29,5,0.16811014005388353,0
355,317,M,20s,electronics,pc,22,92.5,4,0.22741481960826795,0
750,198,F,50s,sports,pc,0,92.54,7,0.06970875856780787,0
872,216,M,10s,fashion,mobile,9,268.83,2,0.1686426894296535,0
696,481,F,30s,fashion,tablet,14,157.36,4,0.20537950303054214,1
796,309,F,10s,food,mobile,9,232.21,5,0.23346716451177787,1
897,384,F,20s,food,mobile,7,156.3,1,0.0774880967039407,0
938,435,M,50s,food,pc,20,230.26,5,0.19068297178390115,0
210,332,M,40s,fashion,mobile,1,146.53,4,0.33860149461891254,1
816,184,M,40s,sports,pc,17,402.76,3,0.42002979608172064,1
808,27,M,30s,sports,mobile,1,281.12,6,0.37700709209719946,0
609,166,M,40s,book,pc,20,84.91,4,0.253683656275831,0
447,318,M,30s,fashion,pc,18,9.19,1,0.27996023696465966,0
460,274,F,50s,book,tablet,21,13.66,3,0.2073364242917576,0
968,383,F,10s,electronics,pc,8,213.74,6,0.0711126288777488,0
472,365,F,20s,food,mobile,9,160.49,6,0.22509734912812956,0
720,103,M,50s,book,pc,3,134.75,5,0.10417025740207905,0
370,448,M,50s,book,mobile,20,313.35,5,0.13974066185891476,0
900,333,F,40s,fashion,pc,0,407.53,3,0.12114277550170903,0
934,373,M,40s,food,tablet,10,36.37,6,0.1631691527104823,0
492,104,M,20s,food,tablet,21,59.44,3,0.13623064926672698,0
923,414,M,10s,sports,mobile,1,187.53,6,0.558367970222167,0
137,245,F,50s,book,pc,22,223.54,6,0.5137617678433434,0
367,305,F,40s,sports,mobile,3,200.64,4,0.14433281449422558,1
912,169,M,50s,book,tablet,14,321.13,10,0.23849961625534621,0
184,116,F,10s,fashion,mobile,19,48.17,3,0.0643149748239648,0
588,141,F,30s,fashion,mobile,12,249.89,7,0.22949746094262957,0
287,418,M,10s,electronics,pc,0,406.81,5,0.15430913116903705,0
472,356,M,50s,book,tablet,21,464.59,3,0.04828213477476314,0
375,478,F,50s,book,tablet,1,282.39,5,0.43724830580478175,0
654,125,F,20s,food,pc,5,73.52,8,0.0314914722754416,0
749,25,M,50s,food,pc,6,365.1,2,0.3452779424704857,0
537,194,M,40s,sports,pc,18,399.18,6,0.05341800048744682,0
511,384,M,20s,electronics,tablet,3,102.16,6,0.23784660570022473,0
802,100,F,50s,fashion,tablet,17,340.36,7,0.1747883518528643,0
579,402,F,10s,book,pc,22,465.6,2,0.22904947456838287,0
250,5,M,50s,sports,mobile,8,360.83,8,0.17842082376776147,0
920,19,M,10s,electronics,tablet,20,210.71,6,0.1296497910868389,0
510,170,M,10s,food,pc,10,224.17,5,0.21559912730893552,0
630,274,M,50s,electronics,pc,4,44.38,10,0.10194298923604111,0
73,254,F,10s,sports,mobile,23,265.43,2,0.14029910796161651,0
282,121,M,30s,fashion,pc,0,402.33,4,0.3657221238932546,0
916,32,M,20s,food,mobile,1,489.36,6,0.1525996820875437,0
960,149,F,50s,food,mobile,22,202.66,5,0.10439486806910972,0
360,266,M,30s,fashion,tablet,2,220.51,4,0.3620661605070934,0
10,37,F,10s,food,pc,21,32.11,5,0.21823708714829013,1
211,177,F,10s,sports,tablet,16,388.68,7,0.045489990311224526,0
835,342,F,20s,food,tablet,23,359.75,3,0.11051491537468451,0
152,13,M,30s,book,tablet,1,204.45,2,0.09310558217648447,0
5,183,F,30s,electronics,pc,0,356.09,4,0.15683107291684945,0
195,145,M,50s,sports,pc,1,313.4,2,0.13816644340807208,0
954,265,F,10s,fashion,pc,7,385.65,5,0.29490264125178667,0
283,88,F,40s,sports,tablet,12,160.5,8,0.02893993045852367,0
464,428,F,50s,book,mobile,13,327.16,9,0.19378534224587415,0
113,462,M,50s,food,tablet,20,314.68,6,0.2224409575268049,0
271,46,M,50s,food,mobile,11,49.79,9,0.32197313126458504,0
163,392,F,20s,sports,pc,8,144.07,2,0.0879629675735628,0
460,119,M,20s,food,pc,18,430.8,5,0.04054789055080699,0
105,421,F,50s,food,tablet,23,82.29,4,0.04489674535170654,0
693,19,F,40s,book,mobile,19,192.88,10,0.14960496649906366,1
556,447,F,30s,fashion,pc,6,116.49,7,0.2015194956324625,0
282,220,F,30s,electronics,pc,9,74.39,3,0.36967677670296467,0
687,430,M,10s,sports,tablet,23,72.52,7,0.24544016226689774,0
162,233,F,30s,fashion,tablet,2,177.24,5,0.0891855581682229,0
983,94,M,30s,electronics,tablet,18,402.72,7,0.3857521726555411,0
351,455,F,40s,fashion,mobile,16,483.33,7,0.08762584828577723,0
434,251,F,30s,sports,mobile,7,288.06,2,0.4765559644111359,0
852,250,F,40s,book,pc,17,319.44,1,0.041038149859170356,0
140,282,F,20s,book,tablet,6,390.48,4,0.24674766316097974,0
471,232,F,40s,book,pc,6,332.59,5,0.062101322918702934,0
132,46,M,20s,fashion,mobile,22,424.92,6,0.20438766039923834,0
87,374,M,40s,sports,pc,19,442.61,3,0.1052347720993491,0
688,46,F,50s,food,pc,22,315.72,5,0.2817443848408121,0
183,459,M,20s,food,tablet,15,268.87,12,0.17801748495695055,1
368,14,M,20s,book,pc,14,198.57,8,0.3269958761018845,0
129,85,F,30s,fashion,tablet,13,233.48,2,0.17208161828806903,0
246,319,F,20s,food,pc,15,176.0,3,0.2957671917842997,0
601,328,F,40s,fashion,pc,23,216.35,7,0.14266948059569773,0
578,3,F,50s,sports,mobile,8,450.36,8,0.2038922340514096,0
670,28,M,50s,book,mobile,22,486.32,4,0.29423419302778586,0
899,381,M,30s,electronics,pc,21,183.96,5,0.2586190941555878,0
378,157,M,40s,book,pc,20,114.19,7,0.47468388057827676,0
149,343,M,40s,electronics,tablet,9,43.7,2,0.12193263749112083,0
985,402,F,10s,food,mobile,14,419.28,4,0.1755537279047949,0
852,419,F,20s,electronics,mobile,22,435.98,5,0.1916891242525124,0
433,333,F,30s,fashion,pc,9,227.98,1,0.26361278324396503,0
628,332,F,50s,electronics,tablet,1,273.5,6,0.21324950819724733,0
726,175,M,10s,food,mobile,4,371.21,4,0.03728900970136676,0
469,114,M,40s,food,pc,7,191.05,7,0.3534942018199993,0
446,389,F,20s,book,pc,5,104.74,4,0.03998211450464603,0
481,487,M,50s,food,pc,5,61.77,8,0.12824228346106462,1
884,331,M,10s,fashion,pc,0,121.44,7,0.30919906550413195,0
294,250,F,40s,electronics,pc,15,324.44,4,0.22205981197337726,0
765,59,M,50s,sports,mobile,17,177.1,6,0.1654347352938535,0
143,203,F,50s,food,mobile,2,434.51,1,0.14653286570130827,0
250,315,M,40s,electronics,tablet,6,48.33,9,0.15119880440575012,0
878,239,M,40s,book,pc,11,211.1,6,0.3795203498917423,0
948,234,F,30s,sports,tablet,9,132.2,5,0.16585522357446217,0
975,303,F,50s,book,pc,21,444.41,9,0.20568554545007717,0
302,95,F,40s,fashion,pc,20,404.08,5,0.07598215477125889,0
25,479,M,10s,book,pc,9,492.23,4,0.12251733209940863,0
789,141,F,20s,electronics,tablet,22,64.04,8,0.06787348993056219,0
984,334,M,30s,sports,pc,8,392.21,2,0.06614441087454467,0
889,113,F,40s,book,tablet,10,67.3,10,0.2807493902534484,1
890,109,M,20s,book,mobile,18,81.74,5,0.29873779178545606,0
901,362,F,30s,fashion,pc,7,24.4,2,0.09093438761395932,0
70,345,F,50s,electronics,tablet,17,235.03,2,0.43361966027572224,0
625,289,M,20s,book,mobile,3,67.31,0,0.17066914668874572,0
875,97,M,30s,electronics,pc,1,177.43,4,0.15628591909272538,0
112,446,F,40s,food,mobile,12,141.72,9,0.23140984319529473,1
364,335,M,40s,fashion,pc,22,488.3,4,0.2747894482014284,0
303,16,F,30s,fashion,tablet,13,330.84,4,0.3248459997990092,0
471,44,M,50s,fashion,pc,19,208.18,6,0.138812849319852,0
964,442,M,30s,electronics,pc,21,439.83,4,0.18826968566631874,0
91,376,F,10s,book,tablet,23,36.6,9,0.03402586255377754,0
530,230,F,30s,book,tablet,14,170.46,5,0.1647148990992615,0
661,390,M,30s,electronics,tablet,12,259.72,5,0.15381645581007822,0
988,108,M,40s,electronics,pc,5,31.67,3,0.07490278602643989,1
739,217,M,50s,food,mobile,19,77.2,4,0.019781056236980406,0
726,399,M,30s,sports,tablet,5,448.05,4,0.09347215302107939,0
872,260,F,20s,sports,mobile,0,93.91,6,0.06547595861930937,0
663,312,F,40s,fashion,tablet,14,461.22,11,0.13374143844207037,0
192,320,M,40s,book,tablet,5,52.55,6,0.044591178339229535,0
963,196,F,30s,fashion,pc,14,444.67,7,0.13786317251542185,0
552,478,M,20s,book,tablet,14,229.59,4,0.2502792458112391,0
242,418,M,30s,book,mobile,13,288.77,4,0.16714733989704209,0
138,475,M,20s,food,pc,9,144.4,6,0.15400020528693656,0
345,95,F,40s,electronics,tablet,7,140.3,5,0.10933390484511611,1
180,56,M,20s,electronics,mobile,3,248.61,4,0.3070933645624409,1
712,32,F,30s,electronics,pc,21,181.12,0,0.48334929455528375,0
503,492,F,10s,sports,mobile,5,43.46,5,0.04889667151349902,0
203,231,M,10s,electronics,pc,19,180.07,7,0.03474040779448014,0
573,372,F,20s,sports,pc,23,131.08,3,0.5624131902605027,1
192,9,M,30s,fashion,pc,20,425.57,10,0.4164758801221043,0
5,191,M,50s,sports,tablet,16,420.07,9,0.37665019661903754,0
890,361,F,10s,book,pc,22,75.03,6,0.315036796648056,0
237,200,M,40s,food,tablet,23,366.38,6,0.2210420987579301,0
693,334,F,30s,food,tablet,21,228.17,3,0.32833313002910797,0
311,161,F,30s,book,tablet,6,434.91,5,0.3569755212582114,0
549,87,F,10s,fashion,tablet,11,140.62,4,0.06555670676224971,0
56,21,M,50s,food,pc,22,48.62,8,0.06839069901629473,0
443,311,F,40s,book,tablet,3,401.25,1,0.13413078640150755,0
237,76,M,50s,food,mobile,13,434.84,5,0.1639480935130068,0
870,441,M,40s,sports,mobile,3,421.05,4,0.12137127518163583,0
861,386,F,10s,food,pc,15,168.0,3,0.17052548810959112,0
197,141,F,30s,sports,tablet,0,20.28,5,0.09605227123777424,0
585,126,M,40s,sports,mobile,17,74.11,6,0.11071116381920293,0
571,251,F,30s,food,mobile,18,460.09,4,0.18926210662140322,0
752,388,F,20s,food,tablet,20,185.21,4,0.0665125902677105,0
514,84,F,20s,sports,tablet,9,440.7,6,0.02052363108340724,0
449,434,M,10s,food,pc,4,490.5,4,0.47917061838462593,0
360,371,F,10s,fashion,mobile,12,200.88,6,0.10312257395548179,0
700,48,M,10s,electronics,pc,5,389.34,5,0.37350172469063303,1
819,379,M,20s,electronics,mobile,22,88.71,6,0.24525835908799185,1
30,78,F,40s,book,tablet,3,194.96,6,0.13863921947041993,0
779,30,F,50s,electronics,mobile,15,354.07,9,0.11680627270437831,0
988,285,M,10s,fashion,mobile,7,107.52,11,0.14111076309304293,0
108,136,M,50s,electronics,mobile,15,163.3,5,0.3454318224546359,0
844,140,F,50s,electronics,tablet,10,284.09,6,0.06869508342644648,0
935,41,M,20s,fashion,tablet,21,347.15,5,0.08746140821146457,1
602,486,F,40s,sports,mobile,0,181.66,9,0.24626231244555272,0
717,282,M,20s,electronics,mobile,21,191.52,5,0.18605833927452126,0
891,50,F,10s,book,tablet,17,59.38,3,0.15697058311986237,1
968,258,M,20s,electronics,tablet,3,492.11,4,0.044820563117199154,0
959,311,F,20s,electronics,tablet,10,308.06,7,0.10731742237455481,0
960,360,F,20s,fashion,mobile,19,267.51,4,0.20470906943040518,0
445,440,M,10s,fashion,pc,9,109.62,7,0.3245365928374199,1
893,270,F,10s,book,pc,15,246.58,5,0.22609712035126409,0
438,134,M,20s,food,tablet,9,226.42,4,0.2910565266756303,0
732,234,M,20s,fashion,pc,4,132.99,7,0.18677953562958766,0
890,128,M,50s,food,mobile,17,225.91,5,0.06391090835566487,0
606,104,M,40s,book,pc,21,105.75,1,0.3458397031786322,1
457,254,F,50s,electronics,pc,10,356.56,6,0.3126141635767793,0
615,95,M,40s,electronics,pc,2,454.85,6,0.49196522650142327,0
735,337,M,40s,food,tablet,8,6.28,4,0.08071562595055004,1
698,217,M,20s,book,mobile,14,280.35,3,0.39100533515715674,1
981,61,F,50s,book,tablet,21,367.5,1,0.24568924245686846,0
696,480,M,40s,fashion,pc,18,454.06,5,0.13247224545308767,0
495,268,F,40s,food,tablet,18,182.42,6,0.17506545446115762,1
674,241,F,10s,fashion,mobile,4,454.04,6,0.16043684873439418,0
247,13,M,40s,food,mobile,5,413.65,7,0.3382852588090786,0
543,147,F,20s,fashion,mobile,3,264.98,3,0.3115526851581298,0
564,428,M,30s,fashion,mobile,11,132.19,3,0.2267313570559218,1
857,240,F,10s,book,pc,4,328.14,1,0.1937323838196502,0
588,89,F,30s,book,pc,2,133.98,4,0.2887343880755869,1
897,95,M,20s,electronics,pc,9,177.68,3,0.1058840917032596,0
439,315,F,30s,electronics,pc,12,236.16,4,0.09105112060111445,1
278,293,M,40s,book,pc,3,251.5,5,0.10130964502808366,1
552,25,F,30s,book,tablet,23,98.63,3,0.23536356993050161,0
613,272,M,50s,fashion,mobile,7,348.43,8,0.1839804710734354,1
111,166,M,20s,electronics,pc,0,496.0,3,0.186450162569625,0
385,427,M,50s,book,mobile,19,125.72,8,0.5225981363568201,1
833,497,M,30s,food,mobile,1,279.5,4,0.15356083175384475,0
761,250,F,50s,food,pc,3,230.08,1,0.17310163700521775,1
191,87,M,10s,electronics,pc,20,157.35,6,0.07151127988502279,0
490,142,M,30s,food,mobile,0,212.79,4,0.14740258707040965,0
694,134,M,50s,fashion,mobile,20,367.7,1,0.228006690031002,0
426,473,M,40s,electronics,mobile,6,210.3,8,0.05469444737311966,0
405,279,F,30s,book,tablet,4,255.85,10,0.07514166995714981,0
335,126,M,10s,food,tablet,22,241.23,5,0.1113190262695411,0
209,316,F,40s,fashion,mobile,12,279.84,6,0.5754880192196618,1
22,491,M,30s,book,tablet,12,149.14,4,0.2603959202526702,0
678,396,M,40s,sports,mobile,7,257.3,3,0.152710926752424,0
611,141,M,30s,fashion,mobile,16,71.75,4,0.12229257341576631,0
208,356,M,30s,food,pc,9,371.99,8,0.2917766570523143,0
8,103,M,20s,fashion,mobile,9,59.91,6,0.14805551613059503,0
702,226,M,50s,sports,pc,1,393.55,3,0.0682949684138454,0
687,390,F,30s,sports,pc,5,413.64,3,0.24267894482700003,0
785,63,F,10s,fashion,mobile,20,14.44,11,0.1326682631150928,0
529,294,M,50s,book,tablet,0,416.27,3,0.30634897072351175,0
602,384,M,20s,book,mobile,17,325.84,2,0.2823534712052168,0
653,306,M,50s,sports,mobile,2,52.97,5,0.05066436037244546,0
657,254,F,50s,electronics,tablet,20,498.97,4,0.33485578622875606,0
166,180,M,30s,electronics,pc,6,309.66,5,0.2882479301490143,0
849,40,F,10s,book,tablet,15,203.42,6,0.1556743517998731,1
496,264,F,30s,electronics,mobile,21,443.18,5,0.2693918520512102,0
590,189,F,10s,book,mobile,2,25.6,5,0.3403362412969894,0
429,8,F,10s,food,tablet,5,360.08,6,0.41968167442779664,1
774,104,F,40s,book,tablet,3,76.14,0,0.26526177902220865,1
163,225,M,30s,food,tablet,15,278.49,3,0.15131029287867342,0
366,34,F,20s,sports,pc,2,52.49,9,0.41535132481678555,0
526,236,F,50s,electronics,tablet,3,341.18,7,0.07086399835049062,0
239,463,M,40s,sports,mobile,10,235.14,7,0.20919335953127605,0
72,228,M,20s,fashion,tablet,23,8.32,3,0.5305930828059059,1
445,188,F,30s,fashion,mobile,16,40.34,5,0.39720602376151354,1
655,313,M,10s,sports,pc,18,353.0,6,0.03819244409442629,0
822,483,M,30s,book,pc,7,202.73,5,0.04122624746440769,1
509,430,M,30s,book,tablet,13,337.72,5,0.1868435139918412,0
795,22,F,40s,electronics,mobile,15,197.97,7,0.028792974913197444,0
269,343,F,20s,sports,pc,18,184.04,6,0.2869002377496558,0
753,40,M,40s,fashion,tablet,15,428.18,6,0.027159640333986473,0
415,173,M,20s,sports,pc,9,428.13,1,0.12019804581226842,0
245,439,F,40s,sports,tablet,14,460.29,1,0.012680692044312587,0
675,179,F,50s,electronics,mobile,3,412.4,2,0.3815067207391833,1
60,86,M,10s,book,tablet,3,68.08,0,0.18581401777705175,0
6,133,F,10s,fashion,mobile,12,37.91,5,0.22616198846992477,1
709,351,F,10s,electronics,pc,11,33.92,3,0.329355662068106,1
982,13,M,50s,fashion,mobile,14,490.2,4,0.173910322768229,0
570,28,M,50s,fashion,mobile,22,253.07,3,0.21837010259034084,0
817,84,F,10s,book,pc,12,62.01,6,0.03772913283013008,0
407,481,F,10s,book,mobile,5,274.43,6,0.35475191975273285,0
217,464,F,20s,electronics,mobile,13,356.6,3,0.10255923859325537,1
930,318,M,20s,food,tablet,2,51.77,5,0.26094997640940654,0
26,349,M,30s,electronics,mobile,7,176.47,5,0.21753468853301677,1
815,343,M,40s,electronics,tablet,11,97.97,7,0.17223982948568461,1
5,280,M,20s,food,mobile,13,487.84,3,0.1508509790418384,1
986,354,F,20s,fashion,pc,4,162.52,3,0.19743093516264523,0
532,263,M,20s,sports,mobile,1,346.8,4,0.08420645141909343,0
390,166,M,20s,food,mobile,9,459.62,7,0.12500263250809682,0
710,293,F,50s,sports,mobile,2,432.28,5,0.23305333749172927,0
571,68,M,30s,fashion,tablet,22,200.02,7,0.24191379243769442,1
448,226,F,20s,food,pc,9,158.9,1,0.3016302276481257,1
754,170,M,40s,book,pc,8,405.58,6,0.28653188150576864,0
146,86,F,20s,electronics,mobile,16,106.55,7,0.3518007358476445,1
388,133,F,50s,food,mobile,5,360.07,6,0.14017502463952206,0
785,448,F,10s,food,tablet,8,418.47,4,0.32035129516385863,0
249,178,M,10s,fashion,pc,22,425.36,6,0.12748156414136466,0
526,490,F,30s,book,mobile,2,9.41,10,0.22927528404643957,0
462,343,M,10s,food,mobile,6,252.44,3,0.6293455690641074,0
13,252,M,20s,book,pc,11,182.01,4,0.25114119076749225,0
903,15,M,50s,sports,mobile,17,489.54,2,0.10809644555029087,1
384,223,M,30s,food,mobile,9,274.32,9,0.2411128301257778,0
556,379,M,20s,book,pc,1,216.58,4,0.15936142289070873,0
887,201,M,10s,electronics,tablet,16,125.96,3,0.22070512186452076,1
399,107,F,40s,fashion,mobile,2,423.59,9,0.19416172460802206,0
19,250,F,20s,book,mobile,0,163.09,2,0.4868084775504919,1
575,437,M,40s,fashion,pc,7,414.24,3,0.21324229682547235,0
491,409,M,40s,food,pc,12,446.35,8,0.15234798681776507,0
751,89,M,30s,food,tablet,10,33.8,6,0.14568964170739906,0
419,125,M,50s,sports,tablet,7,257.44,6,0.2957736389654564,0
337,113,M,10s,fashion,mobile,19,213.09,8,0.11154605640683286,0
419,469,F,10s,electronics,tablet,0,199.59,3,0.10670409386929763,0
915,137,F,20s,electronics,tablet,1,188.88,5,0.19953906218309503,0
916,247,M,10s,book,tablet,17,268.33,4,0.19121657919513324,0
612,496,M,30s,electronics,mobile,17,69.45,4,0.03139176889221615,0
675,166,F,10s,fashion,tablet,8,436.29,6,0.40984009552464606,0
928,150,M,20s,food,tablet,6,281.2,5,0.04478800978208852,0
122,363,M,10s,fashion,tablet,8,176.82,10,0.24333895470478828,0
432,343,M,50s,fashion,pc,9,125.3,6,0.32630416240846405,0
44,433,F,40s,food,tablet,1,310.2,2,0.4201682055918405,0
872,68,F,40s,fashion,tablet,4,394.43,7,0.33330883721775634,0
920,221,M,40s,electronics,pc,16,223.23,6,0.11095791974176757,0
317,271,F,50s,book,pc,1,492.34,6,0.2550833837327929,0
381,321,F,30s,book,mobile,19,270.11,6,0.46141801701064467,0
145,310,M,20s,fashion,mobile,9,489.56,7,0.031012920914117406,0
327,414,F,50s,food,pc,0,481.49,1,0.41899830930988113,0
363,349,F,20s,sports,mobile,11,301.87,5,0.046127478789932126,0
50,20,F,30s,fashion,tablet,23,292.76,3,0.07641607251462043,0
65,289,F,50s,fashion,mobile,14,57.31,3,0.09407544689397086,0
355,489,F,10s,sports,tablet,5,464.99,6,0.3460554663663838,0
800,492,F,30s,book,tablet,13,402.59,8,0.41026360031728,0
164,100,M,40s,book,tablet,13,252.73,4,0.19063151252865088,0
141,252,M,50s,sports,pc,14,156.67,8,0.11490310088507456,0
966,470,M,30s,food,mobile,0,420.08,6,0.307754129521646,0
826,77,F,30s,fashion,mobile,16,149.3,4,0.38189226290877265,0
128,135,M,50s,electronics,pc,10,273.22,4,0.5171672200600698,1
398,392,F,40s,book,pc,14,103.42,9,0.25734973339233935,1
933,412,F,40s,book,mobile,19,403.23,7,0.22595292382104828,0
880,173,M,30s,book,pc,15,377.64,8,0.2507980226233915,0
463,363,F,20s,food,pc,20,149.43,5,0.2516430681453609,0
751,201,M,30s,sports,tablet,8,63.09,2,0.05636189576275889,0
836,217,F,50s,food,tablet,11,92.65,6,0.37037852052914394,0
808,376,M,50s,book,tablet,1,310.1,5,0.09147937015526915,0
187,208,M,50s,fashion,pc,14,79.27,4,0.23409501702012253,0
720,74,M,40s,book,pc,8,163.46,7,0.31018749730225115,0
732,11,M,10s,fashion,tablet,15,420.4,7,0.12525122169259614,0
912,287,F,50s,fashion,tablet,16,45.48,5,0.048839922957179566,0
190,256,M,50s,book,mobile,19,292.68,3,0.1454833655650438,0
388,12,F,20s,book,tablet,22,202.91,3,0.08921377839068324,0
429,380,M,20s,fashion,tablet,3,64.56,8,0.27866468349705886,0
858,479,M,30s,food,mobile,7,257.17,10,0.015229311213356066,1
284,78,M,30s,food,mobile,6,260.74,2,0.08432289722538765,1
864,435,F,30s,food,mobile,5,192.15,3,0.13628073269687563,0
237,172,M,50s,electronics,mobile,4,32.38,4,0.23342793822570745,1
194,96,M,20s,fashion,pc,9,107.4,3,0.13010930031229886,1
287,306,F,30s,electronics,mobile,2,205.34,3,0.07450982924951599,0
771,373,M,20s,electronics,mobile,23,142.23,1,0.22559142715087505,1
758,273,F,50s,fashion,pc,19,84.46,3,0.4252937772342752,0
136,419,M,50s,electronics,mobile,23,246.05,4,0.19968352187765603,0
792,385,M,30s,fashion,mobile,16,201.81,5,0.21047990187470256,0
783,413,M,50s,sports,mobile,15,334.15,5,0.12246137404128074,0
171,179,F,50s,sports,pc,10,282.41,3,0.2953100437799882,0
159,64,M,20s,fashion,tablet,12,89.02,5,0.1578974345215565,0
201,132,M,10s,fashion,mobile,17,345.39,6,0.3342535498743754,0
487,343,M,40s,fashion,mobile,13,235.36,6,0.013277227950975074,1
557,412,F,30s,food,mobile,1,61.16,4,0.4572136035181233,0
962,272,F,10s,fashion,mobile,11,14.13,10,0.23334408635977077,0
776,319,F,30s,book,pc,21,315.08,7,0.09023252967357827,0
583,332,F,10s,sports,tablet,20,311.23,5,0.2820636799650777,0
504,437,F,50s,sports,mobile,9,411.13,6,0.2582296087489413,0
876,341,F,30s,fashion,mobile,6,382.4,3,0.14861922612760162,0
371,109,M,10s,sports,pc,1,439.36,2,0.06919194591933563,0
103,273,M,40s,fashion,tablet,17,149.75,4,0.30536477149817026,1
125,168,M,50s,fashion,tablet,16,209.52,3,0.26124777883170364,1
313,397,M,30s,sports,tablet,15,35.65,4,0.09578712307371488,1
976,180,M,30s,sports,mobile,1,208.62,4,0.09895309624948602,1
995,58,F,10s,book,mobile,10,113.78,7,0.17212374802415067,1
798,480,F,30s,electronics,mobile,18,403.63,7,0.08327551383356396,0
458,421,F,50s,book,pc,21,329.85,5,0.4681616717292715,0
230,498,M,20s,book,pc,6,391.94,8,0.00490551405349252,0
658,79,F,10s,sports,pc,21,298.28,7,0.03130553890345447,0
882,460,M,40s,book,mobile,16,300.98,6,0.42612844095208596,0
197,61,F,30s,sports,mobile,14,121.44,4,0.035840056631691056,0
885,369,M,50s,food,mobile,8,336.56,5,0.2255463248958406,0
733,121,F,30s,fashion,tablet,11,76.27,5,0.11099481293820676,0
423,207,M,40s,electronics,pc,7,141.54,7,0.2787125953939397,1
572,34,F,50s,food,pc,1,94.07,3,0.30252462915788597,1
610,70,M,40s,fashion,tablet,16,475.01,4,0.3002763145630111,0
171,17,F,50s,fashion,tablet,15,449.55,7,0.5834297885898054,0
382,496,M,20s,electronics,tablet,22,438.04,8,0.06715019070818677,0
173,497,M,50s,book,mobile,15,480.29,7,0.1187763173650452,0
663,20,M,40s,fashion,tablet,2,308.23,9,0.2698421036651855,0
453,457,M,10s,electronics,mobile,18,447.88,6,0.1298747859938377,0
350,315,F,20s,sports,mobile,15,149.47,2,0.24530990384288967,0
902,69,F,30s,fashion,pc,10,195.46,5,0.20175662955278453,1
952,215,F,20s,fashion,tablet,8,236.15,2,0.28013654133795435,1
634,161,M,20s,book,mobile,13,49.26,3,0.13705468814181893,0
494,102,F,30s,book,mobile,1,413.22,4,0.25170848210330515,0
620,376,M,50s,sports,tablet,12,63.99,7,0.13951603655925862,0
4,206,F,20s,fashion,mobile,4,400.83,4,0.10493742148631702,0
93,145,M,20s,book,mobile,19,461.52,5,0.48068718347607364,0
919,57,F,10s,electronics,mobile,13,286.08,5,0.076032649564932,0
6,83,M,10s,fashion,tablet,0,87.12,5,0.23475697223705216,0
288,481,M,40s,electronics,mobile,5,221.17,5,0.26547929550991584,0
618,385,F,30s,food,pc,21,73.73,3,0.1247355608093013,0
146,269,F,50s,sports,tablet,10,63.92,3,0.6354914793239023,0
783,494,F,50s,book,pc,16,379.26,3,0.12368941611723253,1
424,411,M,40s,food,pc,22,199.55,5,0.12251066728624467,0
890,454,M,50s,book,pc,21,5.06,4,0.11666763925746251,0
608,187,M,50s,food,mobile,13,28.99,3,0.0742234314679472,0
457,6,F,10s,book,mobile,13,409.79,5,0.055385418237706444,0
741,353,M,50s,sports,pc,19,311.75,7,0.13904425507233772,0
202,350,F,50s,fashion,pc,6,423.03,7,0.2694108177772296,0
212,110,M,40s,electronics,tablet,18,140.47,4,0.25848306198904814,1
6,483,F,40s,food,pc,21,160.59,2,0.08568578683214877,0
624,407,M,20s,electronics,mobile,5,310.35,4,0.0587102117436233,0
376,138,M,50s,electronics,pc,12,334.25,6,0.10463669609910346,0
891,51,F,50s,book,pc,9,18.13,6,0.2780578248577776,0
447,403,M,50s,fashion,tablet,21,454.07,2,0.1019423837920116,0
835,51,M,10s,book,pc,18,400.59,3,0.08659454457944196,0
106,476,F,50s,electronics,tablet,9,70.27,3,0.09374238681329669,0
651,87,M,10s,sports,tablet,4,10.11,2,0.2007709503473943,0
811,68,F,20s,fashion,pc,12,385.74,2,0.46843701464407167,0
401,84,F,30s,fashion,pc,16,451.93,4,0.04290400153472805,1
96,467,M,50s,electronics,mobile,21,164.44,7,0.04444458155182041,0
388,42,M,40s,book,mobile,22,163.8,2,0.1627256446101286,0
959,219,M,40s,sports,tablet,4,259.74,5,0.38761841120235546,1
452,57,F,50s,food,tablet,20,338.91,8,0.13923546533642445,0
849,226,M,10s,book,mobile,21,325.6,7,0.16101040726173427,0
809,196,F,40s,fashion,tablet,6,377.55,4,0.3063507351005176,0
979,248,M,40s,book,mobile,19,61.42,8,0.39311135783091683,1
901,166,M,20s,food,tablet,6,262.31,10,0.31022344476566666,1
416,62,F,20s,sports,mobile,14,255.63,2,0.2139792318178632,0
726,263,M,20s,sports,mobile,14,475.18,4,0.2684134306228527,0
504,112,M,40s,food,tablet,20,459.53,6,0.24164918790462092,0
454,253,M,40s,food,tablet,22,376.41,7,0.11468263257342447,0
291,199,M,50s,electronics,tablet,0,439.07,4,0.14562701192759364,0
534,178,M,50s,fashion,pc,11,374.08,5,0.015060326350482914,0
193,436,F,10s,electronics,pc,1,361.64,4,0.25714228772444986,0
980,26,M,40s,book,tablet,17,111.78,5,0.5208294320924244,1
150,410,F,50s,food,tablet,14,310.54,4,0.1365687902242721,0
880,246,M,50s,electronics,tablet,6,458.45,5,0.14827439624479524,0
759,19,M,20s,fashion,tablet,8,376.32,5,0.24178826775935877,1
779,265,F,20s,fashion,mobile,22,304.34,4,0.21388935106861104,0
973,317,M,20s,food,pc,21,132.8,6,0.0698659614776844,0
763,20,M,30s,electronics,tablet,2,340.93,7,0.3368841740014233,1
515,106,F,50s,sports,pc,20,176.79,6,0.12460718594709574,1
393,237,F,20s,food,pc,9,37.29,11,0.15552638577026554,0
316,306,M,20s,book,mobile,1,123.48,5,0.27887378657985806,0
76,464,F,40s,electronics,tablet,21,197.67,4,0.2279358271940309,0
599,246,F,20s,electronics,pc,11,498.35,6,0.21361584972053657,1
270,81,F,40s,food,mobile,6,381.26,4,0.16531689878786332,0
225,150,F,10s,electronics,tablet,4,143.39,2,0.48830319414878137,1
530,397,M,20s,electronics,tablet,3,382.38,8,0.10877028763413758,0
113,396,M,40s,book,pc,0,182.03,8,0.09498043781689616,0
251,10,F,20s,book,mobile,14,305.92,5,0.23137254815736852,1
233,321,M,10s,sports,mobile,8,383.52,2,0.27255277818304424,0
841,224,F,20s,book,mobile,5,371.71,8,0.05580635716384192,0
791,414,M,40s,sports,mobile,13,74.32,3,0.08105367181661524,0
714,264,M,10s,book,tablet,1,413.64,4,0.12625672602871976,0
83,149,F,10s,sports,pc,11,461.85,3,0.16891339126925586,1
125,278,F,10s,book,pc,22,120.54,4,0.40724245681089594,1
175,274,M,30s,book,mobile,5,168.06,9,0.274691939985417,0
69,194,M,40s,food,mobile,12,469.41,4,0.2518471949658972,1
47,432,M,30s,book,mobile,3,491.92,6,0.20676658257947964,0
884,172,F,10s,sports,pc,21,229.48,6,0.36123956036805716,0
256,265,M,30s,food,tablet,15,22.1,6,0.20282258722159544,0
727,451,F,20s,sports,tablet,10,466.78,4,0.07783807963522095,0
30,310,F,30s,book,mobile,5,17.57,7,0.2798631749487105,0
281,26,F,50s,book,tablet,4,168.45,12,0.1834709570691854,1
924,469,M,10s,sports,tablet,0,49.4,7,0.08729824568253626,0
994,350,F,10s,electronics,pc,18,258.31,4,0.11340868008954824,0
237,476,M,40s,food,mobile,6,23.6,4,0.10853484956258619,0
248,356,F,20s,food,tablet,17,116.58,7,0.21314863531859282,1
368,26,M,40s,book,mobile,9,232.13,9,0.2190108021603604,0
495,34,M,30s,food,mobile,9,41.71,8,0.11547449518391315,1
25,264,F,50s,sports,tablet,16,242.81,5,0.15734758728945664,0
586,138,F,50s,book,pc,23,136.23,7,0.29363521455306,0
718,304,M,50s,food,tablet,6,137.12,3,0.32596639544153044,0
490,183,M,50s,fashion,pc,21,468.83,4,0.27097309321106555,0
494,363,F,20s,food,tablet,20,346.66,4,0.08129858298648843,1
314,242,F,30s,sports,mobile,21,465.09,6,0.3314195547956429,0
606,54,M,50s,food,pc,0,289.97,6,0.4671073308145767,0
375,462,M,10s,electronics,pc,11,454.05,3,0.23758888417851254,0
639,168,F,30s,electronics,mobile,16,419.53,6,0.21269230778890058,0
937,119,M,20s,book,tablet,15,498.93,4,0.3565874961549357,0
25,143,F,50s,electronics,pc,19,254.04,6,0.042255581456527726,1
334,81,F,20s,sports,tablet,14,349.58,5,0.383523265345964,0
355,245,F,50s,fashion,tablet,18,84.53,6,0.13096245110667398,0
116,402,F,10s,fashion,tablet,19,470.05,8,0.09885174187363864,0
48,352,M,30s,book,mobile,16,202.38,3,0.12432252441889946,0
738,358,F,10s,book,tablet,3,458.73,4,0.1437975572360756,0
778,407,F,50s,electronics,mobile,3,54.85,6,0.2767617483849292,0
99,62,M,40s,sports,pc,2,260.05,7,0.1775813718066543,0
459,46,M,30s,electronics,tablet,7,5.69,6,0.23049809249833694,0
523,87,F,20s,sports,pc,22,210.93,6,0.26774088423028614,0
597,99,F,50s,sports,tablet,8,46.18,5,0.06405310369082491,0
405,295,F,10s,fashion,pc,1,227.34,3,0.15142980310771778,0
214,399,F,40s,sports,mobile,18,280.12,8,0.3010428608501648,0
685,53,F,50s,food,pc,21,426.87,7,0.10481755949978466,0
903,472,F,20s,sports,pc,17,151.24,6,0.2817132635927158,0
503,192,M,10s,fashion,tablet,15,285.57,4,0.1369983307406726,0
721,447,M,30s,electronics,tablet,17,37.9,4,0.005179624740009441,1
448,476,F,40s,sports,tablet,17,457.18,7,0.4029189239468327,0
894,80,M,50s,food,tablet,11,228.61,3,0.13390785898603802,0
576,16,M,50s,book,mobile,1,130.03,5,0.10198023954776471,1
258,360,F,50s,electronics,pc,20,234.3,5,0.060282024859943835,0
844,487,M,50s,book,pc,0,243.35,6,0.09897677490379088,0
121,326,M,10s,food,mobile,22,372.93,6,0.26287863114600934,0
810,194,F,30s,fashion,pc,15,487.41,6,0.02571581276282665,0
978,141,F,20s,fashion,tablet,16,97.14,7,0.2506043937725597,0
54,108,F,40s,electronics,tablet,0,31.97,7,0.03376958699832259,0
331,303,M,50s,sports,tablet,20,329.58,11,0.32464787437440507,0
784,265,F,50s,sports,pc,22,442.87,4,0.060848297930582225,0
241,447,M,30s,book,mobile,2,284.7,8,0.15637507886513682,1
755,290,F,30s,fashion,mobile,22,44.54,5,0.12876810033583871,0
530,209,F,10s,sports,pc,19,213.78,3,0.10857750628613501,0
483,475,F,10s,sports,mobile,15,329.09,3,0.29921856222893745,0
187,413,F,10s,fashion,mobile,20,167.38,6,0.349096333257751,1
858,165,M,40s,fashion,tablet,13,423.23,8,0.09488903128626378,0
656,427,M,10s,food,pc,15,116.22,6,0.42122706503238594,1
262,342,F,50s,book,mobile,23,185.42,2,0.4469696241869963,0
953,371,M,10s,fashion,pc,8,458.63,7,0.26323654514933414,1
364,320,F,40s,food,tablet,20,288.91,10,0.4233652895661915,0
491,152,F,10s,fashion,tablet,20,8.09,5,0.10880547984218075,1
431,455,M,10s,electronics,mobile,1,125.79,3,0.18287366381423553,1
239,290,M,50s,electronics,pc,12,377.89,2,0.12430248726493019,0
304,432,F,50s,electronics,pc,21,30.76,3,0.323667034088374,0
298,268,F,50s,fashion,tablet,4,496.56,3,0.22151789725388324,0
76,151,F,10s,sports,tablet,20,449.46,2,0.22659091519336877,0
700,207,M,50s,sports,tablet,19,115.79,3,0.08838546488501023,0
333,255,F,30s,electronics,mobile,16,448.27,3,0.19231290310203716,0
900,353,F,20s,book,pc,5,351.24,5,0.3657629161145976,0
999,377,F,20s,food,mobile,16,215.55,7,0.2176421995569343,0
758,141,F,50s,electronics,pc,1,102.08,5,0.2965483821604365,0
642,343,F,40s,food,tablet,6,104.1,6,0.14596411043801516,0
474,358,F,50s,food,mobile,16,299.07,2,0.10895739845471296,0
827,96,M,50s,electronics,mobile,23,210.95,1,0.13782590132667885,0
923,429,F,10s,sports,mobile,7,299.63,4,0.23097196562133715,0
283,370,F,40s,book,tablet,22,168.48,8,0.19782624197243873,0
591,227,M,50s,electronics,mobile,22,118.89,3,0.26724068272648416,0
72,193,M,30s,food,mobile,0,419.1,5,0.1244550032155842,0
263,303,F,20s,fashion,tablet,18,460.42,4,0.12291239416481037,0
703,314,M,30s,fashion,pc,4,354.1,4,0.2442471449873053,0
879,493,F,30s,food,mobile,4,84.99,4,0.3237020742151452,1
887,389,M,30s,electronics,tablet,22,50.69,4,0.09945158935294053,0
942,377,M,40s,sports,mobile,23,271.85,6,0.30979618322777297,0
575,461,F,40s,electronics,mobile,21,277.42,6,0.09063222451466674,0
1000,118,M,40s,book,pc,20,321.42,1,0.06477642261517463,0
892,5,F,20s,fashion,tablet,0,453.56,2,0.1982224186588671,0
12,444,M,10s,food,pc,9,325.16,10,0.2575314421463062,1
141,352,F,50s,sports,pc,9,458.49,5,0.3054387363416179,0
766,243,M,50s,electronics,tablet,21,63.26,2,0.0532161799982789,0
555,21,F,10s,book,pc,2,356.08,8,0.06465725005351754,0
17,152,F,50s,electronics,mobile,11,464.08,3,0.042091996577931036,0
63,128,F,30s,book,tablet,11,234.09,5,0.0932310518493662,0
253,124,F,20s,electronics,tablet,6,483.92,7,0.2729370344008476,0
465,146,M,50s,sports,mobile,15,278.49,5,0.20615408311825187,0
376,277,F,20s,sports,mobile,19,471.77,6,0.10404112856520212,1
804,310,M,10s,food,mobile,2,375.52,4,0.05908542020729334,0
981,394,M,50s,sports,pc,6,231.59,7,0.09387478541562819,0
520,152,F,20s,book,pc,21,21.97,9,0.14832953805746346,0
837,360,F,30s,food,pc,13,330.41,4,0.3147342288454491,0
90,111,M,30s,sports,pc,3,130.87,3,0.13526180115602132,0
720,469,M,10s,fashion,pc,9,147.88,6,0.21095105595992422,0
804,473,M,40s,book,pc,23,14.79,9,0.2852807750338703,0
796,116,F,50s,food,tablet,1,281.04,7,0.25021277865521674,0
630,188,F,30s,book,tablet,21,148.2,6,0.3813590608348379,0
861,57,M,30s,food,tablet,15,491.28,1,0.22460893144924324,0
175,251,M,10s,book,tablet,2,375.76,5,0.5939677223800487,1
76,384,M,30s,fashion,tablet,14,181.96,5,0.43872329399008,1
613,407,F,50s,sports,tablet,7,150.75,4,0.27575622234453584,0
926,150,M,10s,electronics,pc,15,358.91,3,0.04887180474602105,0
663,452,M,20s,electronics,tablet,10,130.83,4,0.3326117639525558,0
400,162,M,10s,electronics,mobile,23,226.76,6,0.08218649181581372,0
782,120,M,50s,food,tablet,10,84.39,7,0.16479471709604276,0
970,70,F,50s,sports,mobile,10,130.78,5,0.1207881478977283,0
71,412,M,20s,food,mobile,0,53.7,8,0.2503320218131265,0
180,351,F,10s,food,tablet,1,216.44,4,0.19816124413416775,0
124,99,F,50s,food,pc,19,463.76,3,0.09689753828019153,0
381,167,M,50s,food,pc,0,54.93,4,0.0337898437702246,0
293,298,F,20s,sports,mobile,18,221.48,8,0.360766862448125,0
797,151,M,40s,electronics,pc,19,152.67,5,0.046322893476217,1
195,326,M,10s,book,mobile,9,184.67,3,0.36197761697985614,1
911,464,M,50s,food,pc,18,386.89,5,0.2731224674815786,0
228,2,M,30s,sports,pc,20,220.35,9,0.09815105480974452,0
431,152,M,20s,fashion,pc,10,326.94,3,0.13025626458380407,0
942,401,F,40s,book,pc,11,486.24,7,0.41143042911546057,0
436,365,F,40s,food,tablet,9,310.15,2,0.052089600329197884,0
787,65,M,20s,food,tablet,6,172.01,6,0.10966658196217184,0
461,326,F,40s,book,tablet,23,201.84,3,0.44234694816467773,0
618,69,M,50s,book,mobile,7,349.48,6,0.16488647952357446,0
21,121,F,40s,food,tablet,10,348.7,8,0.2912274720278092,0
64,109,F,10s,sports,tablet,17,187.21,4,0.10380178648304512,0
165,316,M,30s,fashion,tablet,15,363.61,7,0.1275387081872091,0
27,247,F,50s,sports,pc,0,277.54,4,0.11463383806604634,0
311,434,F,20s,electronics,pc,5,490.31,3,0.35000850324258936,0
285,93,F,30s,electronics,pc,16,454.51,3,0.15969595724745458,0
660,268,M,50s,electronics,pc,21,412.81,6,0.3548163896836369,0
281,103,F,30s,food,pc,12,22.0,6,0.1107567542197187,0
838,431,F,40s,fashion,tablet,22,193.32,4,0.08446535062645576,1
831,451,F,20s,fashion,tablet,9,288.78,6,0.09142142271305473,1
164,112,F,20s,food,pc,9,263.2,4,0.19897764331933038,0
898,321,F,10s,food,pc,0,382.97,8,0.2532147397187476,0
918,411,F,40s,food,tablet,6,455.0,6,0.12537149798483632,0
224,304,F,10s,fashion,tablet,19,394.64,4,0.171434722361348,0
784,344,F,10s,food,pc,8,114.0,3,0.22483805208432883,0
146,62,F,40s,book,mobile,10,245.38,2,0.06792644441631265,0
965,300,M,50s,book,pc,19,199.84,1,0.44359361035000466,1
950,403,F,10s,book,tablet,1,384.27,4,0.15565326030450297,0
868,443,F,30s,food,mobile,0,448.09,5,0.0770498457131902,0
30,136,F,50s,book,pc,22,146.98,8,0.1181374804948999,0
45,55,F,40s,food,tablet,11,247.01,5,0.15463580217785566,0
787,108,F,20s,book,tablet,6,367.3,4,0.33259612267883054,1
471,303,M,50s,food,tablet,18,29.73,4,0.12749106524117246,1
34,258,M,10s,sports,pc,4,481.72,4,0.23050485290011608,0
653,253,M,30s,electronics,pc,11,400.98,7,0.1862893141849268,0
427,222,M,40s,sports,mobile,13,273.67,3,0.24128825826543865,0
830,478,F,20s,electronics,tablet,6,390.43,9,0.16141281451145773,0
886,369,F,30s,electronics,tablet,7,419.0,3,0.1902107654258207,1
221,167,F,20s,book,mobile,13,249.45,3,0.23703719340621213,0
868,429,M,40s,electronics,pc,11,222.84,2,0.14330281958807112,0
534,160,M,50s,electronics,tablet,8,419.66,8,0.21651330526397577,0
692,449,M,10s,sports,mobile,9,430.54,2,0.17266425594806245,0
948,166,M,40s,electronics,tablet,9,66.2,2,0.5084600074194544,1
367,205,F,30s,food,pc,0,454.38,4,0.18696751594605035,1
932,267,F,50s,food,pc,21,142.01,4,0.29269059475234355,0
841,138,M,20s,book,mobile,5,335.25,6,0.39317162951503093,1
743,368,F,50s,sports,mobile,13,356.11,9,0.21501627338359286,0
915,443,M,50s,fashion,tablet,22,143.46,5,0.007924896604341085,0
550,346,M,30s,sports,pc,8,155.57,8,0.025319803723125065,0
582,248,M,10s,fashion,pc,22,354.62,4,0.12806758956792344,0
116,55,M,50s,electronics,mobile,22,91.66,7,0.3181705904489813,0
239,404,F,50s,fashion,mobile,11,429.91,3,0.28324945834969767,0
335,209,F,10s,electronics,tablet,18,115.33,6,0.3425136139962829,0
441,17,M,10s,sports,pc,19,178.83,8,0.17507322370348746,0
148,68,M,20s,sports,tablet,21,137.0,6,0.09494099998701862,0
9,133,F,20s,book,tablet,22,126.42,4,0.20263690150580074,0
288,188,F,10s,book,mobile,11,489.54,2,0.18386378045311141,0
388,407,M,40s,electronics,pc,12,130.4,1,0.23904451006711913,0
50,430,M,10s,electronics,mobile,2,291.27,5,0.09898714279984021,0
850,308,M,20s,food,tablet,10,373.96,1,0.29806520021730615,1
517,138,M,30s,food,tablet,1,25.78,2,0.219956311428481,1
916,174,M,30s,food,pc,17,441.38,3,0.1708371154733808,0
855,412,F,50s,sports,pc,17,80.68,6,0.019320918503301907,0
638,97,F,30s,fashion,pc,23,296.09,4,0.34832972607086804,0
587,171,M,20s,electronics,pc,8,322.36,1,0.1534385946964062,0
677,154,M,30s,book,mobile,0,316.64,3,0.3785787842424583,0
278,183,M,40s,electronics,mobile,15,368.06,8,0.30046560685994794,1
954,242,M,10s,fashion,mobile,0,465.96,0,0.1129779442294126,1
836,304,F,10s,electronics,mobile,20,463.81,5,0.10572141607173313,1
989,285,F,20s,book,tablet,19,291.15,4,0.34777885969684086,0
300,27,M,50s,book,mobile,23,188.11,4,0.2571749966783871,1
802,402,F,10s,fashion,mobile,4,164.14,4,0.03289960802770964,0
589,360,M,30s,book,pc,16,443.91,6,0.37932005053059686,0
810,60,M,40s,sports,tablet,7,427.3,2,0.3036411173938914,0
649,202,F,50s,book,mobile,5,151.43,8,0.12007058221874044,0
618,250,M,50s,fashion,tablet,0,80.41,1,0.3073291903170312,0
607,362,F,50s,fashion,tablet,12,431.27,4,0.1958339847023303,0
135,69,M,10s,electronics,tablet,17,306.13,8,0.07433464030138576,0
580,458,M,50s,book,tablet,3,160.0,4,0.066662498279111,0
147,370,M,20s,book,pc,14,307.27,2,0.09944606409296598,1
490,21,M,30s,fashion,pc,13,37.77,8,0.20031095519004247,0
478,152,F,40s,electronics,tablet,15,99.12,6,0.10965354416559235,0
159,102,M,30s,electronics,tablet,4,275.17,7,0.02669357185300084,0
384,387,F,20s,sports,tablet,0,271.89,7,0.22622768398724472,0
163,488,F,20s,sports,pc,22,127.1,4,0.16568622204811198,0
441,95,M,30s,fashion,pc,3,491.13,3,0.15007488638103286,0
853,446,F,10s,electronics,tablet,16,209.16,9,0.2042227446559468,0
189,361,M,20s,electronics,tablet,5,355.73,4,0.12952207802912208,0
415,229,F,50s,sports,tablet,3,132.94,8,0.38781968899457103,0
339,125,F,40s,sports,tablet,6,215.12,4,0.11318268475423114,0
607,258,M,40s,fashion,pc,0,416.46,2,0.24165731477660532,0
181,322,M,20s,electronics,mobile,9,425.06,4,0.3100296640419261,1
288,487,F,50s,fashion,mobile,12,71.95,5,0.39160463398871725,0
834,369,M,30s,sports,pc,8,180.56,6,0.23921261664974983,0
187,426,M,40s,book,pc,13,105.56,6,0.12653810072166546,0
884,236,F,50s,sports,mobile,0,445.68,3,0.414344164769767,0
138,162,F,50s,electronics,mobile,8,378.16,7,0.01357946563002971,0
130,42,M,10s,fashion,mobile,5,283.84,4,0.15150955886187156,0
194,276,F,20s,electronics,tablet,9,326.79,4,0.17258345865653255,0
316,353,M,50s,sports,mobile,10,457.51,3,0.24571377039504877,0
984,68,M,30s,sports,mobile,6,155.12,5,0.14209271505718848,1
785,173,F,40s,food,tablet,19,11.77,3,0.22759111230551562,0
864,492,M,10s,sports,tablet,21,18.05,2,0.3446275785830364,0
144,331,F,30s,electronics,pc,11,28.11,3,0.39385589131785975,0
16,125,M,40s,fashion,tablet,21,68.6,4,0.19860681170559347,0
302,170,M,20s,fashion,mobile,11,287.58,3,0.33776079717444163,0
423,47,M,30s,food,tablet,13,490.64,3,0.03372996389182461,1
245,261,F,40s,electronics,pc,9,212.86,5,0.02525028415956701,0
927,217,F,10s,sports,mobile,15,357.65,1,0.04735716687166806,0
107,305,M,40s,book,pc,21,397.13,3,0.08072285375768005,0
88,124,F,50s,fashion,pc,3,401.69,3,0.28766435835068005,0
129,293,F,10s,electronics,pc,22,224.43,7,0.16481025180127934,0
907,162,M,30s,food,tablet,13,277.22,15,0.14296737457378317,0
887,201,F,20s,book,tablet,1,167.73,5,0.1312729374311391,0
341,454,F,10s,electronics,pc,1,345.49,4,0.10716565082496508,0
4,402,F,10s,sports,pc,10,194.52,4,0.276659562614341,0
327,462,M,10s,fashion,pc,10,158.98,1,0.16984210273167616,0
410,275,M,40s,sports,pc,5,315.52,7,0.18565674856774433,0
879,206,F,50s,food,tablet,2,173.92,5,0.10257695761281817,0
306,40,M,20s,fashion,tablet,22,206.96,6,0.10310961461340305,0
908,273,F,20s,book,pc,8,356.88,6,0.22158330242373045,0
607,188,M,50s,fashion,tablet,2,427.4,6,0.39430158072198956,0
721,355,F,40s,sports,mobile,0,220.23,3,0.06877336204550956,0
225,93,M,40s,electronics,tablet,1,263.49,3,0.3046677708813202,1
971,42,F,50s,electronics,pc,14,374.46,4,0.09192269620167445,0
348,465,M,50s,electronics,tablet,10,116.35,1,0.17481168971793035,0
992,379,F,30s,food,mobile,7,210.43,7,0.38034891297145773,1
321,107,M,40s,food,mobile,15,406.67,6,0.07518281988318526,0
559,328,M,10s,electronics,tablet,22,447.77,5,0.21913478748731988,0
988,65,M,20s,book,mobile,16,324.23,3,0.06259440306702312,0
181,365,F,40s,sports,mobile,2,199.73,1,0.332842117633347,0
618,309,F,50s,book,tablet,7,304.93,5,0.16596698946631536,0
711,484,F,10s,electronics,tablet,6,93.53,7,0.13182489456614954,0
386,135,M,30s,sports,tablet,20,19.5,6,0.30694113072092033,1
618,494,F,30s,food,pc,2,41.93,3,0.016048225391566872,0
792,389,M,10s,fashion,pc,6,58.55,4,0.1811465672668072,0
772,24,M,10s,fashion,mobile,4,116.7,10,0.3214352456396391,0
108,28,M,50s,sports,mobile,0,233.55,1,0.22220267078180808,1
531,62,F,50s,book,tablet,4,119.99,4,0.05678291355841461,0
410,491,M,20s,sports,mobile,2,294.59,4,0.21984912095520007,0
971,273,F,20s,book,tablet,17,499.16,3,0.08838051172192667,0
296,229,F,30s,book,pc,18,251.6,5,0.10990014757631497,0
818,20,M,10s,fashion,tablet,9,379.64,2,0.13309106509611854,0
171,3,F,30s,food,mobile,3,149.74,4,0.24843899797000701,0
331,421,M,50s,electronics,tablet,12,481.63,10,0.10490127337749999,0
493,218,M,40s,food,tablet,0,128.31,3,0.011095141895061488,0
195,399,F,50s,electronics,tablet,3,300.33,9,0.05531480406417103,1
12,307,M,40s,fashion,mobile,8,491.75,6,0.12040953021625898,0
195,432,M,10s,electronics,tablet,16,405.08,6,0.10060399142873878,0
490,136,M,10s,book,tablet,10,496.06,5,0.20153204021220142,0
795,397,F,10s,sports,mobile,6,192.97,5,0.034049330779119674,1
881,432,F,20s,electronics,pc,23,43.43,3,0.12755632617487647,0
182,3,F,20s,food,pc,6,125.53,3,0.09218448025674078,0
962,193,M,40s,fashion,mobile,12,479.02,4,0.15985980742552955,0
817,73,M,30s,fashion,pc,18,188.44,8,0.07990429298723198,0
656,415,F,30s,sports,tablet,16,66.76,10,0.11161244070680869,0
898,361,F,40s,book,mobile,17,298.59,2,0.21229625802794452,0
316,118,F,20s,book,tablet,12,252.71,4,0.3649699551067511,0
694,154,F,50s,fashion,tablet,16,35.92,7,0.15788992401031987,0
30,209,F,40s,book,mobile,17,229.21,2,0.196331602216787,0
596,440,M,30s,sports,tablet,20,318.27,5,0.13882037573474795,1
678,34,F,40s,fashion,mobile,19,120.18,6,0.022636293422737038,0
796,137,M,40s,book,tablet,1,66.6,5,0.25900729214814044,0
793,318,M,10s,electronics,pc,18,433.07,11,0.19077120591499594,0
96,120,M,20s,electronics,tablet,14,314.6,2,0.3217908960894481,0
381,115,M,10s,book,tablet,8,81.85,1,0.3685163704762261,0
778,13,F,20s,electronics,mobile,13,316.41,7,0.11121405242236143,0
444,69,M,40s,sports,pc,18,368.95,4,0.5208885967327215,1
298,425,F,20s,food,tablet,7,300.78,6,0.20815908152761323,0
808,333,M,30s,sports,tablet,11,62.5,2,0.2742656911898992,0
737,257,F,10s,sports,pc,16,66.75,8,0.24962727568834242,0
845,89,F,40s,book,pc,11,27.35,0,0.34739466620835885,0
361,47,M,30s,sports,pc,14,120.83,5,0.3103427853711573,0
374,260,F,20s,book,pc,4,34.53,8,0.2780210912819132,0
554,228,M,20s,fashion,pc,1,403.63,3,0.029740613704647,0
303,447,F,30s,book,tablet,19,12.63,4,0.20737797331356633,0
421,180,M,20s,book,pc,17,292.6,4,0.11362375785033306,0
246,10,M,10s,fashion,pc,2,405.87,2,0.21887408060465,0
720,284,F,50s,food,tablet,4,447.96,5,0.37265650700874536,1
237,377,F,20s,fashion,mobile,1,207.68,6,0.14403703679751975,0
534,126,M,40s,book,tablet,8,312.36,10,0.12232886031237848,0
185,134,M,20s,electronics,mobile,23,475.83,3,0.3483848562992584,1
468,155,F,40s,book,pc,4,337.45,1,0.41904490937862166,0
754,248,M,20s,fashion,mobile,16,451.04,5,0.17627786269686868,0
363,140,M,20s,book,tablet,20,343.72,6,0.0998778931062805,0
283,318,M,40s,fashion,mobile,19,38.66,0,0.42284637025638944,1
553,436,F,10s,sports,mobile,14,102.46,2,0.14520032570542338,1
336,176,M,50s,food,mobile,12,470.52,8,0.16280688599879878,0
162,323,M,50s,food,pc,8,422.91,6,0.09160574648171678,0
160,174,F,10s,fashion,tablet,1,214.25,3,0.03631177938813465,0
474,481,M,20s,food,mobile,22,84.76,6,0.1894802288646301,1
601,74,M,50s,electronics,pc,1,82.8,8,0.08657588415684309,1
322,351,M,10s,electronics,tablet,10,452.91,6,0.17409580574350916,0
12,143,M,10s,food,tablet,2,87.27,7,0.3105538395212477,1
424,455,F,50s,fashion,tablet,2,196.21,7,0.17874223397376396,0
73,292,M,40s,electronics,tablet,9,450.9,4,0.16493985798188784,0
588,398,M,30s,food,pc,23,21.55,8,0.08879265995689058,0
858,112,M,40s,book,tablet,1,317.22,3,0.21645635600396343,0
201,206,M,20s,electronics,mobile,0,178.54,12,0.25055091808296687,0
522,131,M,40s,sports,tablet,5,58.35,6,0.06355269338310476,1
864,369,F,30s,electronics,tablet,5,285.92,9,0.053119428874388745,0
505,110,F,30s,food,pc,10,245.03,7,0.17260372219049847,0
738,370,M,10s,food,mobile,15,54.1,4,0.17087754151917858,1
688,67,M,20s,food,mobile,0,137.27,9,0.23579030926726816,0
788,382,F,10s,fashion,pc,4,371.48,7,0.11848773300202431,0
39,86,F,40s,fashion,pc,9,379.15,8,0.158095796753692,0
60,275,F,40s,book,mobile,20,301.35,4,0.6145934198029354,0
578,227,M,50s,book,mobile,22,59.69,4,0.28975948619267416,0
321,460,M,10s,electronics,tablet,5,427.28,2,0.2631201033877868,1
435,438,M,10s,food,pc,10,90.49,5,0.22485631270204884,1
636,325,M,10s,book,mobile,15,361.86,9,0.2398475649366179,0
676,10,M,10s,food,mobile,19,26.08,6,0.26127418690842436,1
408,489,M,30s,electronics,pc,12,169.26,7,0.13220197108081527,0
923,417,F,50s,fashion,pc,11,241.79,4,0.22233599040352542,0
386,397,F,20s,book,mobile,17,18.84,4,0.15584369113904475,0
671,384,M,20s,sports,pc,12,89.92,1,0.06629699475161617,0
569,355,M,20s,sports,mobile,4,162.86,3,0.11650188913787994,0
78,435,M,30s,sports,mobile,12,491.34,3,0.16856531272739747,0
194,288,F,50s,sports,tablet,12,390.84,5,0.13293492778422444,0
285,459,F,50s,sports,tablet,18,421.14,8,0.25346377021877614,0
527,112,F,30s,sports,pc,18,335.42,5,0.14491544081640922,0
524,486,F,10s,sports,pc,12,149.74,6,0.07671026292201436,0
613,24,M,40s,book,mobile,10,356.18,2,0.1819666469658319,0
156,291,F,10s,sports,tablet,15,338.5,9,0.1767289771149129,0
340,339,F,20s,sports,pc,22,306.93,4,0.2762740770346656,0
125,326,M,10s,electronics,mobile,13,152.67,2,0.1598824763529117,0
871,168,M,30s,book,tablet,9,135.29,4,0.2431064538292336,0
280,438,M,20s,electronics,mobile,1,171.47,2,0.37191588816218035,1
917,109,F,40s,food,tablet,7,159.64,3,0.0822611421478628,0
906,428,M,20s,sports,mobile,22,43.53,4,0.03824027290443289,0
622,190,F,10s,fashion,tablet,7,402.13,5,0.2603231951072601,0
846,490,F,50s,sports,mobile,21,187.78,3,0.26129927080474674,0
869,355,F,50s,sports,mobile,20,354.79,4,0.2432983477506328,0
658,196,F,50s,electronics,pc,19,143.56,3,0.08206356004499099,0
728,33,M,20s,food,tablet,13,303.0,5,0.4959907374960037,0
910,205,M,50s,electronics,tablet,23,22.16,5,0.030536209491490905,0
674,312,F,30s,book,pc,13,57.49,7,0.3105040900203165,0
128,420,M,40s,food,pc,17,185.44,1,0.07536641361497204,0
314,182,F,50s,food,mobile,14,138.02,9,0.02448442746519156,1
332,491,F,30s,food,tablet,21,179.93,5,0.2533670825155129,1
150,147,M,30s,electronics,mobile,15,465.69,3,0.336169929412208,1
454,427,M,20s,sports,mobile,13,41.58,7,0.019637300400521765,1
36,268,F,20s,sports,mobile,9,234.05,1,0.11178973275788147,0
685,11,M,40s,sports,pc,21,103.14,6,0.16028450169426753,1
420,70,F,40s,sports,tablet,20,181.14,6,0.20026586519354442,0
22,256,M,10s,sports,pc,1,340.13,4,0.018810247414540248,0
206,396,F,40s,book,pc,4,486.6,4,0.21904248841337512,0
639,219,F,20s,fashion,tablet,2,348.89,7,0.331546282419099,0
848,297,M,30s,food,tablet,22,443.0,4,0.2627819210875096,0
957,409,M,10s,fashion,pc,6,77.89,9,0.21015864309487217,0
356,362,F,40s,book,pc,23,94.79,9,0.09358633526481523,0
440,259,M,30s,sports,pc,11,439.0,4,0.3765039032167579,0
729,3,M,20s,book,tablet,9,305.72,8,0.21168933832726186,1
96,84,F,50s,book,tablet,10,397.1,4,0.15128475844253791,0
929,156,F,10s,fashion,mobile,16,115.32,9,0.21511963878645288,0
941,151,M,30s,food,tablet,3,177.55,4,0.1351464640187804,1
164,176,M,20s,electronics,pc,5,45.11,2,0.07522351153312694,0
148,195,F,20s,electronics,tablet,6,448.31,6,0.1813369797047154,1
530,426,F,10s,food,tablet,4,478.4,7,0.12501349262184874,0
294,472,F,10s,sports,tablet,5,429.44,4,0.2617319710966232,0
195,107,F,40s,book,pc,16,221.4,7,0.2513127006085962,0
663,424,F,40s,sports,mobile,13,173.86,4,0.39898122855672485,0
480,134,F,10s,book,mobile,10,233.99,3,0.20997618629466358,0
877,276,F,10s,electronics,pc,4,320.62,4,0.2899822384418941,0
123,395,F,30s,food,pc,1,218.6,5,0.3643675635125853,0
400,352,M,40s,fashion,mobile,13,213.7,4,0.09686150595504982,1
699,380,M,20s,fashion,pc,15,218.36,3,0.23263812803403988,1
965,155,M,40s,food,tablet,1,373.57,7,0.20924960856681418,1
452,277,F,40s,electronics,tablet,16,394.46,1,0.24020649696151203,0
661,236,M,10s,book,mobile,15,435.92,5,0.18150639542043312,0
104,240,F,10s,fashion,tablet,8,125.28,8,0.25272912339418857,0
755,370,M,40s,electronics,mobile,19,82.96,4,0.27481567257845757,1
462,13,F,50s,food,pc,19,175.84,5,0.24294491009638217,0
743,342,F,50s,sports,mobile,8,213.12,6,0.1221854669652357,0
991,35,M,40s,electronics,mobile,4,352.42,5,0.10667406197631463,0
718,47,F,50s,electronics,tablet,3,380.18,6,0.11454215144162684,0
710,214,M,40s,sports,mobile,6,492.16,6,0.26666377063626096,1
396,412,M,10s,electronics,mobile,4,192.22,5,0.09394054484975359,0
912,405,M,10s,fashion,mobile,23,204.25,3,0.08958561231425051,0
337,494,M,10s,fashion,pc,2,273.33,0,0.152891781619198,0
599,146,M,20s,fashion,tablet,7,411.07,1,0.28735375477045977,0
142,159,M,10s,electronics,tablet,15,332.16,5,0.2145875481972351,0
317,444,M,10s,electronics,mobile,5,288.47,2,0.3468867460432928,1
711,125,M,40s,electronics,mobile,8,325.82,4,0.38453620415420653,0
558,110,M,50s,food,pc,21,234.9,2,0.07160641749894395,0
800,37,F,50s,sports,tablet,19,380.73,1,0.06561285665354602,0
527,277,F,10s,electronics,tablet,17,42.27,0,0.19307294238037537,0
556,14,M,10s,sports,mobile,10,256.97,3,0.2942304865040964,0
401,473,F,10s,book,pc,18,404.26,3,0.1699413831533567,0
681,347,F,40s,fashion,pc,6,154.75,6,0.2283586231553898,0
310,232,M,40s,food,mobile,9,422.49,7,0.19269547707150525,1
495,316,M,40s,sports,mobile,4,392.5,6,0.12068055974570176,0
556,124,F,50s,fashion,mobile,6,292.43,2,0.04504770510140929,1
610,279,M,20s,food,mobile,22,129.81,5,0.33331724374252597,0
773,479,M,50s,fashion,mobile,5,431.23,5,0.2927958718408021,1
109,111,M,40s,electronics,pc,17,19.83,5,0.42229747508935245,1
795,124,F,30s,electronics,pc,20,298.29,3,0.1436054076428558,1
372,413,M,20s,fashion,mobile,14,392.37,6,0.29325703101838907,1
855,431,F,10s,food,mobile,9,245.27,7,0.19348669772950078,0
616,30,M,50s,fashion,tablet,5,55.91,6,0.08350926919900895,0
768,115,M,20s,book,pc,23,417.82,4,0.20602022851735108,0
891,90,F,30s,food,pc,0,455.0,3,0.11557025429389879,0
206,212,M,20s,food,mobile,9,283.84,5,0.24625529123706652,0
847,38,F,50s,fashion,pc,22,394.64,4,0.3194270990231478,1
43,83,F,40s,sports,pc,14,307.3,0,0.06532504138988189,0
865,27,M,10s,fashion,pc,13,288.78,9,0.06864079760677035,0
245,217,M,40s,sports,tablet,15,69.73,6,0.08998630995975654,0
287,360,F,40s,food,pc,4,221.21,0,0.1551940792759085,0
355,486,F,50s,electronics,mobile,13,341.0,3,0.07619018545549988,0
785,372,M,40s,electronics,pc,15,229.97,4,0.01394199794188869,0
476,215,M,40s,fashion,pc,13,310.79,4,0.5262651715201403,1
83,221,M,50s,sports,tablet,6,447.93,7,0.07573503471610796,0
110,15,M,50s,fashion,pc,18,186.28,4,0.17270573224826485,0
950,443,M,30s,book,tablet,3,415.1,6,0.18905862820789204,0
190,259,F,40s,fashion,tablet,17,19.38,5,0.2087315489478437,0
983,266,F,20s,fashion,tablet,21,427.07,4,0.1474244906310256,0
800,463,F,10s,fashion,pc,20,57.81,2,0.11844146692784213,0
936,120,F,10s,fashion,mobile,14,164.11,6,0.28457430106295223,0
909,464,M,50s,sports,mobile,16,259.16,4,0.22625185449364504,0
251,401,F,50s,sports,pc,0,326.77,4,0.1357592196878742,0
724,128,M,30s,sports,tablet,23,476.79,8,0.08685938479834414,0
291,211,M,40s,book,mobile,14,156.98,2,0.2939105829096794,0
645,11,M,50s,book,pc,15,47.25,4,0.07916415600600682,0
201,176,M,50s,fashion,mobile,23,232.12,4,0.21900353915259915,0
797,133,M,10s,sports,pc,21,175.91,8,0.1569053514310028,0
326,325,F,40s,book,tablet,10,302.06,2,0.20563081123010402,0
511,320,M,30s,electronics,mobile,8,461.78,5,0.2341013348860421,0
409,14,M,50s,fashion,pc,16,323.46,3,0.06914727188458097,0
607,50,M,50s,food,pc,14,291.12,3,0.1793265984347686,0
790,410,F,50s,sports,mobile,7,126.81,3,0.058988319508542705,0
962,72,M,10s,fashion,pc,17,136.06,10,0.3177210594684863,0
941,69,M,50s,fashion,mobile,7,220.86,5,0.23010977185153877,0
837,391,M,50s,food,pc,2,446.19,3,0.2860603549379211,0
508,383,F,10s,electronics,mobile,21,291.84,4,0.5083592449032864,0
731,16,M,50s,book,tablet,22,249.85,2,0.2156260773638902,0
601,439,F,40s,book,mobile,18,273.56,3,0.24013200167415655,0
72,334,F,40s,food,pc,13,417.72,7,0.13085230074165513,0
247,357,M,10s,food,tablet,1,340.56,5,0.34829959918112813,0
641,56,F,40s,book,tablet,0,464.08,6,0.2453944037654377,0
724,105,F,30s,electronics,mobile,4,292.96,6,0.17836767016884514,1
940,132,M,50s,electronics,mobile,16,102.03,5,0.3256896508286544,1
855,484,M,30s,fashion,mobile,0,14.27,6,0.3010583897088056,1
608,48,M,40s,food,tablet,20,161.97,2,0.04315517616736992,0
587,248,M,10s,food,tablet,15,36.05,6,0.26482394949076865,1
935,273,F,10s,food,mobile,2,206.5,6,0.32917249025724044,0
566,111,F,30s,book,pc,9,98.01,6,0.11687331554591077,0
344,420,M,40s,book,tablet,18,205.43,3,0.17307767999733004,0
971,326,M,50s,book,mobile,10,202.61,3,0.2085185351940664,0
925,336,M,40s,electronics,pc,22,141.75,6,0.06960976523778663,0
54,349,F,40s,book,mobile,2,328.15,1,0.24280455169753137,0
730,484,M,10s,fashion,tablet,1,219.55,3,0.12422704352667482,0
528,38,F,20s,book,tablet,2,447.26,3,0.20238265340826772,0
611,357,F,50s,electronics,mobile,14,42.66,3,0.13772490786756636,0
532,240,F,50s,food,pc,19,208.26,6,0.5388271265599132,0
558,318,F,10s,fashion,tablet,8,389.1,2,0.24339944582828457,0
963,121,M,40s,electronics,mobile,14,249.79,2,0.08776776363818946,1
193,48,M,10s,sports,mobile,1,483.21,4,0.36809166080220307,1
895,10,M,40s,food,pc,5,91.54,6,0.21827311996052715,0
58,233,F,20s,book,pc,4,161.43,8,0.30207984147903244,0
437,36,F,20s,electronics,tablet,5,62.5,6,0.18425561722679665,1
111,413,M,30s,sports,pc,4,127.13,5,0.21699230101294567,1
129,462,F,40s,electronics,pc,21,337.9,2,0.5338472829431387,1
849,4,F,10s,book,tablet,11,246.04,3,0.11770117342509027,0
706,44,F,10s,electronics,mobile,3,85.22,9,0.16922322108686286,0
925,56,M,10s,sports,tablet,23,239.97,5,0.21083299189083804,0
852,42,M,30s,electronics,tablet,22,424.46,5,0.08955024596604552,0
326,255,M,50s,fashion,pc,13,222.71,6,0.23156297752616936,1
8,228,F,10s,fashion,pc,13,11.54,5,0.11052199878457106,0
29,114,M,20s,book,mobile,10,32.19,6,0.09100681037142028,0
112,237,M,10s,sports,pc,0,221.87,6,0.028289426649897666,0
947,397,M,10s,sports,mobile,20,298.66,6,0.35559781572885096,1
673,174,F,10s,sports,mobile,22,443.83,1,0.010506902669310099,0
131,255,F,50s,sports,mobile,4,491.07,5,0.06834217156829057,0
188,466,F,10s,sports,tablet,4,490.29,7,0.19897711648810548,0
675,417,F,50s,food,pc,11,281.16,5,0.06390006095787787,0
709,277,F,50s,electronics,pc,4,22.69,6,0.1041636488073806,0
475,464,M,30s,sports,mobile,20,110.67,10,0.05777511170079589,0
364,335,M,20s,fashion,pc,12,219.99,7,0.2798137069056798,0
204,441,F,10s,electronics,mobile,10,440.44,6,0.09005441728367791,0
212,69,F,10s,book,pc,20,15.67,2,0.29203817595602793,0
621,326,M,10s,book,tablet,0,257.12,7,0.13230371506811378,0
276,230,F,50s,sports,pc,11,328.47,4,0.2300949073828818,1
73,67,F,40s,food,mobile,5,147.67,2,0.5722885738038651,0
679,304,F,20s,food,tablet,10,161.26,4,0.18460084116219821,0
772,460,F,10s,electronics,pc,11,197.27,5,0.36930065058336364,0
243,484,F,40s,food,tablet,5,140.92,5,0.2438752162003644,0
787,417,M,40s,book,mobile,23,221.41,5,0.0348573887066055,0
102,36,M,40s,sports,mobile,4,83.26,8,0.08015947974370997,0
987,417,F,20s,fashion,pc,17,103.67,7,0.0885383157703722,0
685,159,F,40s,book,mobile,15,23.38,6,0.06787568195183671,0
171,149,M,10s,book,pc,12,208.6,7,0.40809475801577205,0
653,27,F,10s,electronics,mobile,6,355.13,4,0.3888193366973316,0
909,475,M,30s,food,mobile,13,255.55,7,0.022020141408914624,0
188,72,F,50s,fashion,mobile,0,267.68,8,0.3284843148353059,0
441,248,M,40s,fashion,pc,20,227.72,4,0.3629514648439408,0
86,101,M,50s,food,pc,20,294.5,8,0.2629267250372512,0
476,190,F,50s,sports,pc,11,118.69,3,0.16174136601175446,1
52,96,F,50s,food,pc,2,107.72,6,0.1356621566616209,0
111,384,M,50s,sports,mobile,17,471.27,5,0.07338328314579097,0
949,282,F,50s,fashion,tablet,10,227.95,3,0.07440189181143093,0
877,322,M,10s,electronics,pc,19,414.45,5,0.16713822465705613,0
854,396,F,20s,book,mobile,6,458.83,6,0.03424122901033042,0
43,278,F,40s,fashion,mobile,9,309.37,3,0.2182127004043238,0
211,17,F,40s,fashion,pc,18,152.9,9,0.18758213353337824,0
968,263,M,10s,fashion,pc,12,341.5,5,0.144619999450192,0
200,107,M,10s,book,mobile,13,218.3,4,0.08909525963732953,0
810,68,F,50s,sports,pc,14,486.67,4,0.06828782562433611,0
858,128,M,20s,electronics,pc,5,406.59,8,0.2376113413626601,0
752,293,F,40s,electronics,tablet,6,408.4,7,0.42447884396105307,0
627,294,M,30s,electronics,tablet,12,296.4,8,0.22173481364223008,0
26,96,F,10s,sports,pc,15,9.17,5,0.19288065195204068,0
919,395,M,30s,food,tablet,14,416.75,4,0.0849979031555823,0
299,1,M,40s,food,tablet,17,17.56,2,0.05735161328418641,0
77,409,M,10s,electronics,pc,2,65.57,4,0.2916400357027429,0
924,298,M,40s,fashion,mobile,15,420.14,3,0.3662948316730473,0
137,180,M,10s,fashion,mobile,0,113.3,5,0.3042993277886879,0
20,408,M,40s,book,mobile,23,421.36,5,0.3705516482862613,0
440,181,F,30s,food,mobile,0,121.99,7,0.14731726203151221,0
211,235,F,20s,fashion,tablet,18,386.5,2,0.12469433582131129,0
752,440,M,10s,electronics,tablet,5,273.38,5,0.09856762639958881,0
551,319,F,30s,book,pc,10,337.14,6,0.22331896417849745,0
435,337,M,40s,food,pc,23,419.85,4,0.07627460171545954,0
780,8,F,30s,book,mobile,6,492.09,5,0.28205506667893027,0
207,443,F,10s,fashion,mobile,2,47.42,15,0.3244191027032819,0
991,429,F,30s,electronics,pc,5,344.26,5,0.1610343599274732,0
439,27,F,40s,electronics,pc,0,479.57,4,0.09980558166458015,0
974,308,M,50s,electronics,mobile,7,190.03,5,0.3448908363601023,1
779,146,F,20s,fashion,tablet,13,170.2,4,0.2471199893340977,0
666,91,F,20s,sports,tablet,3,341.59,9,0.38720324190041994,0
42,342,F,50s,electronics,tablet,3,203.97,3,0.34380054871032456,1
411,272,M,10s,sports,tablet,22,111.16,2,0.07749224243790973,1
523,322,F,30s,electronics,tablet,22,84.93,6,0.09138491848764307,1
806,5,M,30s,sports,pc,15,100.35,4,0.09298176885862408,0
610,82,M,50s,food,pc,10,353.63,2,0.3253178462163037,0
427,387,F,50s,food,mobile,21,459.75,7,0.12264514907089134,0
275,219,M,40s,electronics,pc,6,403.98,8,0.46629352298604476,0
448,118,F,40s,book,pc,0,226.86,8,0.3624087016973026,0
902,81,F,20s,book,pc,8,266.66,5,0.03961154118578687,1
942,464,F,10s,fashion,pc,5,311.99,2,0.18452785073006533,0
884,70,F,10s,food,mobile,23,292.07,1,0.3616475913893741,0
742,115,F,50s,food,pc,12,484.39,5,0.3242877412924792,0
369,263,F,20s,book,pc,20,443.91,4,0.1826515387843435,0
938,306,F,20s,electronics,mobile,11,26.55,3,0.2601318173123117,0
220,142,M,40s,fashion,pc,22,418.7,6,0.2850506154159506,0
577,422,M,30s,food,mobile,18,61.46,7,0.09102495231044838,0
867,488,F,10s,fashion,tablet,16,346.65,8,0.13401574462382282,0
232,207,F,20s,food,tablet,22,146.4,5,0.1005663705040774,0
328,111,M,40s,sports,pc,20,387.82,3,0.12221076252205436,0
443,303,F,40s,sports,pc,0,9.26,7,0.2994583426780376,1
52,112,M,40s,fashion,pc,8,194.22,7,0.16735668707301146,0
886,417,M,30s,book,pc,21,15.65,11,0.07567372235133028,0
943,43,F,20s,book,tablet,22,477.0,2,0.17093860367663827,0
376,347,F,50s,food,tablet,7,12.61,5,0.28412785805467355,0
263,285,M,50s,sports,pc,1,81.87,4,0.2162616401668152,0
267,128,M,40s,sports,mobile,17,271.94,8,0.0795505144385208,0
359,185,F,40s,fashion,mobile,3,324.84,5,0.1431558401353537,0
317,229,F,30s,fashion,tablet,0,365.85,2,0.10840424084318048,0
324,389,M,40s,book,mobile,23,127.22,5,0.17067762175083936,0
921,221,M,20s,book,pc,20,153.99,9,0.06441192500397107,0
908,352,M,40s,book,pc,11,123.75,11,0.25421152040474837,1
666,444,F,40s,electronics,pc,15,125.82,5,0.34066365669717796,1
870,117,F,20s,sports,pc,22,391.99,6,0.1117111485835174,0
878,70,F,10s,sports,pc,17,474.26,2,0.12172567318446849,0
652,386,M,50s,fashion,mobile,4,299.92,4,0.19808924154659907,0
939,70,M,40s,sports,mobile,15,82.93,9,0.13702282787630435,0
563,110,F,20s,fashion,tablet,8,37.39,0,0.4773051380555046,1
629,427,M,50s,electronics,tablet,8,123.39,6,0.24385945839337125,0
421,132,M,30s,book,mobile,1,93.01,12,0.048450592098846904,0
46,56,M,10s,electronics,mobile,13,291.37,4,0.22013605370610267,0
821,477,M,40s,book,tablet,10,350.48,5,0.08564987093992339,0
600,443,M,10s,book,pc,1,7.27,6,0.2292396551939377,0
720,89,F,40s,fashion,tablet,15,222.61,4,0.16203848577511076,0
889,137,F,40s,book,tablet,20,313.37,2,0.2858578396888712,0
269,131,F,40s,electronics,mobile,18,100.47,5,0.26849249215224386,1
601,218,F,10s,food,tablet,12,450.98,3,0.08875445406490058,0
381,176,F,30s,fashion,tablet,16,276.76,2,0.23626034898375256,0
118,171,M,20s,book,mobile,0,175.97,3,0.15235787653511204,1
566,475,M,20s,book,pc,20,14.24,6,0.44524379192823293,1
953,100,M,30s,sports,pc,18,244.73,5,0.17855132300633547,0
116,480,F,30s,fashion,pc,15,171.29,9,0.28759699304966474,0
630,129,M,40s,fashion,mobile,12,484.93,8,0.09204932561846588,0
260,57,M,40s,electronics,tablet,18,192.48,12,0.2648625342572116,0
75,181,M,20s,food,pc,2,460.9,6,0.13334827213839018,0
480,246,F,40s,electronics,tablet,2,344.6,6,0.055093813714735755,0
305,144,M,40s,electronics,mobile,0,41.61,7,0.20804032217468307,0
7,51,M,30s,electronics,pc,2,466.7,6,0.04287428313655475,0
366,368,F,10s,food,pc,15,88.38,3,0.05750737905794574,0
634,459,F,50s,electronics,tablet,20,226.77,5,0.11011695661138976,0
523,218,M,50s,fashion,pc,7,461.89,4,0.05568341630904003,1
348,104,F,40s,food,mobile,22,415.11,5,0.2968687360438953,0
438,383,M,40s,book,tablet,15,246.35,7,0.18538411918625264,0
215,55,F,50s,sports,tablet,12,107.43,9,0.22319755259897353,0
429,257,M,30s,sports,pc,12,257.08,7,0.14833586337117924,0
791,346,M,50s,fashion,pc,10,276.08,3,0.23998769160203587,1
498,156,F,50s,sports,pc,3,498.48,6,0.10682421067593831,0
540,53,F,50s,sports,pc,3,412.9,6,0.2934018520215377,0
747,442,F,40s,sports,tablet,14,431.35,3,0.13631081799904612,0
367,329,F,40s,book,tablet,3,493.16,5,0.1512519957013759,0
313,444,M,50s,sports,pc,7,264.04,5,0.11964753529952203,0
538,187,F,40s,electronics,tablet,23,294.69,3,0.45273545256513853,0
921,364,M,50s,fashion,mobile,1,229.95,5,0.022243979663910972,0
54,150,M,30s,fashion,tablet,14,67.1,4,0.1317810610652824,0
541,264,M,40s,fashion,mobile,22,265.0,4,0.011536584286059387,0
467,250,F,10s,book,mobile,13,293.38,3,0.26635012283191956,0
865,433,M,40s,book,mobile,20,122.45,9,0.18683738769206554,0
164,298,M,30s,sports,pc,1,392.5,11,0.15971214361915528,0
782,411,F,30s,electronics,tablet,2,66.62,3,0.4624014290727921,1
334,423,M,40s,sports,mobile,10,253.49,7,0.13397134828084972,0
547,211,M,20s,fashion,pc,6,333.04,5,0.1751868614170929,0
798,25,M,50s,electronics,tablet,15,32.19,10,0.3270848033211508,1
348,294,F,50s,fashion,tablet,21,403.01,7,0.16386260756662185,0
273,341,M,30s,electronics,pc,21,155.56,6,0.1504407864519531,0
963,152,M,40s,food,tablet,6,360.29,6,0.20151542591689253,1
720,24,M,20s,book,pc,21,58.56,4,0.1436494879068791,0
750,252,F,10s,book,pc,10,312.05,6,0.18809699473293687,1
414,60,F,50s,fashion,pc,1,280.82,5,0.28263299018051163,0
500,467,F,20s,fashion,tablet,7,79.25,10,0.244623007827671,0
93,434,M,50s,food,pc,6,314.25,3,0.2556337635275044,0
685,367,M,40s,sports,pc,5,347.21,7,0.1639463627800497,0
79,66,M,50s,electronics,tablet,15,251.76,5,0.29753160557920505,0
622,398,M,10s,food,mobile,20,291.4,2,0.13115397785473482,0
217,53,M,40s,food,pc,10,444.27,4,0.06102161336000606,0
947,416,F,30s,fashion,pc,21,350.36,4,0.16291494917650676,1
358,106,M,20s,fashion,mobile,2,453.45,7,0.05510949672277285,0
618,96,M,50s,sports,tablet,17,278.41,4,0.17273470068228194,0
507,476,F,40s,sports,tablet,8,91.55,7,0.15281834102604386,0
559,176,F,40s,fashion,tablet,16,126.91,6,0.13337009604814035,0
181,39,M,50s,book,pc,1,92.32,6,0.09143230052952445,1
576,168,F,30s,sports,mobile,9,170.95,9,0.10919725061988196,0
246,42,F,50s,food,tablet,9,241.38,5,0.30868133006581294,1
244,367,F,30s,fashion,mobile,16,131.69,3,0.24143296870274983,0
506,104,M,50s,electronics,tablet,7,240.44,7,0.3258365777528331,0
422,333,F,40s,electronics,pc,19,185.36,2,0.1297922908009934,0
320,204,M,10s,book,tablet,5,279.9,9,0.09538447254103563,0
87,8,F,10s,fashion,mobile,10,217.11,9,0.05958872169170068,1
217,463,M,40s,food,mobile,4,219.88,2,0.2104260028912395,0
490,282,M,10s,book,mobile,23,247.86,3,0.07966605119373447,0
519,396,M,30s,food,pc,9,494.0,6,0.030789140977665237,0
278,43,F,40s,electronics,tablet,22,280.49,6,0.23246584806970072,0
849,435,F,30s,food,pc,0,363.05,6,0.26744936449601986,0
722,110,F,40s,electronics,pc,7,211.29,9,0.2309568321440884,1
169,475,M,30s,sports,mobile,3,166.3,7,0.2174348607801461,1
330,210,F,30s,electronics,mobile,6,458.71,1,0.2530880606663485,0
650,237,F,10s,electronics,pc,18,372.47,7,0.04239814046440913,0
441,356,M,40s,book,pc,14,293.3,7,0.02667426709454783,0
391,319,F,50s,book,tablet,1,171.53,3,0.09290548737914395,0
496,49,M,10s,fashion,mobile,16,132.64,2,0.2833908335346049,1
381,115,F,30s,fashion,mobile,20,129.78,4,0.1402775125359195,0
306,155,M,30s,electronics,mobile,15,254.35,5,0.43003881101334385,1
742,137,M,50s,sports,tablet,13,438.04,9,0.17982031500065246,0
987,167,F,50s,fashion,tablet,2,441.12,5,0.097834807840744,1
820,321,M,30s,electronics,mobile,18,373.77,1,0.2902184717934748,0
673,199,F,50s,book,mobile,7,273.53,4,0.1158262041210579,0
513,474,F,20s,fashion,pc,16,121.28,5,0.1618459740569843,0
748,71,F,10s,fashion,pc,17,242.03,2,0.27967862047550324,0
949,500,F,40s,electronics,tablet,0,348.89,8,0.032323067201101306,0
188,7,M,50s,electronics,mobile,6,299.53,7,0.09613957850047188,0
930,200,M,50s,food,pc,3,259.45,7,0.14100224581647167,1
516,336,M,20s,food,pc,2,216.96,4,0.2928384137329752,1
913,67,F,40s,sports,mobile,18,377.49,7,0.1334213368923331,0
644,493,F,20s,fashion,mobile,9,421.91,7,0.14392574469469127,0
427,138,M,40s,food,pc,2,362.84,4,0.263096020781732,0
502,242,M,10s,electronics,mobile,1,469.27,5,0.1806094511996139,0
730,455,F,50s,fashion,mobile,4,391.04,3,0.14230109551896758,0
260,213,F,10s,food,tablet,16,228.05,7,0.10186224360345177,0
513,181,F,40s,sports,pc,4,310.29,4,0.18940212389363897,0
71,254,M,50s,sports,pc,13,254.66,6,0.054269621240292526,1
478,101,F,20s,sports,tablet,15,275.43,9,0.25669001064932484,0
178,351,M,30s,sports,tablet,23,448.37,7,0.13699821831260622,1
457,87,F,20s,electronics,pc,22,153.92,3,0.08281420468011107,0
189,185,M,30s,sports,pc,13,11.48,5,0.20848367842949744,1
291,91,F,20s,book,mobile,18,349.35,3,0.11726099837830166,1
520,248,M,40s,sports,mobile,12,94.6,6,0.24061228064023873,0
765,214,M,10s,food,pc,11,81.35,6,0.3051790312773696,0
920,359,M,30s,fashion,mobile,15,496.28,5,0.3662341006462769,0
979,249,F,40s,food,mobile,22,137.05,12,0.4328905035735274,0
292,126,M,10s,fashion,mobile,16,105.87,3,0.32007386017561495,1
946,411,M,10s,electronics,tablet,21,99.54,8,0.19547431570343654,1
756,438,F,50s,fashion,pc,19,209.12,2,0.29884209007659607,0
635,369,M,50s,book,pc,5,207.66,3,0.05382400840115071,0
811,4,M,50s,sports,pc,13,318.09,7,0.1306033523943948,0
283,88,F,30s,food,mobile,15,56.3,3,0.20436416499208135,0
544,151,M,30s,fashion,mobile,2,319.55,5,0.10638954992912278,1
846,176,F,10s,food,tablet,20,229.55,7,0.21656777705377414,0
377,211,M,30s,sports,tablet,18,107.79,3,0.06921111812336936,0
658,426,F,10s,electronics,pc,6,390.22,8,0.18505422925474063,0
156,259,M,40s,sports,tablet,4,239.66,1,0.2284433308980013,0
508,91,M,20s,electronics,tablet,19,359.95,2,0.1279848700028521,0
413,259,M,10s,food,mobile,22,460.68,6,0.15445235934749293,0
528,412,F,10s,electronics,pc,22,179.94,6,0.40923136360349255,0
355,191,M,40s,electronics,pc,9,449.46,1,0.06586630693139657,0
559,81,M,50s,electronics,tablet,8,104.17,6,0.15275079638394587,0
763,415,F,50s,electronics,mobile,2,114.95,6,0.13911698444288897,0
187,138,F,50s,electronics,tablet,9,333.53,8,0.25178689741152344,0
31,433,F,10s,fashion,tablet,15,55.8,3,0.3451267896987117,0
260,470,M,10s,electronics,pc,23,230.12,6,0.1469574111166973,0
421,350,M,30s,electronics,mobile,22,110.85,5,0.057094541473470005,1
529,126,M,30s,sports,tablet,8,287.57,4,0.22480574347046164,0
551,369,F,20s,sports,tablet,1,404.38,7,0.38832052172303655,0
304,405,F,20s,sports,mobile,5,26.0,2,0.4287360047784843,1
942,356,M,30s,electronics,tablet,4,209.59,4,0.0919663723744771,0
986,309,M,10s,sports,pc,2,366.68,10,0.10182380541943532,0
944,343,F,40s,fashion,tablet,6,174.42,3,0.16600667200334654,0
39,230,F,30s,food,pc,14,25.64,11,0.05039551428948432,0
489,460,F,10s,sports,pc,20,297.73,4,0.20171435040404023,0
644,345,M,30s,sports,pc,5,64.48,5,0.0717283552496079,0
542,310,F,50s,fashion,pc,3,188.11,5,0.2441871831216588,0
670,441,F,30s,book,pc,22,495.31,3,0.3362345135879859,0
278,20,F,50s,book,pc,12,202.02,4,0.2071067125061066,0
203,369,F,10s,fashion,tablet,22,422.21,7,0.277935844809049,0
66,49,M,50s,sports,mobile,4,430.6,8,0.3350944585667169,0
108,490,F,30s,food,tablet,14,135.1,4,0.11380888678121116,1
268,135,M,50s,sports,mobile,6,299.77,2,0.2007263955891053,0
222,29,M,40s,fashion,tablet,6,473.99,5,0.14270827913900225,0
804,48,F,50s,fashion,mobile,9,305.13,6,0.3028567988578107,0
530,477,F,50s,electronics,tablet,12,407.56,4,0.23674189400174148,0
90,269,M,20s,fashion,pc,23,233.97,4,0.15244928048229703,0
693,3,F,40s,electronics,mobile,10,361.07,3,0.1143341156521585,0
255,258,M,10s,fashion,tablet,0,15.82,9,0.07500041183462222,0
455,16,F,50s,electronics,pc,19,394.8,3,0.06911287953404124,0
253,94,M,40s,electronics,tablet,10,337.57,5,0.3656514850715553,0
257,358,M,10s,sports,mobile,0,182.63,3,0.22295473309127903,0
383,134,M,40s,electronics,tablet,2,211.41,4,0.21377721619898662,0
442,301,F,20s,book,tablet,7,166.67,4,0.1802968574410919,0
858,327,M,10s,fashion,pc,12,264.52,8,0.037634229433451356,1
599,133,M,10s,food,pc,6,58.79,1,0.05030953471787511,0
90,312,F,50s,fashion,pc,2,423.23,3,0.22956755868784853,1
749,455,F,30s,sports,mobile,19,241.64,8,0.20187875418577114,0
390,482,M,10s,sports,pc,1,26.34,4,0.06704505665194756,1
582,383,M,10s,electronics,mobile,17,278.72,1,0.23171020487954253,1
44,32,F,20s,sports,pc,4,465.61,2,0.33007801760591343,1
712,305,M,20s,sports,pc,17,48.29,0,0.15010425187232077,0
664,269,F,20s,fashion,pc,15,65.98,9,0.3940598920226721,1
598,414,F,50s,book,pc,6,196.66,8,0.4099137146643584,0
19,25,F,10s,book,mobile,0,369.13,8,0.05035696436575519,0
101,469,M,20s,electronics,mobile,8,304.29,4,0.1821951759810598,0
914,316,F,20s,sports,mobile,14,231.69,3,0.11719843103908321,0
607,59,M,40s,sports,pc,0,496.41,2,0.3640164776475193,0
766,213,M,40s,book,pc,16,96.97,2,0.3831848818493881,0
357,156,F,20s,electronics,pc,8,411.77,2,0.4373004227007811,1
542,496,F,50s,sports,mobile,22,66.3,5,0.12718285939030743,1
761,314,F,30s,electronics,tablet,14,93.91,5,0.02130923250583081,0
938,276,F,40s,fashion,tablet,9,151.24,7,0.09906303593556925,0
33,418,M,40s,sports,tablet,19,437.18,5,0.22688989347192914,0
970,389,M,10s,sports,mobile,2,224.88,3,0.23922181602190187,1
229,210,F,10s,sports,tablet,4,200.91,3,0.27300305165624994,0
524,444,M,20s,book,mobile,1,247.91,3,0.264270914002524,0
630,487,F,10s,book,mobile,21,317.3,6,0.11608522043629467,0
862,427,M,10s,sports,pc,5,214.63,9,0.3755851407835017,0
155,57,M,30s,sports,pc,15,481.45,5,0.13658704291009782,0
423,185,M,50s,fashion,mobile,11,71.99,11,0.013038671641896196,0
905,459,F,20s,fashion,tablet,16,240.45,2,0.252262727211394,0
246,54,M,30s,electronics,mobile,11,210.64,7,0.44971538451152565,0
405,209,M,20s,electronics,mobile,16,347.89,5,0.2447526014032563,0
844,368,M,50s,book,tablet,21,481.73,7,0.19748038362726078,0
759,429,M,20s,food,pc,6,147.76,4,0.21654608338996054,1
541,342,F,10s,fashion,mobile,23,477.89,4,0.3541286586559879,0
161,293,M,50s,electronics,pc,15,414.71,7,0.22465036302956756,0
747,340,F,30s,fashion,pc,17,406.19,4,0.015211869901169977,0
702,304,F,30s,fashion,pc,7,41.17,4,0.24255490613365974,1
117,252,M,40s,food,mobile,17,470.59,4,0.05439623184719226,0
271,374,M,30s,fashion,tablet,1,420.27,7,0.15542692608246259,1
770,438,F,40s,food,tablet,8,343.87,7,0.08099236167546055,0
692,304,F,10s,food,pc,22,68.29,8,0.20665285714469492,1
487,112,F,30s,fashion,pc,23,212.92,4,0.4020785746478623,0
885,366,M,50s,fashion,tablet,15,420.91,4,0.16992016926577333,0
172,6,M,40s,electronics,pc,16,221.58,5,0.24267554328508384,0
950,418,F,30s,fashion,tablet,9,221.05,8,0.09242721329254729,1
274,191,F,10s,fashion,tablet,21,138.71,7,0.17244677660690255,0
259,334,F,50s,fashion,mobile,0,30.34,5,0.21608026673397981,0
135,432,M,50s,electronics,pc,20,258.94,9,0.10720526738671111,0
683,279,M,10s,food,pc,17,388.36,6,0.6493299394159012,0
722,382,F,30s,electronics,mobile,14,77.31,7,0.005535115617475529,0
748,340,M,20s,fashion,tablet,8,447.42,2,0.12568157885066475,0
422,13,F,30s,sports,pc,2,279.87,9,0.04236027370942701,0
421,303,M,40s,fashion,mobile,15,407.09,4,0.37598678585315826,1
186,44,F,40s,electronics,tablet,22,335.18,3,0.11238597710658041,0
929,105,M,30s,electronics,mobile,14,71.8,3,0.0655402893944002,1
364,160,M,40s,book,mobile,1,453.76,6,0.1978517251611761,0
955,154,M,20s,sports,mobile,9,360.48,11,0.08106244535099166,1
607,242,M,20s,electronics,mobile,3,22.61,5,0.19561685260623066,1
378,181,M,50s,food,tablet,18,292.12,9,0.1507266781328939,0
523,14,M,40s,fashion,mobile,16,242.66,8,0.14038453650148258,0
580,180,M,30s,food,tablet,9,430.28,9,0.07395721732093459,0
891,377,F,50s,electronics,mobile,21,65.78,2,0.027253500266576608,0
722,292,F,20s,electronics,mobile,20,297.47,1,0.2449102161080429,1
196,264,F,50s,food,pc,5,158.59,6,0.23593567111224603,0
881,168,M,10s,food,pc,0,126.58,8,0.10527951834608641,0
98,214,M,40s,book,pc,10,16.15,5,0.3574657817733036,0
605,150,M,30s,fashion,pc,15,169.45,7,0.38829954174831594,1
984,16,F,20s,food,mobile,23,201.07,7,0.4180345911718202,1
22,91,F,50s,fashion,mobile,19,226.65,8,0.23367862108251108,0
450,120,F,30s,sports,tablet,6,368.69,3,0.2622587318444011,0
172,444,F,40s,electronics,mobile,23,204.75,1,0.23786396001869592,1
383,253,F,30s,food,tablet,2,101.64,3,0.08033312263238732,0
134,60,F,40s,sports,mobile,13,202.08,2,0.17155462438992083,0
426,266,M,40s,electronics,mobile,3,39.43,6,0.13989872758644484,1
25,409,F,40s,book,tablet,8,486.18,3,0.34437596541236043,0
503,31,M,50s,electronics,pc,14,37.79,3,0.1177619516767369,0
185,21,F,40s,food,mobile,11,104.94,5,0.3227614692420498,0
85,219,F,30s,sports,pc,15,216.88,5,0.09404668411551846,0
567,81,M,10s,sports,tablet,22,467.04,9,0.09045247666584083,1
763,289,M,30s,sports,mobile,18,93.47,2,0.5644328765209471,1
144,31,M,50s,electronics,tablet,13,202.89,1,0.042077256008719074,0
863,498,F,40s,fashion,mobile,3,494.71,4,0.12788551878186244,0
910,234,F,10s,fashion,tablet,22,303.01,5,0.02104546977458373,0
679,474,M,50s,electronics,tablet,5,309.22,6,0.18258264111927064,0
412,405,F,20s,food,pc,21,487.19,6,0.03214900747465763,0
224,36,M,20s,electronics,pc,10,255.52,1,0.5925469491538956,0
220,449,F,20s,fashion,pc,3,6.27,10,0.1062689903323172,0
179,132,F,10s,electronics,mobile,7,20.33,3,0.37601058177854046,1
631,324,F,30s,sports,tablet,8,342.29,6,0.4731970808437394,0
433,346,M,10s,food,pc,22,109.7,4,0.12928641692704634,0
265,132,F,10s,food,mobile,23,241.85,3,0.3224761173211631,0
954,497,M,10s,book,pc,1,277.93,3,0.2874849489395122,1
429,9,M,20s,electronics,mobile,19,335.34,3,0.4875092500599463,1
662,30,M,30s,sports,tablet,2,46.45,1,0.2568514429860257,0
416,115,M,10s,electronics,tablet,5,381.22,5,0.17747329731640202,0
453,301,M,30s,book,tablet,1,460.48,8,0.2039746195331185,0
727,4,M,40s,book,mobile,22,131.59,4,0.16360094382317325,0
197,325,M,10s,electronics,tablet,7,193.32,5,0.14197823483478922,0
554,237,M,10s,electronics,mobile,19,373.19,5,0.19687428649224079,1
53,23,M,10s,electronics,mobile,23,127.98,3,0.24939610928405476,1
480,16,F,40s,fashion,mobile,7,273.41,11,0.11498164058461198,0
443,22,M,40s,book,tablet,2,331.67,7,0.1538052520066498,0
330,485,F,20s,food,tablet,16,440.24,6,0.13598084683554454,0
251,72,M,50s,fashion,tablet,10,175.96,6,0.12620449719051596,0
807,304,F,30s,sports,mobile,2,248.86,4,0.26779701974858455,0
890,446,F,50s,food,tablet,11,96.38,3,0.16428410540633742,0
783,481,F,10s,food,mobile,13,157.27,6,0.0342978131319186,1
967,444,F,10s,food,tablet,0,51.99,5,0.14352193435487606,0
925,230,F,20s,book,mobile,11,102.83,3,0.25177130203136205,0
123,107,F,50s,sports,pc,17,176.37,6,0.05019353449435414,0
879,208,M,10s,fashion,tablet,23,215.01,5,0.08300929795028733,0
387,389,M,50s,sports,tablet,3,354.9,3,0.3407942638840663,0
339,208,M,20s,fashion,mobile,22,231.93,3,0.3014152699740328,1
778,263,M,50s,book,mobile,2,29.28,5,0.3835318314937143,1
348,51,M,30s,sports,mobile,16,379.09,5,0.16011949354305638,0
29,65,M,20s,food,pc,12,268.73,4,0.19281035177854025,0
975,265,F,50s,sports,tablet,16,470.01,8,0.17453003720040103,0
35,338,M,10s,book,mobile,16,319.44,4,0.3702613195717716,1
518,301,F,40s,book,pc,18,269.3,3,0.1080484863293809,0
396,378,F,40s,book,pc,4,150.74,5,0.31197487778079996,1
623,175,F,20s,fashion,mobile,7,122.05,6,0.09686571904006201,0
294,451,F,40s,sports,tablet,23,118.87,4,0.30856392330153726,1
589,152,F,30s,food,mobile,1,206.53,4,0.17663860307682672,1
349,476,F,20s,food,mobile,8,89.83,4,0.36602779618193376,0
147,266,M,10s,electronics,mobile,6,422.88,6,0.18159887133316657,0
67,329,F,10s,book,pc,15,403.57,5,0.035530271741324754,1
904,461,F,20s,food,pc,11,365.78,6,0.21520545354869958,0
520,304,M,40s,book,tablet,20,29.13,1,0.6080994135766236,0
122,163,M,40s,food,pc,4,40.59,4,0.3775074895457847,0
340,438,M,10s,sports,mobile,23,320.03,5,0.11861948591220077,0
175,343,M,30s,electronics,pc,23,375.74,5,0.2689836627870549,0
900,367,M,40s,book,tablet,20,18.22,3,0.13894975258292744,1
691,465,M,30s,fashion,mobile,21,148.8,5,0.058073111442411764,0
597,238,M,40s,fashion,mobile,5,72.46,5,0.08594376975163542,0
451,199,F,20s,food,pc,21,119.48,3,0.04263422256531792,0
557,500,M,50s,sports,pc,20,261.6,8,0.20475065802512787,0
136,16,F,10s,book,tablet,16,59.08,6,0.07961852809348954,0
855,309,M,20s,electronics,mobile,14,118.77,5,0.51080245720849,0
16,296,M,40s,sports,tablet,9,284.63,8,0.1380004588522532,0
333,356,F,10s,food,pc,2,256.51,6,0.08832692067669615,0
195,276,M,50s,sports,mobile,6,429.51,6,0.45588826388568887,0
496,472,M,50s,electronics,pc,1,79.54,3,0.6844717695662489,0
9,239,M,40s,sports,mobile,12,188.09,4,0.02875599524640976,0
828,69,M,10s,book,tablet,13,462.56,8,0.1649566553585093,0
334,301,M,40s,food,mobile,3,398.92,6,0.44602864069223735,1
333,6,M,50s,electronics,pc,7,300.69,4,0.18074385873274307,0
327,220,M,20s,food,mobile,4,385.65,5,0.4052211155647705,1
15,254,F,20s,book,tablet,11,226.95,4,0.42721964449296057,0
839,453,M,30s,electronics,pc,23,455.79,4,0.1743243294502377,1
614,433,F,50s,electronics,tablet,11,301.83,3,0.30150164517849487,1
226,295,F,50s,food,mobile,10,349.34,5,0.11082198949241626,0
425,358,F,40s,sports,mobile,1,327.73,6,0.11658013521703743,0
790,386,F,30s,sports,mobile,23,338.02,4,0.14907859873780402,0
408,107,F,30s,fashion,mobile,21,322.33,7,0.2685887608983872,1
113,295,F,10s,fashion,pc,4,41.51,10,0.12531755398491345,0
997,118,F,40s,electronics,mobile,12,303.91,4,0.11315095627378736,0
428,405,M,20s,food,pc,17,392.78,5,0.05552806109058241,0
1,168,M,10s,electronics,pc,22,5.2,4,0.12732740074521304,0
266,485,M,30s,food,pc,16,446.38,8,0.44998426866284497,0
491,251,F,20s,book,mobile,5,476.36,6,0.2042314775440882,0
208,82,M,50s,fashion,mobile,18,68.45,9,0.07505396738199224,0
622,54,F,40s,electronics,tablet,21,269.85,5,0.23708743481808486,0
712,240,F,30s,book,mobile,16,59.75,6,0.08382470396672431,0
952,366,M,50s,sports,mobile,16,145.09,10,0.13094405408477003,0
369,12,F,30s,fashion,mobile,17,312.64,7,0.19031221195442918,0
985,209,F,20s,food,pc,14,154.91,6,0.6122149697540146,0
306,165,M,10s,sports,tablet,22,185.95,4,0.15485665302058113,1
12,366,F,20s,sports,mobile,19,374.34,2,0.24755496226106855,1
345,294,M,40s,book,tablet,3,289.62,5,0.25979072215519206,0
465,399,F,40s,electronics,pc,3,261.43,5,0.2898497086412096,0
700,7,F,30s,electronics,tablet,4,165.47,10,0.1214796833214284,0
666,78,M,20s,book,tablet,14,353.55,7,0.2969270206691881,0
494,434,M,10s,sports,tablet,1,214.86,5,0.17540320061538522,0
368,65,M,40s,fashion,tablet,10,449.91,7,0.13081156178387976,0
846,102,F,10s,sports,tablet,22,302.79,8,0.2762729244961031,0
937,451,F,50s,book,pc,2,271.46,3,0.21141560268311085,0
420,357,M,30s,sports,mobile,10,402.55,6,0.16556631507457645,0
889,300,M,10s,sports,tablet,2,245.29,4,0.07995541714275466,0
791,287,M,30s,sports,pc,10,143.25,3,0.43342780669505887,0
171,171,F,50s,sports,pc,1,81.77,4,0.2768464234690691,0
134,77,F,10s,fashion,mobile,21,283.1,4,0.2181227372903702,0
965,48,M,10s,food,pc,19,215.3,4,0.27259462357202896,1
427,255,M,50s,food,mobile,19,201.7,7,0.23664909169581927,0
25,82,M,20s,electronics,tablet,14,177.96,3,0.25699865394741006,1
530,383,F,10s,food,pc,7,337.45,7,0.3563149138228033,0
190,209,M,10s,food,pc,1,261.9,5,0.03839248103264542,0
141,209,M,40s,food,pc,22,270.93,4,0.2917729895311709,0
555,445,M,20s,sports,tablet,17,157.52,6,0.19073807924715774,0
846,459,F,10s,sports,mobile,21,308.76,9,0.2725134866649069,0
796,84,F,50s,fashion,mobile,20,204.74,4,0.1934005780193728,0
658,10,M,30s,sports,pc,7,385.89,6,0.38765240805004236,0
315,29,F,50s,sports,pc,21,267.12,7,0.19334271923281224,0
444,304,M,20s,food,tablet,11,148.28,6,0.20581042302629718,0
319,482,M,40s,fashion,tablet,22,78.13,4,0.1643622445917551,0
441,465,M,40s,fashion,mobile,5,351.47,7,0.2475211617342526,0
92,446,M,40s,food,pc,23,188.7,7,0.31134477852313847,1
179,116,F,50s,food,pc,1,37.43,1,0.17549726746456035,0
56,490,M,30s,fashion,pc,11,457.88,2,0.2541071369939111,0
155,269,M,30s,book,pc,22,196.39,1,0.15505015050259127,0
672,428,F,10s,food,tablet,20,374.24,4,0.12365731381606448,0
111,47,M,30s,food,tablet,11,232.16,5,0.1666084632425472,1
137,359,F,30s,fashion,mobile,12,446.01,8,0.18517421829999198,0
232,448,M,10s,book,pc,8,19.39,6,0.20041676586635282,0
992,91,M,50s,book,tablet,14,133.41,5,0.1854564008907889,0
468,53,M,50s,electronics,pc,10,275.16,6,0.18721437317810513,0
732,218,M,20s,book,mobile,8,165.0,4,0.13297890859078093,0
481,348,F,50s,food,pc,23,372.63,8,0.17577925687189458,0
68,77,M,40s,sports,tablet,7,345.77,4,0.04724633394248307,0
814,204,F,40s,fashion,tablet,19,17.63,8,0.15772865867112626,0
249,44,F,20s,food,mobile,23,302.25,4,0.021445982059984613,0
994,156,F,30s,fashion,mobile,17,418.76,4,0.14909304868466475,0
323,2,M,20s,book,pc,10,161.23,4,0.07190441976667104,0
922,357,F,10s,fashion,pc,4,73.98,5,0.16530680331434036,1
904,313,F,20s,food,tablet,3,370.46,4,0.3575459688193895,0
518,57,F,20s,sports,tablet,20,450.71,3,0.1313029025813744,0
976,290,M,40s,food,tablet,4,330.17,2,0.1365497529084642,0
792,471,M,10s,electronics,mobile,20,423.79,2,0.10177594721762112,0
432,58,F,10s,fashion,mobile,6,499.34,8,0.06255398851658292,0
487,254,F,20s,food,mobile,16,252.2,7,0.3421938665296756,0
606,180,M,10s,book,pc,17,467.97,5,0.09918284487942801,0
429,493,F,10s,book,mobile,22,175.46,8,0.10881655798725336,0
269,157,F,50s,food,pc,0,374.1,2,0.216366601007386,0
709,35,F,10s,electronics,pc,15,451.23,11,0.19796043910730998,0
537,75,M,30s,fashion,pc,8,262.83,2,0.4197950716771905,0
148,432,F,10s,electronics,mobile,11,315.1,5,0.19198599395589808,0
118,289,F,40s,sports,tablet,18,485.39,5,0.22105591634892713,0
850,371,M,50s,food,mobile,10,129.33,5,0.20180767346765632,1
367,75,F,40s,electronics,mobile,5,181.21,7,0.14795427698895952,1
850,329,M,40s,sports,mobile,3,387.28,9,0.12466322578508784,0
66,78,M,30s,electronics,pc,15,173.78,4,0.0873336091756358,0
970,255,M,50s,sports,tablet,2,252.88,3,0.2713823444496235,1
813,265,F,20s,book,mobile,7,29.98,6,0.15223152288947328,0
370,487,F,10s,book,mobile,15,284.91,3,0.16526898987282274,0
175,304,F,30s,food,pc,1,315.26,3,0.07018161072602931,0
831,67,F,30s,electronics,mobile,12,45.89,3,0.28737514085906407,0
588,221,F,20s,book,mobile,18,125.73,5,0.17713845472021877,1
495,467,F,30s,fashion,pc,23,219.43,3,0.16024192504395846,0
973,164,F,20s,book,mobile,15,391.71,4,0.24570160663564916,0
114,480,F,20s,book,tablet,18,15.72,3,0.38562662373855877,1
111,455,M,20s,electronics,pc,7,169.02,4,0.11103524637385366,0
761,375,F,30s,sports,tablet,22,7.42,6,0.03210968698934742,0
439,220,F,20s,fashion,mobile,1,263.03,4,0.3461640093890504,0
715,172,M,30s,fashion,pc,0,251.89,2,0.2463497575132978,0
147,254,F,50s,sports,pc,16,378.91,8,0.007724804035542063,0
35,210,M,20s,electronics,mobile,17,6.94,3,0.40752942628498623,1
999,188,F,30s,book,tablet,6,380.56,1,0.2941637857970272,0
309,191,F,30s,sports,mobile,8,446.16,6,0.15957635636709827,0
538,389,M,30s,fashion,pc,22,162.12,4,0.47042591261356786,0
750,215,M,10s,fashion,pc,2,170.18,6,0.15078043821687395,0
14,375,F,10s,book,pc,23,5.53,4,0.2069538068388739,1
374,86,M,20s,book,mobile,23,217.41,9,0.035153145377720005,0
557,474,F,50s,food,mobile,10,308.44,5,0.3374943315983727,1
428,106,F,20s,sports,mobile,15,65.73,2,0.3665732622280255,1
728,332,F,40s,book,tablet,8,330.3,4,0.06430135602010109,0
233,296,F,40s,food,tablet,11,186.04,8,0.08180829267077232,0
705,19,F,50s,electronics,tablet,13,338.13,6,0.16539086733340685,0
563,47,F,50s,fashion,pc,3,129.29,4,0.4402913835662003,0
939,65,M,50s,sports,tablet,3,388.45,6,0.12260330335033937,0
887,451,M,10s,electronics,pc,10,276.68,9,0.09244686275848485,0
726,475,M,10s,sports,tablet,1,268.93,3,0.13938892889720314,0
663,146,F,40s,sports,tablet,23,246.64,3,0.054811606279565564,0
440,434,M,50s,book,pc,17,421.78,2,0.19253084459993952,0
502,286,F,30s,food,mobile,2,279.36,1,0.1614268087862295,0
275,382,M,40s,sports,tablet,1,84.0,8,0.21484262151352607,0
850,66,F,50s,electronics,pc,0,314.77,5,0.4039973344712313,0
76,5,F,30s,sports,mobile,4,259.47,5,0.2903082434428495,0
439,93,F,50s,food,mobile,6,39.12,3,0.2162168041080337,1
732,353,F,20s,fashion,mobile,19,292.64,6,0.12985971350997277,0
860,426,F,30s,sports,pc,3,44.3,2,0.1359708791544339,0
956,468,M,20s,electronics,tablet,2,363.79,9,0.20149033586193502,1
699,94,F,10s,fashion,tablet,5,329.12,5,0.31926286578492996,0
289,106,M,40s,fashion,tablet,11,249.16,2,0.18838404558585778,0
915,133,F,50s,book,mobile,15,375.65,3,0.05046808278162275,1
540,434,F,40s,book,tablet,7,143.97,2,0.12021925523294365,0
891,341,F,50s,sports,pc,10,225.98,4,0.09185439114576376,0
692,314,M,20s,electronics,tablet,12,12.57,4,0.08058595907459554,0
253,79,F,30s,book,tablet,13,494.21,4,0.05006675968219942,0
126,212,M,30s,food,tablet,17,32.85,4,0.12835865671753793,0
177,8,F,50s,food,tablet,21,56.71,3,0.1394540897565478,0
37,497,M,20s,fashion,pc,7,249.97,6,0.3221050730813256,0
410,159,M,50s,fashion,tablet,0,191.07,4,0.1978753607637408,0
611,268,M,50s,fashion,mobile,3,268.51,3,0.24450308440222907,1
610,149,F,50s,food,tablet,16,418.33,4,0.27313794204572445,0
127,350,F,30s,book,mobile,19,83.52,9,0.21295725032908275,0
483,446,M,50s,book,mobile,21,321.57,9,0.08718161267758157,0
168,91,F,30s,sports,mobile,5,13.93,3,0.24913087098172793,1
592,236,F,10s,electronics,pc,4,396.07,7,0.32248513489524905,1
294,474,F,20s,food,mobile,13,408.74,7,0.2666315503788989,1
845,289,M,10s,fashion,mobile,18,192.79,3,0.2373011878588269,0
638,410,M,50s,electronics,tablet,13,90.8,4,0.1638313219450025,0
343,474,F,30s,fashion,pc,1,406.48,7,0.23631993328518253,0
310,356,M,20s,electronics,pc,8,455.06,9,0.21062667428394974,1
662,168,F,40s,electronics,pc,6,42.28,5,0.046625288542147786,0
528,193,F,20s,book,mobile,17,292.0,2,0.3282266190145099,0
540,187,M,20s,sports,mobile,19,469.39,4,0.18814139976641614,0
419,271,M,50s,sports,mobile,10,323.65,2,0.3187925631543031,0
444,114,F,10s,fashion,tablet,7,411.06,6,0.17982899531485835,0
685,385,F,10s,food,mobile,21,118.76,2,0.21003058270857067,0
558,11,F,40s,sports,pc,20,55.66,5,0.2937077843440926,0
840,55,M,50s,food,tablet,9,191.21,8,0.20101546767891873,0
236,258,M,20s,fashion,tablet,17,200.58,0,0.07287458316651878,0
439,65,F,10s,food,pc,16,394.17,4,0.09541144030705713,0
214,479,F,10s,electronics,mobile,16,206.12,3,0.4046690721257378,1
85,172,M,30s,electronics,tablet,0,122.12,8,0.21405825651400745,0
794,272,F,20s,fashion,pc,21,443.74,6,0.1743085583214945,0
744,150,M,50s,food,mobile,3,392.41,7,0.06507146997008736,0
85,362,M,10s,food,tablet,10,335.31,5,0.48127192561597765,0
921,146,F,50s,fashion,tablet,8,107.52,1,0.28145129139555025,1
489,431,F,20s,sports,tablet,8,106.38,4,0.0896278780694532,0
65,209,M,20s,book,tablet,2,248.22,3,0.28618320068485026,1
646,286,F,10s,sports,tablet,5,267.81,4,0.17058265259478742,0
663,10,M,40s,book,mobile,5,131.77,6,0.19757093424371397,0
627,227,M,50s,food,pc,9,66.07,11,0.015000345172014146,0
64,186,M,50s,book,tablet,9,184.79,5,0.34905981736694486,0
343,62,F,30s,book,pc,16,217.4,4,0.3568979001028102,0
939,85,F,20s,food,pc,14,31.01,4,0.3071834668375277,0
875,464,F,20s,electronics,pc,3,284.5,0,0.05201760789068382,0
919,134,M,10s,book,mobile,21,6.0,8,0.07297894329934079,0
352,323,M,10s,fashion,pc,9,79.83,5,0.25075632252038516,1
158,297,M,10s,sports,pc,7,77.75,5,0.010490211073950494,0
589,171,M,30s,food,pc,0,345.34,5,0.23316343137271628,0
491,213,F,40s,food,tablet,23,245.52,4,0.3679088337914429,0
658,461,F,10s,book,tablet,21,418.84,5,0.2234556888054478,0
855,18,F,10s,electronics,pc,16,136.1,1,0.17607602856791205,1
463,314,M,10s,electronics,mobile,11,109.23,3,0.011526840712150729,1
225,60,M,30s,sports,tablet,11,402.43,4,0.15102071094822508,0
917,88,F,50s,sports,tablet,12,224.88,2,0.19951094741388536,0
313,27,M,40s,electronics,pc,13,140.74,5,0.052748254188228504,1
615,68,F,50s,electronics,pc,7,212.04,7,0.0775399717460305,0
919,278,M,20s,electronics,mobile,13,215.51,7,0.30919577598070136,1
859,408,M,20s,book,tablet,6,288.19,4,0.13612638087087667,0
813,40,M,10s,fashion,pc,16,23.64,3,0.14797225708713924,0
940,109,M,50s,sports,tablet,10,127.73,10,0.5100436979127078,1
466,74,M,30s,food,pc,0,236.11,8,0.23890410408850563,1
88,66,F,40s,electronics,pc,7,273.44,5,0.043548835585865274,0
883,168,F,50s,electronics,mobile,12,83.58,9,0.2824408379870884,1
303,262,F,50s,fashion,tablet,23,100.84,7,0.25988947835118487,0
680,368,M,40s,electronics,tablet,16,365.16,8,0.4975806846885058,0
435,274,F,50s,sports,pc,23,393.85,2,0.36942579712070545,0
682,337,F,50s,electronics,mobile,23,42.2,4,0.21761862786046202,1
135,358,M,40s,fashion,mobile,11,495.09,4,0.1851260811104885,0
50,237,M,30s,book,mobile,15,219.4,6,0.18051775123453476,0
432,215,F,40s,sports,tablet,9,294.95,8,0.20385900496204848,0
340,366,F,10s,book,pc,15,298.86,4,0.16885866371948585,0
347,286,F,10s,food,pc,2,176.28,3,0.4058094385503271,0
646,378,F,10s,fashion,mobile,0,274.67,4,0.1798925284739265,0
347,149,F,10s,food,mobile,18,293.78,6,0.3689055339099339,1
649,318,M,20s,food,mobile,23,381.58,4,0.12738780878199243,1
245,394,F,30s,food,tablet,7,332.59,4,0.10112383010551246,1
109,376,F,20s,food,pc,15,226.11,4,0.34104739316824306,0
825,107,F,50s,fashion,mobile,14,99.71,5,0.05484101812227671,0
799,141,F,50s,book,mobile,6,17.45,7,0.17419064158062283,0
533,76,F,40s,electronics,pc,1,327.67,5,0.12982948305708059,0
90,9,F,10s,food,tablet,12,241.46,8,0.15586635220020653,0
296,196,M,40s,electronics,tablet,4,482.93,3,0.15276712794321579,0
112,295,M,50s,electronics,tablet,9,53.67,5,0.10987964483449511,0
813,280,M,10s,food,pc,7,40.95,4,0.3060082266451996,0
589,381,F,30s,sports,tablet,12,94.73,7,0.21274137163533186,0
177,118,F,50s,electronics,mobile,18,191.53,6,0.047752723169317265,0
343,290,M,40s,sports,tablet,5,91.71,5,0.2582208114718742,0
660,487,F,40s,book,pc,17,234.6,6,0.06202187299222542,1
101,61,F,50s,electronics,tablet,7,173.16,3,0.026176019387784164,1
758,425,F,20s,fashion,pc,8,499.75,9,0.3076449649579389,0
629,389,M,30s,book,pc,16,483.52,3,0.4026051889578776,0
604,335,M,50s,book,tablet,3,185.58,8,0.2755983948477388,0
401,306,M,50s,sports,mobile,21,397.09,4,0.5136842475030954,1
28,388,F,40s,food,pc,17,124.62,5,0.26118152088244706,0
937,51,M,10s,fashion,tablet,5,33.58,3,0.1048518631157245,0
962,52,M,10s,fashion,pc,10,25.04,2,0.2419800258959275,0
537,122,M,10s,sports,tablet,22,19.44,3,0.04700234199012067,0
58,167,F,40s,sports,mobile,21,369.29,2,0.29132995470530326,0
498,8,M,10s,book,pc,9,174.4,5,0.344192414559748,0
297,369,M,50s,sports,mobile,10,412.8,5,0.2702195070494743,0
134,45,F,20s,food,mobile,7,437.55,9,0.055173654357825674,0
331,344,M,20s,book,mobile,20,156.23,5,0.26701787672185406,1
249,245,F,20s,book,mobile,2,148.13,9,0.21514610481527283,1
550,284,F,10s,book,mobile,1,157.42,2,0.06540117676257473,0
902,375,M,20s,fashion,tablet,17,240.35,6,0.08538138070018941,1
941,107,M,10s,fashion,mobile,1,12.89,2,0.02191209237727383,0
75,27,M,50s,book,tablet,11,10.37,7,0.2957891645442499,0
654,193,F,50s,food,mobile,4,369.06,6,0.34036636469000714,0
834,418,M,40s,electronics,mobile,3,405.06,4,0.13080496629814675,0
168,337,M,40s,book,pc,15,106.04,2,0.21094359458767512,1
771,357,M,30s,sports,tablet,13,298.97,3,0.20194990308093302,0
503,62,F,50s,electronics,mobile,1,111.92,4,0.3412912788410003,0
885,62,F,10s,fashion,mobile,20,368.44,6,0.44879041676202147,0
355,422,F,30s,fashion,mobile,6,213.16,10,0.15256720729099763,0
225,282,M,50s,electronics,tablet,20,412.26,4,0.2987086421319864,0
664,121,M,10s,sports,tablet,10,474.53,6,0.051154192134718814,0
531,280,F,50s,fashion,tablet,23,279.95,8,0.3793884687484641,0
146,39,M,50s,fashion,pc,11,450.83,2,0.08181220610236903,0
960,380,M,10s,book,pc,21,21.73,1,0.2035461234497769,1
241,277,F,50s,food,mobile,4,234.03,5,0.22782819985313243,0
884,94,F,50s,sports,tablet,23,254.23,2,0.04848208507013326,0
893,431,F,50s,book,tablet,15,210.83,3,0.048970294655070766,1
344,115,M,40s,food,pc,21,160.85,5,0.15875091486592657,0
749,176,M,20s,fashion,mobile,6,362.87,9,0.4025628918577204,0
35,121,M,50s,food,tablet,7,278.58,7,0.2437516035580441,1
702,13,F,10s,fashion,tablet,3,45.8,7,0.24767010521973115,0
1,485,F,50s,book,mobile,3,475.6,9,0.09166733880228838,0
996,387,M,40s,fashion,pc,5,444.32,9,0.3106021673487196,0
153,416,F,40s,food,pc,1,179.97,3,0.3499755243650195,0
429,163,F,50s,book,tablet,8,126.87,6,0.3816914873589119,0
945,275,M,30s,food,mobile,7,316.09,3,0.3867924246221455,0
508,398,F,20s,food,mobile,17,26.44,3,0.06621197104511752,1
126,176,M,10s,electronics,mobile,11,250.52,3,0.12952280746125563,0
491,470,F,10s,fashion,tablet,15,337.95,3,0.19489166943027367,0
482,337,M,10s,fashion,pc,0,206.31,6,0.08697648256323495,0
345,379,F,10s,food,pc,19,486.28,3,0.2645855996477412,0
912,324,M,40s,fashion,pc,3,360.84,11,0.2382714319135457,1
738,173,F,20s,sports,pc,13,467.36,4,0.2773265982493187,0
221,488,F,50s,fashion,pc,17,454.41,7,0.17703691170125205,0
915,275,F,50s,book,tablet,4,70.19,8,0.16830953638313492,0
919,64,F,30s,fashion,tablet,2,335.97,2,0.05919521009022635,0
723,101,F,50s,sports,pc,18,300.36,5,0.1310093700428489,0
25,322,M,20s,food,pc,11,32.14,5,0.32150773387813153,1
528,463,M,50s,fashion,tablet,18,162.35,5,0.5506094141952846,0
182,66,M,40s,book,pc,19,269.62,4,0.25539984842958224,1
499,331,F,50s,sports,pc,10,276.34,0,0.38147479943495044,0
841,45,M,10s,electronics,pc,20,407.97,4,0.15325514430815418,0
641,87,F,10s,food,mobile,19,295.88,5,0.2981534651226712,1
42,458,F,10s,food,pc,8,235.92,4,0.04548983742938452,0
915,67,M,10s,food,mobile,19,377.22,7,0.1867882668209888,0
481,453,M,40s,sports,pc,22,287.59,3,0.11546997170141503,0
930,259,F,40s,fashion,pc,4,442.46,7,0.13570880402356636,0
848,422,F,40s,fashion,tablet,9,453.21,4,0.22841499133523954,0
748,205,M,50s,fashion,tablet,8,304.17,4,0.054873868333365154,0
872,426,M,10s,fashion,tablet,12,284.35,2,0.32810064244242443,0
439,467,F,30s,food,mobile,7,352.13,10,0.25245696017248576,0
402,424,F,30s,electronics,mobile,21,364.13,11,0.16222779984901511,1
546,178,M,10s,food,pc,12,364.95,7,0.11738330789110915,1
345,419,F,20s,electronics,mobile,21,312.25,2,0.2569517350118938,0
893,280,F,50s,electronics,tablet,17,382.59,7,0.13675722840129464,1
45,344,M,30s,fashion,mobile,22,76.34,4,0.06598877926709813,1
646,17,M,40s,book,pc,8,411.63,4,0.3941242845876752,0
21,296,F,20s,sports,mobile,8,158.66,3,0.08603071214166783,0
634,202,F,40s,book,tablet,1,443.42,5,0.13444322115208088,0
70,450,M,20s,electronics,pc,6,70.25,4,0.1826465401533491,0
864,172,F,20s,book,mobile,4,6.78,6,0.13501282587497132,1
873,407,M,50s,electronics,pc,20,12.76,4,0.05399811739826639,0
48,262,F,40s,food,pc,5,109.03,4,0.2602871502278172,0
491,194,M,40s,food,mobile,12,61.32,8,0.09774860487089009,1
551,149,F,30s,fashion,pc,23,279.19,5,0.3695569790346799,0
287,375,F,10s,sports,mobile,17,226.96,3,0.1737168958757312,0
10,376,F,10s,food,tablet,2,305.0,3,0.14761272974550751,0
542,35,M,30s,sports,tablet,9,100.37,5,0.3979419657581989,1
756,369,M,20s,fashion,mobile,22,378.15,5,0.11125317148962777,0
274,29,M,30s,sports,mobile,2,307.18,6,0.07997746740343613,0
956,263,F,30s,food,pc,0,114.49,5,0.03113169783365025,0
600,221,F,40s,food,mobile,5,202.47,9,0.07273871512277955,0
756,53,M,30s,book,pc,22,360.51,6,0.10879680327995266,0
381,421,M,20s,book,tablet,15,341.78,1,0.21593820804567646,0
329,279,F,10s,book,mobile,16,283.36,6,0.346769279447706,0
479,353,F,50s,sports,tablet,15,489.61,8,0.31522016191569846,0
15,392,F,30s,food,mobile,9,70.25,8,0.11275437804380897,0
516,76,F,30s,fashion,tablet,6,246.7,2,0.19867692540747178,0
191,494,M,40s,electronics,mobile,7,313.9,1,0.24184129676325278,0
168,176,M,40s,food,mobile,2,497.04,2,0.050208567573529796,0
521,10,F,30s,book,pc,4,273.58,4,0.07892460563908471,0
621,463,F,30s,book,pc,18,223.97,3,0.4476911866073364,1
137,117,F,20s,sports,mobile,6,461.53,7,0.20129599039613755,0
154,280,M,10s,book,pc,17,255.66,4,0.2630256831446517,0
388,218,M,10s,sports,mobile,21,469.92,7,0.11072203257245479,0
209,175,F,50s,fashion,mobile,17,376.45,3,0.2850832764399185,0
272,234,F,10s,book,tablet,5,88.11,10,0.05647973344382874,0
143,437,F,50s,sports,pc,4,87.9,3,0.053949258211031983,0
611,252,F,40s,book,pc,5,162.4,4,0.25981562810791303,0
889,295,F,50s,sports,tablet,5,38.49,5,0.11983516945437844,0
820,451,F,50s,food,mobile,21,273.56,3,0.30329174313137297,0
69,322,M,10s,sports,pc,21,430.57,6,0.20516828905002854,0
247,6,M,30s,electronics,mobile,22,203.01,3,0.11360629156441891,0
261,21,M,40s,fashion,pc,10,325.92,4,0.010869492609412173,0
788,73,F,20s,food,pc,16,490.83,4,0.08532764218732364,0
79,330,F,50s,fashion,mobile,8,100.9,10,0.10795771821574472,0
658,36,F,50s,food,mobile,21,182.24,6,0.34560353214353207,0
623,387,M,50s,book,pc,15,17.37,1,0.06299092809879737,0
770,233,F,30s,sports,tablet,9,119.79,6,0.1950982947677575,1
605,216,M,20s,book,tablet,14,390.81,8,0.13758482565060448,0
525,470,F,10s,fashion,tablet,7,330.01,6,0.20755684389954193,0
772,497,F,40s,fashion,tablet,13,392.99,2,0.16903897145139107,0
938,206,F,30s,food,tablet,15,215.53,11,0.19645114376666956,0
621,426,M,20s,fashion,mobile,18,369.14,10,0.18179094229745602,0
330,429,M,40s,sports,pc,2,301.78,5,0.26310165647471534,0
189,44,M,10s,fashion,tablet,12,167.57,6,0.3130718011261789,0
95,91,F,40s,book,pc,8,209.14,5,0.14049960658443705,0
617,417,M,50s,sports,mobile,11,272.96,3,0.4380655404518787,0
8,316,F,50s,fashion,pc,4,478.44,3,0.1261803805751798,0
67,470,F,30s,electronics,mobile,20,466.02,7,0.22370315431574508,1
496,93,M,40s,electronics,pc,18,493.31,2,0.1535662914958891,0
191,467,M,50s,book,pc,6,13.12,4,0.2521347097884242,1
366,339,F,30s,food,mobile,6,360.0,3,0.23791440951365755,0
768,454,F,30s,food,pc,18,447.85,7,0.069550719210682,0
521,493,F,30s,fashion,mobile,7,370.95,8,0.1586318547797826,0
990,83,F,10s,sports,pc,5,211.12,4,0.2619012567721529,0
117,333,M,50s,food,pc,2,363.77,4,0.30483168179885545,0
267,282,M,50s,electronics,tablet,21,224.85,4,0.060589387871940494,0
611,470,M,20s,food,pc,0,358.53,7,0.21670992112885526,0
485,21,F,10s,electronics,tablet,5,391.27,4,0.154680416635905,0
509,228,F,50s,food,tablet,22,422.38,4,0.05863559220779808,0
298,376,F,50s,book,mobile,19,365.37,4,0.249176946912341,0
909,130,M,20s,sports,mobile,19,84.21,1,0.31037913119224414,0
164,175,F,40s,fashion,pc,18,468.46,6,0.18476197327760524,0
376,108,F,40s,electronics,mobile,20,110.63,4,0.08787746808490607,0
653,414,M,10s,food,tablet,12,182.0,5,0.14298337349978688,1
268,283,M,30s,fashion,pc,16,217.41,4,0.2292363020451875,0
549,71,F,20s,electronics,mobile,21,357.64,5,0.12528705378046834,0
74,404,M,20s,electronics,mobile,17,352.11,5,0.2783952620051818,0
508,50,F,50s,book,mobile,19,481.05,6,0.07276667966052688,0
73,95,M,50s,food,tablet,5,98.31,6,0.09782329528252472,0
308,279,F,20s,fashion,mobile,10,228.11,3,0.10275698577656937,1
199,397,M,30s,food,pc,5,105.85,6,0.011345629152339477,0
130,337,M,40s,food,pc,6,337.92,11,0.2567889209117251,0
758,132,M,10s,sports,pc,0,110.45,5,0.21898710065064597,0
824,398,M,40s,electronics,tablet,21,434.61,4,0.1404585564107529,0
572,276,F,10s,electronics,mobile,23,491.46,8,0.2821565732793289,0
791,380,F,30s,sports,pc,7,161.84,2,0.36090824229696655,0
615,13,M,20s,sports,mobile,13,370.98,10,0.09336573710273229,0
808,3,F,30s,food,mobile,21,268.74,5,0.10826465060115892,0
832,474,M,20s,electronics,pc,19,182.84,7,0.1520899225556843,0
487,474,M,50s,fashion,tablet,0,99.66,6,0.38720148560224815,0
853,466,F,10s,book,pc,4,361.01,6,0.19854265869464827,0
151,224,F,50s,sports,pc,4,83.58,8,0.16397496267757236,0
669,462,F,20s,fashion,tablet,13,143.92,3,0.2192396946324066,0
206,175,F,10s,fashion,mobile,6,460.21,4,0.168162641389302,0
986,387,F,10s,food,mobile,16,256.64,4,0.4057418320623042,0
179,385,F,50s,sports,tablet,10,427.77,4,0.06744966339120999,0
197,90,F,10s,fashion,pc,21,384.93,1,0.3164113966123487,0
735,408,M,20s,book,tablet,6,191.24,6,0.24106679415108936,0
89,241,F,20s,fashion,pc,0,112.92,4,0.5201297800808085,0
799,35,M,50s,book,tablet,14,54.46,5,0.0974238884269768,0
434,14,F,30s,book,mobile,18,480.51,6,0.18545147518836502,0
788,195,F,20s,book,tablet,9,165.73,6,0.35224110971043654,0
748,397,M,20s,sports,tablet,8,338.19,5,0.31494268207089315,0
183,431,M,10s,book,pc,12,366.5,4,0.12382688639942471,0
209,306,M,10s,sports,pc,23,102.85,6,0.11081876676184393,0
493,334,M,20s,fashion,pc,12,348.43,5,0.05236323636681099,0
130,213,F,50s,book,tablet,5,9.61,3,0.27967675468895764,0
665,410,F,30s,electronics,tablet,7,212.01,7,0.14524725558497042,0
13,3,M,10s,fashion,pc,11,178.45,7,0.21412312006914536,0
634,179,M,10s,electronics,mobile,1,466.74,5,0.03733369686431462,0
871,40,F,30s,electronics,pc,15,493.08,6,0.015948171227264548,0
732,452,F,10s,food,tablet,11,147.53,9,0.1790386910746718,0
106,164,M,50s,sports,tablet,22,306.95,4,0.17692119657169803,0
375,307,F,10s,food,pc,17,373.88,5,0.23374772689559767,0
582,235,F,10s,sports,pc,2,99.6,5,0.28589713116709875,1
707,257,M,20s,food,tablet,17,344.87,4,0.29497663922416867,0
698,360,M,50s,fashion,tablet,10,132.56,6,0.2312002085239746,0
99,495,M,50s,electronics,mobile,4,88.59,4,0.3367046665709913,1
594,417,M,20s,fashion,pc,12,426.08,2,0.32114631218404655,0
587,391,F,40s,sports,pc,9,253.73,4,0.29004723963536655,0
886,373,M,30s,electronics,mobile,20,152.0,2,0.08930819725521706,1
852,116,F,50s,electronics,tablet,21,205.32,10,0.06181341096228203,0
192,52,F,40s,sports,tablet,14,209.52,6,0.07052827987503853,0
325,376,F,30s,fashion,mobile,5,386.17,9,0.36488289082363917,1
979,395,F,50s,electronics,pc,15,443.95,2,0.011556231362053934,0
726,411,M,10s,fashion,tablet,22,240.45,8,0.08581598942242741,0
827,142,F,50s,fashion,mobile,7,164.83,6,0.05778287708409446,0
956,86,M,30s,fashion,mobile,19,365.0,8,0.11108647856668162,0
467,464,F,40s,electronics,mobile,2,453.13,8,0.29693878877952856,1
894,46,M,10s,book,tablet,4,61.47,3,0.0805033749755855,1
367,332,F,30s,food,tablet,14,399.42,3,0.009857831914717162,0
318,497,F,30s,sports,mobile,2,280.8,4,0.22044899173285648,0
144,238,M,50s,fashion,mobile,14,434.46,7,0.2437917863791519,1
384,10,M,20s,electronics,tablet,1,259.48,6,0.08093448681448046,1
216,152,M,20s,sports,tablet,11,431.98,5,0.11407229926685944,0
361,61,M,10s,book,tablet,4,279.47,3,0.17476747048531557,0
324,494,F,30s,book,tablet,8,76.72,4,0.2329175177886233,1
15,18,F,40s,electronics,tablet,21,7.45,5,0.04537373149202813,0
217,86,F,10s,fashion,mobile,3,311.91,6,0.2536605422063793,1
492,137,F,10s,book,tablet,22,298.1,9,0.10038026612933552,0
951,401,F,50s,book,tablet,20,109.06,4,0.37053951850252714,1
547,230,M,40s,book,mobile,6,426.06,5,0.19427373852778237,0
183,128,M,30s,electronics,mobile,15,434.54,4,0.1440254076361507,0
270,104,F,30s,sports,pc,12,403.07,5,0.16968141649974283,0
945,186,M,30s,food,tablet,1,468.61,1,0.30318333953926385,0
467,397,F,10s,electronics,pc,1,255.8,5,0.13741426515954605,0
870,178,F,50s,fashion,pc,8,352.64,5,0.0974520371665576,0
612,357,M,10s,electronics,mobile,14,452.71,4,0.17402766433142178,1
519,6,F,20s,electronics,mobile,3,230.84,7,0.3555679212443157,1
542,341,M,20s,food,pc,16,311.12,5,0.197329163388485,0
467,307,F,30s,food,pc,8,258.83,2,0.1563773405794032,0
305,36,M,50s,food,pc,14,491.71,5,0.37232604829563604,0
985,327,F,30s,sports,pc,0,221.63,6,0.4018812229125902,0
144,356,F,30s,electronics,tablet,1,161.93,4,0.08107489128187896,0
111,281,M,10s,fashion,pc,8,316.67,2,0.10913922421585867,0
232,395,F,30s,food,mobile,10,143.94,6,0.35628545881110485,0
691,300,F,30s,food,pc,18,429.5,12,0.043215430109200904,0
584,14,M,50s,electronics,pc,0,446.66,3,0.36779165857186624,0
722,237,M,50s,fashion,mobile,18,175.81,8,0.0505162948493791,1
732,285,M,50s,food,pc,8,182.39,8,0.062385476054317476,1
592,330,F,30s,electronics,mobile,1,47.88,6,0.06368311981421763,0
500,50,M,50s,book,tablet,4,131.67,7,0.2208541950984172,0
595,496,M,50s,sports,tablet,16,38.61,7,0.28656151812720543,1
554,261,M,40s,electronics,mobile,0,379.83,7,0.16679092580074448,0
273,456,F,40s,food,tablet,13,94.26,1,0.06455498035986422,0
703,110,M,20s,fashion,tablet,11,44.07,3,0.27617436098877923,1
173,197,F,10s,book,tablet,22,86.34,6,0.35908991442880617,0
973,378,F,10s,fashion,mobile,9,191.78,6,0.20885099785347364,1
7,252,M,50s,fashion,pc,18,214.13,2,0.18137848074078897,0
155,88,F,20s,fashion,tablet,14,449.8,6,0.24510790985168393,0
522,488,F,20s,electronics,pc,0,143.41,2,0.12587931144153963,0
546,313,F,40s,electronics,pc,0,360.27,3,0.37601454263077944,0
548,26,F,20s,sports,tablet,10,447.98,5,0.42179406862411917,1
921,262,F,30s,book,tablet,10,429.07,8,0.12854314230124989,0
518,144,M,50s,fashion,pc,4,103.49,2,0.17819604112305015,0
920,60,M,30s,food,tablet,2,143.46,2,0.3074676802302888,0
914,356,M,10s,fashion,mobile,10,31.95,4,0.060424395062342595,0
215,268,F,40s,book,mobile,3,244.23,7,0.0598686840829995,1
134,75,M,30s,fashion,tablet,5,205.61,5,0.17700983084578198,0
285,3,F,50s,electronics,pc,17,274.93,6,0.4659004195680475,1
126,63,F,30s,electronics,tablet,6,231.65,7,0.12881200147403757,1
921,236,F,30s,book,mobile,20,369.22,5,0.1487711436102266,0
439,448,F,20s,sports,pc,23,336.57,4,0.17470218030404688,0
849,446,M,40s,fashion,tablet,3,217.16,7,0.3812160552568229,0
686,229,F,10s,book,mobile,13,23.73,5,0.21416569819389697,0
152,390,M,50s,food,pc,7,175.18,6,0.20375488651722212,0
331,275,M,50s,food,mobile,19,165.47,2,0.186715230121141,0
538,18,F,10s,sports,tablet,10,49.23,3,0.2875022080122617,1
383,80,M,50s,electronics,tablet,13,155.6,2,0.173093712018539,1
115,215,M,20s,book,mobile,20,493.75,4,0.03282079786596628,0
894,171,M,30s,fashion,mobile,2,411.52,4,0.254604573425537,0
482,485,F,20s,book,mobile,10,401.81,5,0.23040987948177571,1
284,329,F,20s,sports,mobile,3,422.44,4,0.06751172952084891,0
899,255,F,20s,book,mobile,8,433.2,2,0.08630856788732397,0
75,387,M,10s,sports,pc,4,166.05,4,0.1568762537914322,0
166,126,M,40s,sports,tablet,12,164.52,2,0.09794622892760693,0
189,255,F,10s,sports,pc,19,171.54,1,0.14231816859325538,0
78,72,F,10s,book,mobile,3,410.18,10,0.19586675679023388,1
947,38,M,20s,food,pc,6,399.67,4,0.2014825435317234,0
602,324,F,40s,fashion,tablet,1,13.37,5,0.24144767543787732,0
688,204,F,10s,sports,mobile,19,474.84,7,0.11935352257512023,0
21,172,M,40s,electronics,mobile,18,146.36,5,0.04996803392329877,0
566,223,M,20s,sports,tablet,6,314.94,6,0.04855621280342261,0
184,217,F,10s,book,pc,19,321.76,3,0.27464895695826946,0
871,245,F,40s,sports,tablet,23,61.13,8,0.3318119778258635,0
222,336,F,50s,electronics,tablet,20,349.4,6,0.1761745030488902,1
827,191,F,10s,food,pc,8,269.12,11,0.18070245684112668,0
328,298,M,10s,book,pc,18,307.4,3,0.17687392685843742,1
179,320,F,10s,book,mobile,19,226.23,1,0.28184353599279094,0
788,182,F,40s,book,mobile,1,403.16,4,0.2501191251564356,0
112,334,M,30s,electronics,mobile,20,319.4,4,0.31701526402666735,1
736,383,M,10s,book,tablet,15,100.5,4,0.16725674210442623,0
726,205,M,50s,food,pc,5,377.6,6,0.4007097892675075,0
59,361,M,50s,fashion,pc,18,253.77,6,0.1439793119853366,0
327,199,M,20s,fashion,mobile,17,23.45,7,0.2589273762079269,0
905,332,M,30s,sports,tablet,16,200.45,5,0.2807689033538002,0
621,165,M,30s,fashion,tablet,10,203.85,3,0.411564626792081,0
897,242,F,40s,electronics,pc,22,401.71,9,0.27336355523750155,0
669,388,F,20s,fashion,pc,3,120.81,6,0.10051233146258624,0
191,130,M,40s,electronics,pc,23,229.0,5,0.5602043427284314,1
200,227,F,20s,electronics,pc,7,31.93,6,0.1087586459548149,0
312,122,F,30s,sports,tablet,23,441.31,3,0.12195310021343433,1
708,44,M,40s,fashion,mobile,17,224.69,0,0.255218480293499,0
35,451,M,20s,sports,pc,12,429.01,5,0.22591507513387965,0
379,196,M,30s,book,pc,20,340.23,6,0.11451948249325088,0
387,358,M,30s,food,pc,7,163.33,4,0.26717033932535317,0
758,204,M,10s,fashion,tablet,9,357.79,5,0.15056033521326756,0
237,467,F,40s,book,mobile,17,237.08,6,0.1930726804509918,0
616,458,F,10s,book,tablet,17,173.91,4,0.21780959069232686,0
519,318,M,30s,sports,mobile,16,335.62,5,0.22957688523892128,0
283,257,M,40s,sports,tablet,15,388.3,5,0.20681696287863477,0
1,17,F,40s,food,pc,5,345.86,3,0.1270738320162151,1
731,272,F,50s,food,pc,13,234.12,1,0.28516319675680496,0
464,9,F,20s,food,mobile,4,133.36,0,0.39030280983225135,0
230,249,M,50s,food,tablet,14,406.15,9,0.10384477579631327,1
967,437,M,50s,sports,mobile,12,176.59,11,0.3678744029848955,0
172,201,F,30s,electronics,tablet,15,308.41,5,0.02037592356297871,0
87,59,M,20s,sports,pc,15,62.1,6,0.11452879691010064,0
553,375,F,50s,electronics,mobile,16,371.44,5,0.24527276273310467,0
123,393,M,50s,sports,mobile,23,476.69,5,0.1387538834552489,0
843,140,M,40s,sports,pc,23,227.4,4,0.32312879388209137,0
298,119,F,30s,food,pc,4,276.44,6,0.3667082077233658,1
885,41,F,50s,electronics,pc,10,450.25,13,0.05033403371571064,1
929,399,M,20s,book,pc,14,398.67,12,0.14408336896882734,0
690,322,F,10s,book,pc,2,481.33,4,0.32674873479946603,0
575,331,M,10s,book,pc,7,136.7,5,0.29576445183375205,0
484,267,F,30s,food,tablet,2,237.65,5,0.18276360677943332,0
165,8,F,10s,book,tablet,3,230.54,6,0.202892531037509,0
699,183,M,40s,sports,mobile,13,239.19,6,0.07122786267157737,0
383,480,M,40s,food,tablet,22,457.0,5,0.1921784132267466,0
209,134,M,20s,book,mobile,22,106.73,4,0.13141285535195796,1
739,181,F,30s,food,tablet,19,447.97,6,0.16363431733478737,1
432,404,F,30s,sports,tablet,5,287.71,4,0.12395418733512505,0
389,423,M,10s,food,pc,23,270.74,7,0.12898341312076614,0
560,355,F,50s,book,tablet,22,211.17,3,0.14315653652811305,0
224,72,M,50s,food,tablet,3,272.12,5,0.22745007294785155,1
3,498,M,50s,fashion,tablet,11,402.63,5,0.12603820868694401,0
372,113,M,20s,book,pc,1,248.66,3,0.2504877566584276,0
687,107,M,30s,sports,pc,17,389.13,4,0.16875225081110357,0
446,290,M,10s,electronics,tablet,13,211.24,0,0.1959587779379952,0
611,313,F,20s,food,mobile,7,95.53,9,0.2657153330811813,0
116,117,F,40s,food,tablet,7,210.26,3,0.3197545036930874,0
270,120,M,40s,book,pc,11,363.06,4,0.2298389155034363,0
447,147,F,40s,book,pc,0,426.62,2,0.4331992963614408,1
368,327,M,30s,fashion,mobile,0,386.95,2,0.26879241986934715,0
253,415,F,40s,sports,pc,3,190.35,2,0.42355649658504346,0
317,210,F,50s,food,pc,16,291.68,8,0.3496005686024549,0
415,296,M,40s,food,tablet,9,183.42,4,0.24464394160600345,0
95,398,F,20s,electronics,mobile,0,353.73,2,0.06714388646750691,1
785,103,M,40s,food,pc,10,221.04,7,0.31543337638117497,0
892,124,F,50s,food,pc,20,383.59,4,0.15549548905285618,1
24,245,M,40s,fashion,tablet,16,11.33,6,0.40259696409858614,1
628,379,M,10s,electronics,tablet,9,173.38,4,0.002682116632629522,0
663,356,M,50s,food,tablet,5,439.72,6,0.14908205190494592,0
850,209,M,30s,food,tablet,3,165.15,6,0.17634857938695445,0
50,421,M,40s,sports,mobile,12,200.41,6,0.13943288110362426,0
502,428,M,20s,food,tablet,10,396.41,9,0.17648604414629215,0
718,393,F,40s,fashion,mobile,4,51.83,3,0.3549603426226261,0
498,314,M,20s,food,pc,13,159.39,6,0.3493387475704185,0
335,404,F,10s,food,pc,1,388.36,5,0.10380334559894543,0
79,109,M,30s,book,tablet,2,478.72,2,0.22635746465611908,0
582,377,F,50s,food,tablet,2,392.5,9,0.44812387563067896,0
27,348,M,50s,electronics,tablet,10,90.34,6,0.17546488443202493,0
271,50,M,30s,book,pc,8,418.33,4,0.048071138672895725,0
562,404,F,10s,electronics,pc,18,240.51,4,0.013413292151072696,0
804,105,M,10s,electronics,pc,9,392.59,5,0.2580141311585936,0
247,420,M,40s,fashion,mobile,20,123.48,2,0.0825032988599619,1
776,373,M,10s,food,pc,5,173.86,7,0.35932390376914985,0
591,27,M,40s,electronics,tablet,21,451.31,5,0.2767014595482371,0
387,456,F,20s,food,mobile,5,455.85,9,0.04376407290257458,0
702,288,M,30s,food,mobile,0,146.16,4,0.3229203286718405,0
559,257,F,20s,fashion,mobile,21,46.36,6,0.34034952690990666,1
973,273,M,20s,fashion,pc,0,464.86,6,0.23156456052806443,0
361,137,M,20s,electronics,pc,21,153.7,2,0.16862050695427258,0
866,340,M,20s,electronics,pc,21,64.46,7,0.15541383618673008,1
984,301,M,50s,book,pc,18,177.32,5,0.47571653817593756,0
488,480,F,10s,food,tablet,2,144.59,1,0.5696277726077934,0
352,322,M,30s,food,mobile,5,44.88,4,0.18945497628334043,1
701,32,M,30s,fashion,mobile,1,491.95,6,0.11860235119586929,0
928,45,M,20s,fashion,mobile,14,150.42,7,0.07982136838170971,0
256,265,F,30s,electronics,mobile,11,139.83,5,0.267765143217353,0
222,30,F,40s,book,mobile,20,212.87,6,0.16309024193692018,0
884,84,F,30s,book,tablet,9,210.34,7,0.2554785006402765,0
753,166,F,20s,fashion,tablet,18,219.74,6,0.08607063857981115,0
781,316,M,30s,fashion,mobile,20,453.78,5,0.38464842273859934,1
1,1,M,10s,book,mobile,12,34.82,5,0.32708524169157877,1
546,249,F,20s,book,pc,2,471.11,5,0.32936938519828457,0
446,261,M,50s,electronics,mobile,17,334.63,4,0.2834609695614575,0
79,63,M,10s,book,tablet,19,350.27,5,0.24750762487636724,0
236,483,F,30s,food,pc,4,83.14,4,0.07181436002208617,0
334,164,M,50s,book,tablet,21,167.92,5,0.14537534386657525,0
889,321,F,10s,sports,pc,12,30.85,8,0.06356804687444244,0
349,334,F,40s,book,pc,13,328.27,4,0.33499671636743583,0
98,201,F,10s,fashion,mobile,14,173.23,4,0.22990887175916438,0
82,222,F,50s,fashion,tablet,17,277.87,4,0.04183021497230486,0
502,152,F,40s,sports,tablet,13,377.6,4,0.1665161090007424,0
967,132,F,30s,food,mobile,18,279.0,9,0.0465482534036075,0
477,114,M,20s,book,pc,2,40.39,4,0.3611706133221165,1
927,462,M,30s,book,pc,21,35.51,9,0.08070355730399538,0
704,217,M,20s,sports,tablet,0,434.24,4,0.10165451201907033,0
765,196,F,20s,electronics,mobile,22,134.76,7,0.19679038569741444,0
921,281,F,50s,electronics,mobile,23,184.29,3,0.10682118197666385,0
550,202,F,40s,food,tablet,6,113.11,3,0.18607877542778498,0
14,483,M,40s,book,pc,19,350.95,6,0.196810807180194,0
392,135,M,10s,book,pc,6,196.12,5,0.5862606709371357,1
347,234,F,30s,book,mobile,16,230.88,6,0.16264110679007981,0
310,141,F,50s,fashion,pc,14,338.86,4,0.2415869385175493,0
386,196,F,30s,electronics,pc,12,313.42,4,0.14698387292053544,0
209,498,F,10s,sports,pc,23,388.3,3,0.49152688772003844,0
357,43,F,10s,fashion,tablet,14,375.67,5,0.3061409975250924,0
974,57,M,50s,fashion,mobile,2,222.75,4,0.1976757766016341,1
601,420,F,10s,electronics,tablet,16,99.97,8,0.1550550451094358,0
568,142,F,50s,book,tablet,15,115.49,5,0.1507248218293337,0
94,210,F,10s,food,pc,21,354.84,7,0.09103597840644144,0
93,72,F,40s,sports,mobile,0,134.34,8,0.496420169143539,0
340,224,M,50s,electronics,pc,23,223.02,2,0.1344279343182902,0
597,27,F,40s,food,mobile,13,58.41,7,0.3543014117466248,1
445,128,F,40s,electronics,pc,2,65.52,9,0.5376545861171996,1
757,106,F,50s,electronics,mobile,19,128.72,4,0.15726361552623427,0
22,165,M,30s,electronics,mobile,21,46.99,4,0.09572854527670431,1
291,215,F,20s,electronics,pc,3,140.91,1,0.43137135826161094,0
485,71,M,10s,book,pc,23,286.26,6,0.21900269189191207,0
784,204,F,10s,fashion,tablet,8,373.66,4,0.2261118905204061,0
306,153,F,30s,electronics,tablet,20,21.19,5,0.047811970466959654,0
634,67,F,20s,food,mobile,0,302.31,5,0.25828966562978894,1
128,90,F,30s,food,pc,23,184.78,5,0.10159286414347808,0
625,260,F,20s,food,pc,13,117.19,7,0.18960628750338288,0
939,362,F,50s,fashion,tablet,12,20.77,2,0.047918256739234916,0
273,228,F,50s,fashion,pc,14,166.34,4,0.12819448257827704,0
848,79,F,40s,food,mobile,17,395.89,4,0.2961575285690248,1
442,96,F,40s,book,mobile,15,267.36,5,0.2376739349134473,0
503,349,M,50s,fashion,mobile,5,388.94,5,0.08334420119676571,0
130,330,M,40s,fashion,tablet,21,209.12,4,0.12492380624834253,0
132,469,M,50s,book,mobile,15,422.41,3,0.11472158420381515,0
597,382,M,30s,electronics,tablet,10,79.43,4,0.28096798599365436,0
935,246,F,10s,fashion,tablet,6,410.92,5,0.2775523370013969,0
482,272,F,50s,food,mobile,8,240.62,6,0.15702784401892528,0
862,495,M,50s,food,tablet,0,374.27,6,0.09714365243907858,0
390,403,M,50s,book,tablet,9,124.01,6,0.29784715183205673,1
593,157,M,40s,food,mobile,7,245.65,4,0.17409259420877304,0
999,116,M,40s,sports,mobile,10,367.73,2,0.035263446513631454,1
985,435,F,40s,food,tablet,4,244.46,4,0.137894869462598,0
325,18,M,40s,book,tablet,5,231.76,3,0.4787290801104639,0
69,442,F,30s,book,pc,23,406.28,8,0.29855787033850356,0
660,172,F,50s,book,mobile,23,85.36,6,0.23371793969039634,1
448,16,F,30s,sports,pc,11,240.18,4,0.09367897793175141,1
528,449,M,40s,fashion,tablet,10,412.08,4,0.12441114600441998,0
819,240,M,30s,electronics,pc,6,423.4,9,0.3260465479340679,0
617,386,F,50s,food,tablet,6,63.55,4,0.10974285113895035,0
165,56,M,50s,fashion,pc,11,425.83,3,0.4676605513105455,0
488,79,M,40s,book,tablet,11,11.02,4,0.10922736120465291,0
713,103,F,50s,fashion,tablet,0,428.5,3,0.46481458212620286,0
709,284,F,30s,fashion,tablet,23,136.06,8,0.12579876826978958,0
426,193,M,20s,sports,mobile,18,291.19,4,0.1203096688392264,0
697,5,F,50s,book,tablet,20,9.77,6,0.17495239041970004,0
834,106,M,30s,book,mobile,3,367.09,2,0.23533737473217597,0
265,278,M,30s,food,tablet,18,218.62,7,0.4716792572110808,1
875,373,F,30s,food,pc,20,423.67,2,0.4608121121132674,0
612,100,F,50s,food,tablet,18,279.98,4,0.2183863420869841,0
342,238,M,20s,food,tablet,10,418.16,9,0.23388423161412247,0
832,269,F,40s,fashion,pc,8,307.77,5,0.3567660480000224,0
726,321,M,40s,fashion,tablet,12,374.21,1,0.039061140428941765,0
278,400,F,50s,food,tablet,21,375.25,4,0.0714411373005047,0
674,489,M,50s,food,tablet,18,127.1,4,0.3170469921354854,0
439,86,F,10s,food,pc,4,290.74,5,0.1262760898857927,0
157,320,M,20s,electronics,tablet,10,437.56,9,0.15330524461159506,0
422,32,M,30s,food,mobile,23,440.04,8,0.0474885017066104,1
251,336,F,30s,electronics,mobile,2,195.43,2,0.09885680630192777,0
878,51,M,40s,food,mobile,4,165.82,3,0.159445956675027,0
609,79,M,50s,book,mobile,12,328.71,3,0.08262283539987018,0
530,186,M,20s,sports,pc,13,390.35,4,0.054524047050579706,0
327,174,M,40s,fashion,tablet,12,22.56,5,0.045140629952655574,0
961,436,M,20s,book,mobile,1,51.25,4,0.07203127552453385,1
895,106,F,50s,sports,tablet,1,390.47,6,0.05581336468755053,0
97,63,M,30s,electronics,tablet,17,221.22,3,0.18147857675017792,0
513,76,M,10s,fashion,pc,5,335.49,7,0.12610121384459386,0
216,316,M,20s,electronics,tablet,18,411.08,3,0.10661771662154541,1
132,321,F,30s,electronics,mobile,9,379.62,3,0.09993864756438522,0
260,373,F,20s,fashion,mobile,20,405.81,4,0.24654263246840846,0
125,81,M,20s,sports,pc,7,259.37,5,0.0320197842045615,0
82,361,M,20s,fashion,mobile,4,83.1,3,0.2225674618666429,1
283,128,F,50s,food,mobile,1,239.39,8,0.22971274280031803,0
683,183,F,40s,electronics,pc,5,481.83,1,0.0738982063058926,0
59,243,M,20s,food,pc,17,156.2,5,0.10819011270824602,0
544,185,F,50s,fashion,mobile,7,212.54,7,0.2902012894453491,0
161,498,M,10s,fashion,pc,1,383.89,6,0.03329559903947857,0
284,220,M,40s,sports,pc,22,42.61,3,0.07356802883232898,0
106,71,M,50s,electronics,mobile,19,379.74,1,0.0889465056062875,0
105,457,F,10s,book,mobile,3,140.74,4,0.31118090138674914,1
439,342,M,40s,fashion,pc,14,137.33,6,0.10047434706936675,0
228,154,M,50s,book,tablet,23,293.3,3,0.30103154449933744,0
700,245,F,10s,electronics,tablet,19,131.37,6,0.39905520739723727,1
582,140,M,50s,food,mobile,23,322.37,3,0.07671047327885087,0
318,71,M,10s,electronics,mobile,8,454.88,2,0.22545182878494222,0
464,46,M,20s,sports,tablet,23,205.29,6,0.1590722613221196,0
802,47,F,20s,book,pc,19,472.06,5,0.3645882707992889,1
599,79,F,40s,book,tablet,20,471.42,4,0.22326574948206596,0
882,422,M,10s,food,tablet,5,107.75,1,0.1795652924769565,0
874,149,F,20s,food,mobile,8,218.73,7,0.045855093664373944,1
472,398,M,40s,fashion,pc,12,495.11,5,0.18311989258249803,0
56,130,M,30s,electronics,tablet,4,68.6,5,0.1567440949286006,0
625,456,F,20s,sports,pc,13,240.3,7,0.06711801286951989,0
13,127,F,20s,fashion,mobile,13,218.78,5,0.12554886260413095,0
440,365,M,50s,electronics,tablet,17,405.95,8,0.3760085450329648,1
18,119,F,30s,food,mobile,6,85.23,7,0.19751948089830682,0
694,454,F,10s,sports,tablet,5,114.65,10,0.22937029564020195,1
973,485,F,40s,food,pc,11,91.9,8,0.1635385514236033,0
113,357,M,30s,food,mobile,13,87.48,5,0.07115977564756355,0
229,417,M,10s,book,pc,18,132.6,10,0.07802041464710051,0
171,489,F,20s,electronics,tablet,15,266.47,7,0.11920458238874702,0
295,262,M,40s,fashion,mobile,23,354.91,6,0.061589183888623694,0
189,244,M,40s,book,pc,18,193.25,5,0.3323678235168041,0
426,474,F,30s,electronics,pc,9,225.88,4,0.1580243495359858,0
977,382,M,50s,electronics,tablet,10,397.23,10,0.09236425106929796,0
79,103,F,10s,electronics,mobile,3,264.98,8,0.18890144006027915,1
658,489,M,30s,sports,pc,19,296.94,5,0.37296501554627026,0
919,37,M,50s,book,mobile,1,261.4,2,0.037839316018922535,0
182,142,F,50s,fashion,mobile,8,395.91,5,0.06262966411116073,0
499,37,M,50s,book,mobile,9,95.82,4,0.19988185307802198,0
798,8,F,40s,food,mobile,7,490.72,3,0.10020035330083718,0
762,231,M,10s,electronics,tablet,3,440.32,0,0.18218603184382232,0
866,333,M,10s,food,pc,12,203.13,3,0.2960687499742534,0
826,397,M,30s,book,mobile,5,210.47,5,0.09844897266711643,0
708,296,F,20s,fashion,pc,5,425.25,4,0.1403132732353273,0
835,107,M,30s,food,pc,1,225.55,5,0.27047137978349983,1
71,348,M,10s,food,pc,8,256.54,8,0.17928539438086447,0
248,442,F,40s,sports,tablet,5,374.26,4,0.13227362955215227,0
146,18,F,30s,book,mobile,4,197.05,4,0.14475008128125869,0
618,313,M,20s,food,mobile,1,229.74,3,0.2361351354837258,0
775,83,F,30s,book,pc,13,23.37,4,0.19856900465436902,0
296,422,F,50s,fashion,pc,9,70.92,6,0.2844862722614359,0
582,288,F,20s,food,tablet,14,232.04,4,0.39419043475973264,0
470,470,F,50s,fashion,tablet,16,27.6,9,0.2243341115103712,1
506,194,M,40s,food,pc,6,156.97,6,0.05920196740942442,0
193,461,F,10s,electronics,mobile,19,221.44,2,0.33129167554709854,0
68,215,M,30s,sports,tablet,10,55.3,7,0.11796515440450074,1
494,281,M,30s,sports,mobile,12,37.34,3,0.11853502982360137,1
817,220,M,50s,sports,tablet,22,13.06,4,0.2369104018076366,1
52,442,F,50s,fashion,mobile,20,245.23,7,0.46022842434936173,0
882,459,F,10s,book,pc,16,77.68,2,0.11156538347266773,0
363,289,M,30s,sports,tablet,4,345.86,11,0.10971328488186856,1
797,344,M,10s,food,pc,11,249.01,5,0.4663775652901132,0
917,194,F,50s,food,tablet,3,14.37,5,0.10369873548821036,0
474,158,F,50s,electronics,pc,0,34.22,9,0.03935835183610389,0
846,465,M,20s,fashion,tablet,9,459.3,7,0.11772928400138229,0
521,104,F,50s,food,tablet,1,66.55,3,0.036402488544387254,0
763,34,F,50s,food,tablet,12,379.88,4,0.16802015610954524,0
431,102,M,10s,electronics,mobile,12,126.9,5,0.2718890399139005,0
844,127,F,20s,electronics,mobile,11,164.18,5,0.09050575313863722,0
298,214,F,20s,book,tablet,0,17.27,5,0.13791346013209255,0
435,325,M,30s,book,pc,9,280.29,2,0.17428728933994342,1
696,432,F,40s,book,pc,19,236.19,3,0.0741124643295297,0
691,296,M,30s,food,tablet,23,373.75,1,0.1189834243770838,0
198,179,F,30s,electronics,mobile,4,453.32,5,0.13367942811600522,0
128,80,M,30s,fashion,mobile,9,276.12,5,0.36010704715919306,0
532,141,F,20s,book,mobile,6,476.37,5,0.002774346252778963,0
984,474,M,10s,sports,mobile,14,78.33,4,0.1857510715393679,1
411,31,F,50s,food,pc,17,175.6,8,0.1054948663682056,0
934,372,F,20s,fashion,tablet,19,415.77,5,0.08019730765691542,0
840,423,F,50s,food,tablet,3,278.89,4,0.24831607471150238,0
65,63,M,50s,book,tablet,0,275.75,3,0.25735458285750223,0
694,48,F,40s,food,pc,7,232.89,7,0.20899257282974482,0
241,87,M,30s,book,mobile,10,14.24,3,0.23918840574913244,0
369,304,F,40s,food,mobile,2,44.77,7,0.1946083842724906,0
536,61,F,30s,book,pc,11,49.31,8,0.33971326912747407,0
384,396,F,20s,electronics,pc,12,98.78,2,0.21702863661637753,0
431,334,F,50s,electronics,tablet,19,51.67,7,0.07062426432797587,0
967,440,F,40s,electronics,tablet,17,57.77,4,0.3683722704813827,0
83,274,F,20s,electronics,pc,11,320.26,1,0.14588836360428967,0
982,411,M,20s,electronics,pc,9,63.58,9,0.2691268950222934,0
831,284,M,30s,sports,pc,20,235.19,7,0.37356724727916435,0
697,466,F,50s,food,mobile,20,36.25,6,0.31565484847516,0
951,80,F,30s,electronics,tablet,14,138.36,4,0.17304712459960978,0
828,180,F,30s,sports,pc,2,462.55,2,0.01918872111346638,0
611,272,F,20s,sports,pc,23,20.35,10,0.0860391299695917,0
574,77,F,30s,food,mobile,14,439.1,9,0.45027088895325856,0
286,442,M,10s,food,pc,16,381.01,2,0.28495478862629947,0
989,221,F,50s,book,tablet,15,460.85,9,0.29138700773777926,0
534,393,F,30s,book,mobile,1,394.5,2,0.23971423995680943,0
459,282,M,30s,electronics,pc,0,413.96,4,0.1658801718281652,0
212,28,M,40s,fashion,tablet,21,58.32,5,0.2578094089235648,0
126,361,M,50s,book,tablet,3,418.6,4,0.0685930375143006,0
413,77,F,50s,fashion,mobile,16,241.17,10,0.19735220383981078,0
499,164,F,30s,book,tablet,6,179.03,5,0.14186710413960202,1
425,9,F,10s,sports,mobile,4,81.16,3,0.19242799382278633,0
554,175,F,40s,sports,tablet,22,5.33,3,0.3174557092459405,1
610,462,F,10s,sports,pc,3,323.1,3,0.10311836939299679,0
961,307,M,30s,fashion,mobile,19,364.38,2,0.2828867126017124,0
543,76,F,50s,electronics,tablet,19,197.1,7,0.28019772191963255,0
158,245,F,50s,book,mobile,4,86.3,4,0.07687798011016209,0
112,122,F,10s,book,tablet,7,76.56,4,0.1518069009279576,0
402,185,M,20s,fashion,mobile,19,88.28,4,0.3788454507184822,0
759,32,F,30s,sports,pc,22,32.82,1,0.09261136691369148,1
122,486,F,50s,electronics,mobile,8,183.03,5,0.01718318039417754,0
273,451,F,20s,book,mobile,5,310.0,2,0.17176625568707213,1
294,250,F,50s,electronics,pc,3,226.32,5,0.22367689097462518,0
398,57,M,50s,electronics,tablet,4,67.11,7,0.02618825337593908,0
471,310,M,20s,food,pc,7,408.99,3,0.1579103939999352,0
985,372,M,10s,electronics,mobile,19,147.09,6,0.07948704982091696,1
207,144,F,30s,food,pc,12,303.33,6,0.10088644362610598,0
110,318,M,20s,fashion,pc,3,126.61,2,0.23392994526767075,0
440,84,M,20s,sports,mobile,6,299.52,6,0.39344112262433323,0
278,480,F,50s,food,mobile,21,69.18,1,0.24894295664484598,1
963,56,F,20s,electronics,pc,0,329.47,2,0.2184851543544066,0
568,279,M,30s,sports,mobile,8,288.72,5,0.104052647978526,0
887,273,M,10s,electronics,tablet,4,262.05,4,0.2006490056492007,0
915,464,M,10s,electronics,tablet,9,112.46,2,0.18411967224801645,0
569,166,M,10s,food,tablet,10,266.93,4,0.19841304626545064,0
940,456,F,30s,fashion,tablet,17,449.07,3,0.12996706571576874,1
482,467,F,50s,electronics,pc,4,67.01,5,0.31389946810756814,0
803,158,M,30s,food,pc,23,353.34,8,0.29201939572876906,0
114,249,M,20s,electronics,pc,21,61.29,4,0.12177478012637576,0
893,186,M,40s,sports,mobile,23,172.39,8,0.07743126404229304,0
897,482,F,40s,fashion,pc,20,343.5,10,0.1536610077643642,0
820,78,F,40s,electronics,pc,3,282.31,5,0.19518686559294393,1
853,22,F,10s,fashion,mobile,18,340.74,6,0.28555147982944923,0
477,108,M,30s,fashion,mobile,15,481.86,5,0.05853243437551675,0
710,273,F,30s,sports,mobile,1,484.96,5,0.008917194441041743,0
933,252,M,10s,sports,tablet,14,457.86,4,0.3699207808808846,0
321,15,M,20s,book,pc,8,249.94,4,0.3180871080600834,0
179,370,F,40s,fashion,pc,16,173.82,6,0.15742153637004927,0
897,304,M,40s,electronics,pc,1,143.4,7,0.3265569929549438,1
219,160,F,10s,sports,mobile,21,289.97,4,0.2704366988734814,1
789,205,F,40s,electronics,pc,5,229.52,3,0.09583038625095355,0
949,469,M,50s,fashion,tablet,0,497.29,4,0.06233392174678311,1
528,113,M,30s,sports,pc,7,270.11,6,0.27113753692312154,0
492,168,F,40s,book,pc,10,167.85,2,0.26562290944203454,0
891,353,F,40s,fashion,mobile,19,319.8,10,0.1394209075138759,0
61,253,F,50s,electronics,tablet,22,26.64,7,0.32304182645628277,0
54,441,F,20s,book,pc,14,59.84,4,0.18019211502864102,1
680,186,F,20s,fashion,mobile,8,333.51,4,0.37261341176860474,0
538,347,F,50s,sports,tablet,1,66.05,3,0.20235287801008686,0
848,227,F,20s,fashion,tablet,6,378.93,6,0.24525650347611327,0
988,16,M,10s,food,mobile,16,35.64,3,0.24188644275245494,0
65,156,F,50s,electronics,mobile,2,298.98,6,0.3014579177667032,0
612,354,M,30s,sports,mobile,3,340.85,6,0.24039160999888176,0
586,111,M,30s,sports,mobile,2,390.9,4,0.12445844992705747,0
704,1,F,30s,food,mobile,7,443.42,3,0.41317893209215856,0
171,41,F,40s,book,mobile,10,159.56,4,0.016181636172861825,0
273,48,F,50s,sports,pc,15,360.99,5,0.2659632514632943,0
889,415,F,50s,book,mobile,13,44.96,3,0.24557723125363573,0
699,420,F,20s,book,mobile,22,415.75,2,0.30708472599621484,0
535,108,M,50s,book,tablet,18,445.66,1,0.270373953032411,0
391,161,M,50s,fashion,tablet,22,375.59,6,0.2658728914120722,0
940,161,F,20s,food,tablet,1,144.26,3,0.4235897452925076,1
693,359,F,50s,electronics,mobile,11,35.86,4,0.2997625948582604,1
327,128,F,50s,food,mobile,10,213.69,6,0.13019257675472037,0
108,210,F,10s,sports,pc,15,138.96,5,0.12563386704363136,0
847,151,M,20s,food,pc,10,267.44,7,0.1632687791758936,0
162,444,M,10s,electronics,pc,2,199.96,4,0.04203853116298192,0
814,255,M,40s,fashion,pc,22,72.31,4,0.0860962836928358,0
452,471,F,20s,sports,mobile,9,419.16,5,0.21797785692361113,0
206,463,F,50s,fashion,tablet,4,433.01,2,0.060719851436818385,0
590,218,F,50s,sports,mobile,12,407.51,5,0.23558239098125597,0
16,30,M,10s,electronics,mobile,23,109.13,5,0.11973809534131359,1
327,473,M,10s,fashion,mobile,5,217.1,2,0.26115532268089164,0
608,45,M,40s,electronics,mobile,19,89.88,4,0.5803325807166974,0
659,80,F,40s,electronics,tablet,2,334.28,3,0.13795785884490558,1
2,39,M,50s,food,tablet,21,403.47,3,0.16621028965669468,0
10,240,F,30s,sports,pc,8,292.86,4,0.3600460293704757,0
434,45,M,40s,book,mobile,20,275.32,3,0.3309242660414265,1
125,78,F,50s,book,pc,6,358.91,7,0.1262496447780392,0
81,337,F,40s,fashion,tablet,22,61.21,5,0.07469525096812282,0
485,396,F,20s,electronics,tablet,6,127.59,2,0.267321693454879,1
652,349,F,10s,food,pc,1,160.27,3,0.4826431627693676,1
838,288,M,50s,sports,tablet,7,268.59,5,0.030423687120190866,0
150,440,M,40s,fashion,tablet,17,488.13,4,0.23618040963106257,0
800,280,M,10s,electronics,mobile,0,432.19,3,0.47827394993052047,1
873,116,F,30s,book,mobile,9,127.29,7,0.109589598985526,0
340,269,M,40s,book,tablet,5,120.33,4,0.11952756827702678,0
129,404,F,50s,sports,tablet,17,220.65,2,0.2689065857191892,0
438,335,M,20s,sports,pc,12,487.45,7,0.06680810102091862,0
751,312,M,10s,sports,pc,20,80.46,3,0.3909532590690151,0
501,53,F,10s,fashion,tablet,0,478.69,7,0.15775802623953591,0
58,68,F,20s,sports,mobile,22,99.26,5,0.12647077786638253,0
198,182,F,50s,fashion,mobile,0,443.79,3,0.282454763647129,0
211,34,M,30s,food,pc,11,415.99,3,0.24062965327652044,0
914,284,F,20s,electronics,mobile,7,441.75,6,0.14655362820731171,1
902,306,M,30s,book,mobile,20,446.42,6,0.0807631314150927,0
45,386,M,50s,fashion,pc,4,112.98,5,0.19156831494315926,0
97,249,M,40s,electronics,pc,2,390.46,9,0.1561031581092598,0
279,111,F,40s,sports,mobile,17,342.63,5,0.12937056162420948,0
535,94,M,50s,book,pc,5,440.07,4,0.196076050084652,0
410,410,F,30s,fashion,tablet,3,247.71,8,0.314787226571974,1
461,179,F,20s,sports,pc,14,209.66,6,0.13868761267793855,1
391,47,M,50s,electronics,tablet,3,364.48,4,0.19577866368018565,1
847,282,M,50s,food,tablet,5,138.57,3,0.03428445938989838,0
44,340,M,40s,electronics,tablet,17,410.93,6,0.08268358823927803,0
27,362,M,20s,fashion,pc,17,146.56,4,0.25088482091276354,0
794,92,F,40s,food,pc,9,26.39,1,0.40658501825446336,0
97,376,F,30s,food,pc,12,277.98,4,0.07287252297969829,0
975,212,F,30s,sports,tablet,19,418.81,8,0.10285670187714156,0
548,75,F,10s,electronics,pc,21,346.78,3,0.19262086281169014,0
621,378,F,50s,fashion,mobile,17,494.7,3,0.30124205699722073,0
567,202,F,20s,food,mobile,6,74.66,6,0.35598141004589406,0
704,445,F,20s,sports,pc,7,175.56,7,0.05902862395785884,0
219,407,F,40s,food,tablet,5,193.07,5,0.2854182126093448,0
185,421,F,40s,electronics,pc,1,33.78,4,0.3629382402015186,0
69,297,M,20s,book,mobile,21,26.29,7,0.28491235662397046,0
829,308,M,40s,fashion,tablet,7,19.58,2,0.2056725924209307,0
130,211,F,10s,book,pc,9,207.4,3,0.3037518756879471,0
567,493,F,50s,electronics,pc,16,423.16,11,0.03721851188055058,0
890,338,M,10s,book,tablet,21,356.27,2,0.17909571003897742,1
609,433,M,30s,electronics,tablet,11,226.15,2,0.10699920512110707,0
848,411,M,20s,electronics,mobile,10,135.69,5,0.11667561744393726,0
599,134,F,10s,sports,pc,16,12.71,5,0.0980502199487803,0
806,330,M,10s,book,mobile,15,91.81,6,0.1558917528396114,0
631,66,M,40s,food,mobile,21,196.66,2,0.41091805047125607,0
720,280,M,40s,electronics,tablet,9,188.38,8,0.17860190512712634,0
334,422,M,40s,book,pc,19,133.38,7,0.04170797500010961,0
925,28,M,30s,food,mobile,2,498.58,9,0.1622233932819795,0
154,412,F,10s,fashion,mobile,18,226.45,3,0.1844091339614492,0
547,117,M,50s,food,tablet,3,137.58,5,0.0615233790417629,0
79,493,F,40s,book,pc,18,206.5,6,0.09101901184837947,0
579,370,M,30s,book,pc,8,143.31,4,0.3166187138921923,0
855,487,M,30s,food,mobile,19,179.29,4,0.10277778348374696,0
413,450,M,40s,food,tablet,16,67.31,12,0.15690174728685458,0
546,317,M,20s,electronics,pc,3,5.42,4,0.043281554501871,0
609,430,M,10s,book,pc,16,248.35,5,0.3543751532182604,1
169,325,F,40s,electronics,mobile,2,247.13,7,0.40094600827724186,1
681,114,F,50s,electronics,pc,19,82.7,6,0.35670327944641667,0
663,75,F,10s,fashion,pc,3,417.18,3,0.05563086717629346,0
583,202,F,30s,book,pc,8,99.94,1,0.47475651775532707,1
515,427,F,50s,electronics,pc,5,386.24,7,0.2009849523760013,1
314,59,F,10s,fashion,mobile,18,99.18,9,0.15738820073545412,1
32,386,F,50s,electronics,pc,6,144.23,3,0.1408647643540438,0
287,15,M,30s,electronics,pc,15,138.59,10,0.062052975105585065,1
594,231,F,40s,book,tablet,14,118.65,8,0.1960074387229185,0
43,105,M,50s,food,mobile,15,476.52,7,0.4501632076355199,0
903,165,M,40s,food,pc,13,135.41,3,0.16127824382556827,0
617,199,F,30s,book,tablet,3,245.06,9,0.16371958256272134,0
1,404,M,30s,food,mobile,22,368.91,6,0.19343839520370223,0
573,354,M,50s,sports,pc,1,162.97,7,0.11494077863698518,0
270,35,F,50s,food,tablet,6,10.79,5,0.24412212199020153,0
180,162,M,30s,electronics,mobile,23,382.04,6,0.2147997375077492,0
736,245,F,50s,electronics,pc,6,145.6,8,0.23062466602015047,0
518,470,M,50s,fashion,tablet,5,437.23,4,0.31129635040268766,0
103,287,F,50s,book,mobile,19,248.12,4,0.29786369029343773,0
10,383,M,50s,fashion,tablet,8,314.08,4,0.20777228479267998,0
583,471,F,10s,electronics,tablet,16,475.73,4,0.2097917716123885,0
90,19,M,30s,electronics,pc,20,435.63,2,0.14464562731640115,0
226,452,F,30s,fashion,tablet,10,397.36,5,0.16785154408234293,0
670,280,M,20s,sports,pc,15,267.71,2,0.057361011760646285,0
740,340,M,40s,food,pc,0,88.8,2,0.23624438402476813,0
917,423,F,20s,sports,tablet,15,421.32,4,0.2873287086266578,1
126,348,M,50s,sports,tablet,16,51.5,12,0.2777306928687432,0
956,182,F,50s,sports,tablet,5,444.29,6,0.2614529173952281,0
209,423,M,10s,sports,tablet,21,384.3,7,0.4272634139166305,0
97,401,M,10s,food,mobile,10,402.71,2,0.2687576768181538,0
74,147,F,10s,book,pc,6,191.71,4,0.12343294051501764,0
627,374,M,10s,fashion,tablet,15,47.06,3,0.4985986478532594,0
191,176,F,10s,sports,mobile,21,364.84,2,0.052643120514703386,0
682,163,M,10s,sports,tablet,1,489.14,2,0.3274686970788995,0
819,416,M,10s,fashion,mobile,19,429.91,5,0.5097762614274061,0
960,175,M,10s,fashion,pc,12,421.49,7,0.42362907444793274,1
716,494,M,10s,book,tablet,12,317.99,7,0.12916384619172067,0
56,47,F,30s,electronics,mobile,14,62.55,4,0.2368198379348662,1
720,256,F,10s,book,mobile,14,432.32,8,0.06916183548715887,1
553,448,M,40s,electronics,pc,8,114.91,6,0.3365533288155855,0
32,174,M,10s,food,tablet,17,135.93,4,0.4069323062304737,1
527,103,F,50s,book,tablet,13,379.15,6,0.2241799641619591,0
574,121,M,50s,food,pc,22,359.87,0,0.26506456616861207,0
667,419,F,10s,fashion,pc,13,40.92,5,0.10564276568167934,0
284,350,M,10s,book,pc,3,129.72,7,0.20920206881103637,0
721,145,M,50s,fashion,mobile,13,409.75,2,0.3966778860357961,0
832,42,F,40s,sports,mobile,9,475.04,3,0.07253936980414624,0
494,367,M,20s,fashion,pc,10,136.82,3,0.2560746118621345,1
187,29,F,30s,sports,tablet,21,381.52,3,0.15881428294229485,0
498,454,F,50s,electronics,mobile,0,255.29,8,0.0697174778982293,1
442,380,F,10s,sports,pc,13,193.13,2,0.21604958511555886,0
130,273,F,30s,electronics,mobile,7,449.57,3,0.09975616314179919,0
639,465,F,10s,sports,mobile,5,276.36,7,0.2414886882755086,1
292,14,F,20s,sports,pc,10,347.42,7,0.20091778311901212,1
114,408,M,20s,food,tablet,13,298.26,4,0.2002234620545544,0
199,441,F,50s,food,tablet,6,323.57,7,0.07670361763739127,0
13,306,F,30s,fashion,mobile,21,261.05,5,0.2829948389316929,0
271,313,M,30s,food,tablet,6,269.05,6,0.21024439457484417,0
601,485,F,20s,electronics,tablet,20,426.82,4,0.06003275950550221,1
215,189,M,10s,food,pc,18,154.82,4,0.10839131626370248,0
444,360,F,50s,fashion,pc,21,369.51,5,0.08562772225604857,1
790,295,F,40s,book,pc,9,137.94,9,0.20048317348164885,0
512,183,F,20s,electronics,tablet,21,40.01,4,0.018156541912350308,1
447,352,M,20s,book,tablet,8,452.1,8,0.1808771811759562,1
986,36,M,50s,electronics,pc,17,208.28,4,0.11967100086721495,0
993,370,F,10s,fashion,tablet,16,343.18,1,0.2676378859048353,0
715,37,F,30s,food,pc,12,380.15,3,0.22549828272109576,1
74,496,M,20s,book,mobile,3,399.52,6,0.7165944341570827,1
537,14,M,50s,book,mobile,20,117.03,4,0.6156487890267224,1
101,411,M,50s,food,tablet,6,329.56,2,0.3322331084852135,1
176,123,F,50s,fashion,tablet,7,381.32,4,0.12849992319858244,0
427,83,M,30s,food,tablet,15,64.29,3,0.023840323270410763,1
117,159,M,20s,sports,tablet,11,74.95,2,0.23723604863340836,0
166,494,M,50s,sports,mobile,0,185.13,3,0.15480304313910404,0
41,329,M,30s,sports,pc,5,154.33,8,0.3030403849386706,0
429,102,M,10s,book,mobile,0,399.63,8,0.3406464081706155,0
344,337,M,40s,book,pc,7,323.14,6,0.11391665163348022,0
424,83,M,20s,fashion,tablet,11,251.5,3,0.31093386849203214,1
366,44,F,30s,electronics,pc,15,57.67,4,0.27172016453706,0
120,68,M,40s,food,pc,0,60.72,3,0.16238219486109978,0
609,48,F,40s,electronics,pc,3,260.92,5,0.40143710876675154,0
657,57,F,30s,book,pc,18,442.02,9,0.12870126132547224,0
728,75,M,30s,food,mobile,17,388.66,2,0.16360277080439906,0
229,22,F,30s,book,tablet,7,441.38,6,0.11577582539789266,0
825,132,F,50s,fashion,tablet,5,284.75,5,0.09691263780232595,1
130,465,M,10s,food,pc,12,114.58,8,0.33527902224828493,0
352,456,F,50s,book,tablet,19,20.74,7,0.11972600557740243,0
889,302,M,40s,sports,mobile,2,470.44,8,0.18804921595473237,1
318,443,M,40s,sports,pc,14,240.24,6,0.1747665486982883,0
984,418,M,40s,book,tablet,5,430.21,7,0.2160084804153943,1
649,267,M,30s,electronics,tablet,5,367.83,9,0.3498774645555435,1
836,287,M,20s,fashion,pc,4,416.92,2,0.06785297870298129,0
337,395,M,50s,fashion,mobile,18,109.27,5,0.3789506764005019,1
273,120,M,20s,book,pc,9,341.32,9,0.14792992522647708,0
117,246,F,10s,fashion,pc,8,362.73,6,0.2185436042547854,0
818,56,M,10s,food,tablet,13,278.55,8,0.04411021866200342,1
368,38,F,50s,fashion,tablet,21,418.44,4,0.06300466416961727,0
94,245,M,40s,sports,pc,4,494.16,4,0.1548213225333484,0
168,21,M,10s,book,pc,6,10.22,5,0.2868095070464569,0
954,110,M,20s,food,tablet,16,230.22,5,0.17098173681042544,1
715,94,F,20s,fashion,pc,22,378.18,8,0.14952597501061113,0
341,394,F,30s,sports,mobile,16,364.2,8,0.03824180722112377,0
661,410,F,40s,electronics,pc,8,236.58,6,0.18530762421458094,0
914,475,F,30s,fashion,mobile,21,421.87,5,0.1533851541426329,0
695,136,F,50s,sports,pc,22,339.15,5,0.6298440269109177,0
925,231,F,10s,sports,pc,6,276.44,4,0.19242154071235726,0
152,8,M,30s,sports,pc,0,140.08,10,0.11543698685675854,0
586,444,M,30s,sports,tablet,1,186.84,4,0.03036242950665263,0
877,328,F,50s,electronics,tablet,9,494.58,5,0.05111224785617339,0
913,375,F,20s,book,tablet,18,453.53,12,0.3862562851914487,0
274,290,F,20s,sports,tablet,7,349.35,1,0.10171362209191256,0
554,251,F,50s,book,tablet,8,430.16,4,0.17340719795495962,0
496,400,F,20s,electronics,tablet,14,72.31,8,0.16324661417426253,1
724,361,M,50s,electronics,pc,10,137.45,5,0.2192058388414405,0
101,397,M,20s,food,mobile,23,443.15,4,0.22152955278772266,0
557,87,M,50s,food,tablet,11,238.08,3,0.03937512318125434,0
82,204,M,20s,sports,tablet,21,297.52,4,0.3520806498587443,1
529,219,M,30s,book,pc,17,442.41,6,0.08940761650171883,0
73,406,M,30s,electronics,tablet,1,204.98,8,0.08388400747210518,0
14,480,M,20s,fashion,pc,14,243.5,3,0.24322414104438425,0
433,241,M,50s,food,tablet,9,60.53,5,0.07853346768443842,0
157,411,F,30s,food,mobile,6,495.75,4,0.07115249152634402,0
735,320,F,10s,fashion,tablet,8,486.82,6,0.3009630791511838,0
132,258,M,20s,book,tablet,21,151.79,4,0.23774867879235112,1
338,109,M,10s,book,pc,16,426.98,4,0.2858407489596869,0
404,256,M,10s,book,tablet,13,369.85,4,0.37864024103676536,0
376,481,F,40s,sports,pc,8,77.56,5,0.03569540077052082,0
888,282,F,10s,sports,mobile,6,16.83,8,0.1919419559244089,0
559,220,M,10s,fashion,tablet,14,11.97,3,0.29150628434548254,0
107,83,F,40s,electronics,pc,2,37.53,4,0.17754528405689546,1
620,107,M,40s,fashion,mobile,1,315.56,4,0.1998891649373468,0
265,69,M,40s,electronics,mobile,2,248.62,2,0.19062635350393042,1
205,97,M,50s,fashion,pc,1,498.39,5,0.2650882638444441,0
79,212,M,40s,sports,pc,12,146.84,2,0.40167869581483945,0
155,286,M,50s,book,tablet,12,364.22,5,0.14771650847576284,1
783,237,F,20s,food,mobile,1,196.62,3,0.12847302224847185,0
988,8,M,50s,fashion,mobile,19,53.67,4,0.5096700229509021,1
997,294,M,20s,fashion,pc,21,439.19,3,0.3244337352040665,0
247,189,M,40s,food,mobile,18,203.0,6,0.46288701826271433,1
531,81,M,40s,fashion,pc,8,458.88,1,0.18648101319580504,0
858,108,F,20s,book,tablet,4,468.78,10,0.2810759398073608,0
948,321,M,30s,food,pc,20,410.97,5,0.2526755688668387,0
538,67,M,50s,food,tablet,6,18.7,7,0.1454056384198198,1
729,174,F,10s,book,pc,12,483.18,3,0.1188915098585162,0
154,346,M,40s,book,tablet,0,66.46,3,0.5815340126532812,1
154,351,M,50s,food,mobile,8,466.0,9,0.048976994939922885,0
686,328,M,50s,book,pc,1,305.24,7,0.24743845536052136,0
92,43,M,40s,book,pc,2,191.84,3,0.41086496715761484,1
433,187,F,20s,book,pc,11,362.05,2,0.1807806099265611,0
338,302,M,40s,food,tablet,4,255.9,5,0.28166344609260496,0
480,200,M,50s,fashion,pc,11,398.27,8,0.10841670972957425,0
693,381,F,30s,electronics,pc,3,259.32,4,0.18559327943282813,0
131,419,M,20s,food,mobile,20,187.61,4,0.050004721736290406,0
450,39,M,40s,electronics,pc,20,183.62,3,0.41882670663984267,0
993,220,F,10s,book,pc,11,180.28,3,0.14063597945656392,0
810,307,M,40s,book,pc,4,239.08,4,0.1004062239601,1
787,4,F,50s,fashion,pc,13,59.51,3,0.13207802357137854,1
273,121,M,50s,book,mobile,13,332.54,6,0.1447467371869383,0
929,336,F,10s,electronics,pc,9,173.98,5,0.23345119272836953,0
588,77,M,20s,food,pc,9,282.96,11,0.3436057511301525,0
177,468,M,50s,food,mobile,4,265.63,5,0.20925701974169275,1
696,179,F,20s,fashion,tablet,17,429.28,6,0.2511200281643155,0
831,133,M,20s,electronics,tablet,16,431.54,3,0.045650253994017086,0
643,311,F,40s,book,mobile,9,494.64,5,0.20811053701009521,0
875,229,F,20s,sports,mobile,10,124.58,4,0.040322893155746324,0
49,276,F,50s,fashion,tablet,14,22.06,1,0.250090533451178,0
567,152,F,50s,fashion,pc,23,215.33,4,0.05444695767331762,0
666,164,M,30s,sports,tablet,18,448.83,2,0.14674776571781945,0
355,290,F,20s,food,pc,11,302.12,1,0.16503812290215789,0
712,378,M,30s,food,mobile,15,189.89,3,0.10167203621272376,0
308,109,M,40s,food,mobile,22,387.2,5,0.18133398956717214,0
868,126,F,30s,sports,mobile,23,357.61,6,0.18871613986484698,0
885,240,F,20s,book,tablet,11,358.21,4,0.024867699466387335,1
630,310,M,50s,book,mobile,21,259.72,8,0.27407928001874526,0
775,418,F,40s,electronics,tablet,21,267.59,3,0.2739992356364381,0
46,467,M,20s,electronics,pc,18,280.13,5,0.04615743190192388,0
302,401,F,40s,food,pc,2,278.55,4,0.09241154279926492,1
868,389,M,10s,sports,pc,12,107.13,1,0.19449574931277444,0
912,345,M,20s,fashion,mobile,20,126.66,6,0.3660529000846215,1
408,146,F,10s,book,pc,21,190.14,5,0.17928205970758135,1
189,252,M,30s,sports,mobile,14,428.46,3,0.33850050032640183,1
822,183,M,20s,electronics,tablet,16,233.88,0,0.1673225184771523,0
830,309,F,10s,book,mobile,10,463.53,6,0.46885197360528985,1
129,306,F,50s,book,pc,22,397.73,4,0.5081259648824586,1
561,72,F,30s,sports,mobile,11,431.44,7,0.25128130357543377,0
537,219,F,20s,electronics,mobile,16,71.4,6,0.09824195954093874,0
266,207,F,20s,sports,tablet,21,78.65,9,0.30111516096424884,1
118,173,M,50s,fashion,mobile,22,122.13,5,0.2944441556894779,0
464,141,M,50s,book,pc,4,333.0,7,0.24049483271021377,0
144,272,F,10s,sports,mobile,4,240.76,4,0.15282968830816698,0
442,214,M,10s,sports,mobile,6,89.06,4,0.2512472105636224,0
200,468,M,10s,fashion,pc,2,374.16,4,0.20930102750321766,0
157,269,M,40s,sports,mobile,2,261.15,5,0.1154311963090286,0
487,20,M,30s,book,tablet,16,366.84,7,0.3889727353220233,0
860,66,M,20s,food,pc,23,455.19,7,0.07562718653944926,0
134,483,F,30s,food,pc,1,457.8,8,0.07353294281019006,0
912,303,F,50s,electronics,mobile,14,154.05,4,0.08463691709294681,1
148,147,M,30s,fashion,tablet,18,83.47,4,0.3837997709701882,0
336,429,M,30s,electronics,tablet,22,219.74,5,0.23775054989988748,0
71,165,F,10s,food,pc,9,46.52,4,0.24990102809178602,0
233,378,F,50s,fashion,pc,10,26.76,7,0.04469710578348056,0
334,310,F,30s,sports,mobile,23,489.17,6,0.13972354762631634,0
811,6,F,20s,sports,pc,8,486.05,9,0.4069727500665788,0
666,14,M,10s,book,tablet,13,179.13,8,0.054875216923027575,1
90,132,F,30s,food,mobile,23,411.16,10,0.1249342536948667,0
334,342,F,50s,sports,mobile,6,115.6,3,0.12994801006237713,0
199,243,M,20s,fashion,tablet,9,211.56,4,0.4291350925336285,0
161,439,F,50s,sports,tablet,0,364.59,7,0.3423026467837183,0
538,231,F,50s,electronics,pc,0,277.52,11,0.07469134595182018,1
121,228,F,50s,electronics,tablet,13,411.45,2,0.2922320455763056,0
301,162,F,40s,electronics,mobile,7,490.12,8,0.2990514404679879,0
724,283,F,20s,electronics,mobile,13,9.46,9,0.2956707020709673,1
575,263,M,50s,electronics,tablet,6,462.64,9,0.7233945721234107,0
963,131,M,40s,book,pc,17,209.66,6,0.12159823414794182,1
436,431,M,10s,electronics,mobile,22,206.93,5,0.1799285224801964,0
68,225,M,40s,book,pc,8,5.33,6,0.15370310269789067,0
765,258,M,10s,book,tablet,14,418.0,3,0.2221372642822413,0
922,234,F,40s,sports,pc,0,380.7,3,0.2637113827828047,1
459,336,F,50s,fashion,mobile,10,447.54,2,0.40147952370562984,0
514,409,F,40s,electronics,tablet,18,87.84,4,0.12588179681486542,0
398,316,F,40s,fashion,mobile,9,111.48,8,0.18756368639133297,0
620,463,F,50s,food,mobile,17,155.25,5,0.14031658564442495,1
286,24,F,10s,book,tablet,21,267.45,8,0.15098140144892563,0
561,271,F,50s,food,pc,3,175.83,4,0.19631772862599117,0
140,95,F,20s,book,tablet,17,153.36,4,0.23636213261844205,0
730,142,F,40s,electronics,mobile,17,95.43,9,0.41924452131985995,0
556,182,F,20s,food,mobile,21,83.8,3,0.17054662218618563,0
929,206,F,50s,sports,mobile,21,239.11,5,0.2981685972098807,0
781,390,F,50s,food,tablet,19,225.72,5,0.1418772451651754,0
590,462,F,30s,book,tablet,11,393.64,3,0.3287159279935659,0
728,81,M,20s,book,tablet,8,412.79,4,0.3270983025212486,0
894,274,F,30s,fashion,tablet,17,351.8,7,0.0581119785902678,0
610,276,M,20s,food,pc,5,416.45,10,0.2891440415535445,0
748,371,F,30s,sports,mobile,22,58.88,7,0.12260035189321654,0
282,446,F,30s,electronics,pc,18,231.59,7,0.11694819591199686,1
661,465,F,20s,fashion,mobile,19,146.79,6,0.20557785674913087,0
924,208,M,50s,food,mobile,22,129.64,7,0.2782590052177693,1
816,296,M,10s,fashion,pc,14,357.78,3,0.11858081074133607,0
996,39,F,50s,food,tablet,4,416.46,7,0.5019209572126373,0
936,436,F,10s,electronics,mobile,10,61.79,3,0.160761337048047,0
578,288,F,20s,electronics,tablet,12,66.43,2,0.14705890172473865,1
746,124,F,40s,sports,pc,1,321.5,6,0.367573077832202,0
457,364,M,50s,fashion,mobile,7,76.43,4,0.10508036929458045,1
87,457,M,30s,sports,tablet,10,385.35,6,0.12488471293285429,0
79,283,F,50s,food,pc,17,415.2,1,0.6140127113793578,0
205,366,M,20s,electronics,mobile,9,263.81,1,0.14573980388506533,0
791,180,M,40s,electronics,pc,0,454.66,3,0.01680342779858927,0
337,97,F,40s,book,tablet,3,15.07,8,0.38796428807791516,0
254,191,F,50s,book,mobile,16,117.07,3,0.10745122391424414,1
304,74,F,50s,sports,mobile,16,387.6,5,0.4025127049418162,0
380,447,M,50s,fashion,mobile,4,478.86,6,0.24049953158399962,0
130,273,F,20s,food,pc,22,480.49,5,0.1421621647408159,0
596,497,M,10s,sports,pc,2,5.2,3,0.08479995780262056,0
276,49,F,10s,electronics,pc,6,317.77,8,0.4436224462202596,1
699,484,F,30s,electronics,pc,4,18.53,6,0.282372472428034,0
558,337,M,20s,electronics,tablet,9,351.66,6,0.35645734166690785,0
899,210,M,40s,food,pc,23,385.18,7,0.17098753416625337,0
183,116,M,30s,sports,pc,6,429.54,3,0.20501666488531275,0
268,23,M,40s,food,pc,16,267.07,5,0.3754343130030011,0
808,98,M,40s,electronics,tablet,16,425.81,6,0.11721618805800615,0
322,328,M,50s,book,tablet,6,462.3,5,0.15143354795165348,0
512,397,F,40s,sports,mobile,5,268.95,5,0.34494514656744374,1
612,407,M,40s,book,pc,8,264.44,4,0.2173853370890181,0
78,313,M,20s,sports,mobile,7,255.4,4,0.2105657069226434,0
784,190,F,50s,electronics,mobile,13,254.79,4,0.09445205079441542,1
339,182,M,50s,book,tablet,21,388.39,5,0.04801003120400353,0
674,148,M,30s,book,tablet,5,38.33,7,0.07013979603772962,0
556,342,F,50s,sports,mobile,8,228.98,7,0.1901056100604646,0
509,495,F,10s,book,mobile,19,264.37,3,0.14861066466983647,1
238,436,F,20s,book,pc,10,111.16,5,0.4196220988882261,0
134,23,M,30s,electronics,tablet,10,272.93,5,0.19220842732366727,0
973,105,F,10s,sports,tablet,7,230.55,2,0.08786605287427557,0
192,163,M,40s,sports,mobile,2,370.1,2,0.14273209121971595,0
356,67,F,10s,fashion,tablet,10,179.88,6,0.24353515142739002,0
278,290,M,30s,sports,mobile,3,475.14,17,0.11088130294667302,0
18,289,F,50s,electronics,mobile,22,209.8,4,0.13878531303804825,1
524,46,F,20s,book,tablet,2,317.29,3,0.07740548176441411,0
180,81,F,30s,fashion,pc,12,114.73,4,0.033555322856049126,0
123,429,M,10s,book,tablet,18,345.89,1,0.2643121300547078,0
246,147,M,10s,sports,mobile,7,259.36,4,0.20169366252936038,0
734,222,F,30s,food,mobile,20,174.41,5,0.24576711935565188,0
373,343,F,30s,book,pc,20,177.22,5,0.14033919214664115,0
51,15,F,30s,sports,mobile,23,190.85,2,0.2140830920985272,0
1000,379,F,50s,electronics,pc,21,221.54,3,0.13924935876455363,0
71,121,M,30s,sports,tablet,20,127.59,5,0.20089285740013876,1
480,78,F,40s,fashion,pc,0,142.31,4,0.06565988951270207,0
560,322,F,20s,food,mobile,20,479.39,4,0.051033837348124785,0
19,295,M,20s,food,mobile,7,154.12,4,0.08957657940142155,0
774,241,M,40s,food,pc,8,315.32,4,0.16229992700526186,0
84,18,F,10s,electronics,tablet,5,175.94,9,0.33284409920311786,0
155,256,F,10s,food,pc,10,406.37,3,0.40865536208905495,0
565,454,M,10s,book,mobile,9,349.49,5,0.22702206118961984,1
619,443,M,10s,electronics,tablet,2,167.47,1,0.14859991238245998,0
357,416,F,50s,sports,pc,7,359.73,4,0.2141461686932993,0
816,277,M,40s,fashion,pc,4,379.59,7,0.2247215126047912,0
647,424,M,20s,electronics,pc,1,73.45,6,0.24192443608926203,1
443,476,F,40s,fashion,mobile,15,291.18,4,0.21443859480607144,0
69,27,F,20s,electronics,mobile,0,404.84,9,0.1977431258448896,1
523,2,M,10s,sports,mobile,23,29.92,3,0.1610556994945771,0
143,353,F,50s,fashion,tablet,1,256.39,4,0.044927391887344285,0
192,464,F,30s,electronics,tablet,2,420.72,4,0.3056076228599042,0
387,295,F,30s,fashion,tablet,8,476.62,3,0.28084110883432684,0
378,470,F,10s,food,mobile,16,329.71,1,0.14960046476263758,1
581,312,F,10s,food,tablet,23,167.26,2,0.06733570957228134,0
535,363,M,40s,food,tablet,11,304.4,5,0.1463475204621392,0
693,383,M,50s,book,pc,1,18.54,7,0.12788283492315378,0
293,239,F,50s,food,mobile,23,230.65,4,0.273891648107314,0
9,13,F,40s,food,pc,1,365.03,3,0.5543906798534018,0
271,382,F,50s,sports,mobile,22,22.92,5,0.10085341115809997,0
387,184,M,50s,fashion,mobile,18,303.6,4,0.09598441257085197,0
93,194,M,30s,fashion,tablet,19,296.22,6,0.29677888065423474,0
966,462,M,50s,food,pc,16,98.89,3,0.2184757233229184,0
529,56,M,10s,fashion,pc,16,286.77,1,0.24996064070846083,0
154,230,F,30s,electronics,tablet,12,207.68,4,0.160383905998565,0
405,489,F,10s,food,pc,11,242.02,6,0.38693495467804984,0
840,28,M,10s,food,pc,10,166.08,7,0.12340916506299268,0
149,320,M,40s,book,mobile,10,406.12,5,0.22481112881440363,1
889,71,F,50s,electronics,pc,23,186.0,6,0.16774941934652676,0
267,210,F,50s,food,pc,7,396.45,3,0.14486500916207168,0
422,448,F,50s,food,mobile,17,42.9,4,0.172769204422391,0
840,184,F,50s,fashion,tablet,3,142.9,2,0.04382765388626991,0
618,425,F,30s,food,mobile,17,204.32,3,0.12509314803716068,0
472,375,M,20s,food,tablet,14,205.27,7,0.23637382101613508,0
893,356,F,10s,food,tablet,23,223.44,2,0.19727853015536717,0
547,41,M,20s,food,mobile,6,327.93,7,0.14020838756312864,1
631,484,M,20s,book,mobile,22,289.16,3,0.011492664906492102,0
526,492,F,20s,electronics,tablet,14,262.92,6,0.1548252477252571,1
503,260,M,30s,book,mobile,18,419.65,5,0.2578375316601078,1
14,441,M,20s,fashion,mobile,20,102.1,8,0.11878538640474032,1
778,414,F,30s,sports,pc,16,430.82,7,0.6070443417680961,0
652,344,M,40s,food,mobile,9,406.66,2,0.13117470146861282,0
806,84,F,40s,fashion,mobile,10,101.87,7,0.2602485073888496,0
364,46,F,40s,sports,pc,13,313.91,5,0.023133093088517503,0
119,440,M,30s,food,tablet,3,115.52,9,0.1654059977529148,0
238,159,F,30s,food,tablet,3,471.7,6,0.04962654074501526,0
546,344,F,10s,sports,mobile,0,249.01,6,0.1555280567316139,1
169,7,M,20s,book,mobile,11,105.84,4,0.2807808778456173,0
522,474,F,50s,sports,tablet,6,319.87,1,0.1156681450679507,0
634,333,M,50s,sports,mobile,4,355.07,4,0.12370433468078101,0
913,438,M,20s,electronics,tablet,0,304.46,3,0.06294498509357507,0
657,136,F,50s,food,tablet,20,124.64,2,0.08446136375869158,0
963,183,M,50s,food,pc,23,368.93,7,0.09684788656381595,0
958,197,F,50s,book,pc,7,465.13,5,0.20588262875209556,0
735,172,M,30s,book,mobile,17,476.31,6,0.25657599944740606,0
883,397,F,30s,electronics,mobile,12,341.34,4,0.11075063104082286,0
769,349,F,30s,electronics,tablet,16,420.92,3,0.07129058826869616,0
780,276,M,20s,electronics,mobile,1,489.42,3,0.21373068599504666,0
871,78,M,40s,book,pc,5,26.47,10,0.24639530659899173,0
516,416,F,50s,sports,tablet,20,241.11,2,0.2295881851680946,0
938,444,F,10s,food,tablet,3,149.25,5,0.03284604969431778,0
397,178,M,30s,food,mobile,7,240.02,8,0.022115248319956878,0
866,27,F,10s,fashion,tablet,14,458.87,2,0.27451568431351786,0
106,120,F,50s,book,tablet,4,491.78,4,0.1227274084357737,0
85,281,M,40s,book,tablet,19,452.94,3,0.09500736890503741,1
214,308,M,10s,electronics,pc,10,102.57,8,0.30274603722874044,1
121,196,F,50s,fashion,tablet,7,402.42,9,0.0034780671556149285,0
132,277,M,50s,fashion,pc,16,409.74,7,0.1553666908164304,0
850,18,M,30s,book,tablet,8,291.79,6,0.140006374002317,1
197,295,F,40s,electronics,mobile,17,358.87,5,0.11931820857952885,0
19,271,M,50s,food,mobile,13,453.15,3,0.024221050206185958,0
642,53,M,40s,electronics,tablet,23,497.11,5,0.24892730299696833,0
12,294,F,30s,food,mobile,8,24.83,3,0.06907809107648988,0
81,432,M,10s,book,pc,9,132.3,8,0.3018556042876031,0
330,52,F,20s,electronics,tablet,23,467.62,3,0.25815608682364943,0
866,216,M,20s,fashion,pc,19,167.93,4,0.40090652563049234,0
774,72,M,20s,sports,tablet,1,57.71,4,0.16462957850116652,0
392,28,F,40s,fashion,pc,2,160.07,2,0.2351832058959344,0
637,469,M,20s,food,mobile,23,261.66,2,0.015940740995579464,0
307,400,M,10s,book,pc,4,196.12,5,0.19498418816012478,0
267,252,M,50s,electronics,pc,3,395.21,8,0.26173941634834047,0
447,374,M,40s,book,mobile,2,307.46,5,0.3710012801253439,0
441,400,M,10s,book,mobile,18,220.28,5,0.13962681944869287,1
895,35,M,40s,food,tablet,9,498.64,6,0.13719642957172243,0
652,401,F,40s,book,tablet,6,443.54,11,0.2639991057887985,1
841,201,M,40s,electronics,pc,11,431.82,10,0.06455398314285839,0
2,249,M,30s,fashion,tablet,7,285.79,2,0.09271225305356545,0
520,99,F,50s,book,pc,4,391.06,2,0.17946885042634586,0
762,308,F,20s,electronics,tablet,23,171.26,3,0.12239238430249759,1
651,477,F,30s,electronics,mobile,12,168.28,5,0.15990253218952633,1
636,487,M,50s,food,mobile,8,446.57,7,0.3349813964798362,0
309,466,F,20s,book,mobile,3,300.43,7,0.12297746408332444,0
740,140,F,30s,food,mobile,1,175.08,2,0.16607745612196267,0
522,83,M,30s,fashion,pc,4,423.43,6,0.08615534065046895,1
469,48,F,10s,fashion,mobile,1,224.06,3,0.09164583694689381,0
212,278,M,30s,electronics,mobile,17,202.99,9,0.16300706218224795,0
112,379,M,40s,book,mobile,5,17.95,4,0.01923552733221613,0
8,248,M,30s,electronics,mobile,10,341.11,4,0.035619414395760156,0
804,383,M,40s,book,tablet,9,268.66,1,0.18425830500980706,0
477,177,M,50s,food,pc,0,159.36,1,0.1848663598488936,0
874,52,F,50s,fashion,pc,1,73.95,0,0.2077030854226882,1
460,79,M,40s,fashion,tablet,20,95.3,1,0.19432241207859563,1
253,385,F,10s,food,tablet,9,116.31,3,0.14441799553043771,0
526,322,M,10s,sports,pc,4,433.28,3,0.2044328742817544,0
752,64,F,50s,sports,pc,11,242.91,9,0.27531617931741736,0
438,8,M,30s,sports,tablet,18,349.27,3,0.29885219341138325,0
754,214,M,50s,book,mobile,20,233.35,10,0.18961000345907444,0
981,25,M,50s,food,pc,1,239.5,5,0.17329505277797091,0
854,450,F,40s,book,tablet,5,411.96,13,0.16417958480277658,0
661,256,F,10s,book,mobile,14,386.72,7,0.16552573139186771,0
236,243,F,40s,food,mobile,7,119.91,4,0.22421338065216806,0
306,457,M,50s,book,tablet,15,314.73,7,0.0925744661232786,0
478,457,M,20s,food,pc,18,341.69,4,0.16247871682673035,0
679,461,F,30s,sports,pc,17,205.38,5,0.12116259628036004,0
20,198,M,50s,sports,mobile,16,38.82,5,0.2708501929065891,0
216,94,F,40s,book,tablet,0,188.85,2,0.03113726966460448,0
855,207,M,20s,fashion,mobile,10,182.36,5,0.24019158949637462,0
135,435,F,20s,food,mobile,3,346.86,6,0.2544812568743067,0
905,437,F,50s,electronics,mobile,5,405.71,2,0.03389951378695732,0
129,15,M,10s,electronics,tablet,6,201.03,5,0.05924609247885778,0
410,178,F,20s,book,pc,7,324.63,5,0.053930765227423925,0
422,455,M,30s,fashion,mobile,23,323.2,2,0.26979074014487475,0
294,378,M,40s,food,pc,9,325.84,8,0.2472941724552597,0
246,75,M,40s,sports,pc,16,279.38,7,0.23131598498739295,0
701,104,F,40s,book,tablet,11,316.46,4,0.22574832708500814,0
556,294,F,50s,food,pc,7,434.51,8,0.14187219412170596,0
86,168,F,40s,food,pc,11,461.31,8,0.15639121712116316,0
556,450,M,40s,food,mobile,16,50.44,5,0.07664209292360276,0
842,115,M,30s,fashion,tablet,2,10.82,5,0.07691100159452713,0
375,496,F,10s,food,tablet,13,261.86,8,0.3021012350335145,0
446,39,M,50s,fashion,mobile,11,209.34,3,0.014009563573612244,0
378,458,M,50s,fashion,mobile,4,228.33,2,0.07922570159244782,1
390,364,F,40s,food,pc,12,231.96,5,0.16144414741787655,1
657,273,F,30s,sports,pc,10,448.12,8,0.19447840578672287,0
51,135,M,20s,food,tablet,15,320.13,9,0.20870462159216216,1
242,374,M,40s,sports,tablet,9,223.96,7,0.18813750075250923,0
294,232,F,40s,book,pc,23,230.12,5,0.16835970020370322,0
920,39,F,50s,electronics,mobile,7,423.03,4,0.18552085024981008,0
563,452,M,50s,book,tablet,5,112.44,5,0.23936011630387222,1
266,291,M,40s,fashion,mobile,19,12.3,3,0.1706882334011092,0
120,307,M,50s,book,pc,19,241.69,5,0.07788889320073047,0
712,47,F,30s,electronics,tablet,23,480.43,3,0.1239367887410684,0
917,36,M,20s,electronics,tablet,2,408.11,4,0.2647816311283915,1
248,320,M,20s,sports,pc,23,207.16,6,0.21889195988555538,0
70,95,M,20s,book,pc,19,91.67,6,0.26698213130951676,0
853,473,M,40s,fashion,mobile,9,287.22,6,0.4049800223342272,0
57,361,M,40s,fashion,mobile,17,440.45,9,0.12372881358295888,0
382,13,M,40s,sports,pc,9,360.05,3,0.22920723363447562,0
39,146,F,30s,sports,pc,12,272.4,6,0.1834469795957469,0
984,405,F,20s,book,pc,13,368.76,1,0.12936491764520314,0
801,368,F,50s,sports,tablet,0,482.5,3,0.22681632592633155,0
443,65,M,50s,electronics,pc,19,278.58,1,0.1916457248395143,0
18,228,F,10s,fashion,tablet,14,279.9,5,0.2117040117822032,0
952,242,M,10s,electronics,pc,11,241.91,7,0.21387034427847543,0
732,8,M,50s,food,tablet,15,285.47,10,0.35145679884338366,0
825,500,M,20s,electronics,mobile,6,319.41,7,0.30481763235592296,0
756,304,M,40s,fashion,mobile,13,106.12,5,0.1749107088315091,1
352,341,M,50s,food,tablet,8,286.17,5,0.12751587473647508,0
972,43,F,50s,book,mobile,8,11.66,4,0.34457571979800056,1
816,244,F,10s,food,mobile,9,469.28,4,0.19427723987692297,0
298,181,F,20s,sports,tablet,8,23.73,8,0.176956800918066,0
283,85,M,50s,fashion,pc,15,479.29,8,0.1687914283577955,0
586,155,F,40s,sports,pc,22,484.65,3,0.02176746265885704,0
110,275,M,40s,electronics,tablet,7,265.76,5,0.31258807539292405,0
180,23,F,30s,book,mobile,1,169.55,5,0.22229495248143433,1
938,115,F,40s,fashion,pc,17,96.55,5,0.3109910845862397,1
544,306,F,50s,book,pc,23,85.28,4,0.1835865325372606,0
746,435,F,50s,fashion,mobile,17,122.78,9,0.39035982886679327,1
794,299,F,40s,sports,tablet,11,240.72,5,0.10505277967721935,0
25,99,F,10s,electronics,tablet,23,372.73,9,0.325440643853215,1
843,104,M,20s,food,pc,2,202.37,3,0.021552112345606802,0
791,372,M,50s,book,tablet,1,391.6,3,0.23913359226288045,0
738,51,M,40s,fashion,mobile,5,284.47,6,0.24936102720279754,0
57,362,M,40s,fashion,tablet,5,14.54,1,0.2861990208397301,0
180,112,M,50s,book,tablet,16,70.24,2,0.4062458286640275,0
232,453,F,30s,food,tablet,15,288.26,7,0.2340622147751562,0
894,244,M,20s,electronics,tablet,22,84.78,5,0.07969011899201235,1
343,169,M,50s,fashion,mobile,12,306.11,2,0.09371136017146578,0
477,72,M,40s,fashion,tablet,11,225.41,4,0.017804691991339175,0
799,139,M,30s,book,pc,10,346.59,4,0.058196968750109976,0
576,336,M,50s,book,tablet,14,149.26,4,0.4716133028763378,0
455,231,M,20s,fashion,pc,16,411.7,3,0.17250656183568205,0
232,239,M,30s,fashion,mobile,19,197.5,7,0.17316776572579892,1
289,472,M,40s,fashion,tablet,21,399.34,10,0.2542887901766818,0
213,253,M,10s,sports,pc,23,14.59,4,0.18213327871905297,0
258,469,F,20s,fashion,tablet,7,199.58,6,0.1439695308084052,0
530,436,M,30s,electronics,tablet,6,113.99,11,0.12062883824175522,1
687,407,M,50s,electronics,pc,10,224.62,6,0.21750605919706226,0
929,49,F,50s,food,mobile,20,473.67,2,0.06606647341153478,0
229,422,F,30s,book,mobile,21,83.68,3,0.13983258432148732,0
226,303,M,50s,food,mobile,7,48.56,4,0.17288486393838745,0
596,72,M,30s,fashion,mobile,18,33.96,7,0.10109236677129849,0
803,263,M,20s,book,mobile,5,66.06,6,0.152809421300465,0
435,322,F,50s,fashion,mobile,19,35.67,4,0.08900425153062777,0
882,222,M,20s,book,tablet,18,343.95,6,0.04219773010861916,0
758,77,F,40s,sports,tablet,18,63.11,4,0.15950460635570196,1
402,62,F,40s,sports,pc,3,102.73,10,0.16285888586526226,1
622,471,F,40s,sports,mobile,21,324.54,10,0.2050977392738017,0
766,157,F,40s,food,mobile,14,225.85,3,0.5333392986286417,0
88,294,F,50s,book,mobile,16,32.06,0,0.03464453808830446,0
584,125,M,30s,food,pc,17,485.48,6,0.2220157546152475,0
893,229,M,50s,book,tablet,19,301.97,6,0.235273013472608,0
542,340,F,50s,fashion,tablet,11,308.83,5,0.09791942935642749,0
684,161,F,20s,sports,mobile,9,427.03,7,0.18356617748598722,0
309,29,F,30s,sports,tablet,8,455.0,2,0.06943235778744641,0
906,114,F,10s,book,tablet,7,33.26,4,0.16989275813268329,0
343,79,M,10s,food,tablet,7,38.83,3,0.1427565703248439,0
436,23,F,30s,food,mobile,10,389.39,5,0.031258533407226896,0
177,106,F,10s,electronics,tablet,22,349.44,4,0.38748746605657985,1
139,131,M,30s,sports,tablet,11,112.32,5,0.10688124434560176,0
194,357,M,20s,sports,pc,21,164.01,7,0.1410434839778042,1
186,477,M,20s,food,mobile,22,307.47,3,0.1350274098212237,0
218,173,M,50s,sports,tablet,5,395.55,7,0.23922620666502542,0
164,264,F,10s,food,mobile,2,303.56,2,0.053733107068346164,0
161,342,F,30s,electronics,tablet,14,397.02,1,0.07002321959643636,0
943,373,F,20s,book,mobile,5,118.17,8,0.2655071956379266,0
525,285,F,50s,book,tablet,6,168.9,7,0.4475440216900131,1
808,2,F,10s,electronics,tablet,5,55.3,7,0.5054599902311082,0
601,233,F,10s,sports,pc,1,492.48,6,0.2056095862968445,0
836,369,F,10s,fashion,mobile,5,405.45,4,0.2707038652905684,0
42,251,F,20s,sports,tablet,1,359.32,5,0.30756630984283123,1
915,434,F,20s,food,pc,0,101.43,4,0.1674872906412348,0
210,493,M,10s,fashion,pc,14,350.85,7,0.04970479273184524,0
741,321,F,20s,electronics,mobile,9,431.89,5,0.11547577658335009,1
862,108,M,10s,book,mobile,9,406.12,4,0.21099814661409771,0
275,276,M,40s,book,pc,9,378.57,4,0.3992007561677802,1
